序号	Emoji	建议分类	展示方式	主网格代表	原始界面位置	图片文件	图片存在	CodePoint	Unicode分组	Unicode子组	Unicode状态	中文名	英文名
1	😀	笑脸	主网格	😀	Emoji·表情与人物 / 第 28 行	1f600.png	是	U+1F600	Smileys & Emotion	face-smiling	fully-qualified	嘿嘿	GRINNING FACE
2	😃	笑脸	主网格	😃	Emoji·表情与人物 / 第 28 行	1f603.png	是	U+1F603	Smileys & Emotion	face-smiling	fully-qualified	哈哈	SMILING FACE WITH OPEN MOUTH
3	😄	笑脸	主网格	😄	Emoji·表情与人物 / 第 28 行	1f604.png	是	U+1F604	Smileys & Emotion	face-smiling	fully-qualified	大笑	SMILING FACE WITH OPEN MOUTH AND SMILING EYES
4	😁	笑脸	主网格	😁	Emoji·表情与人物 / 第 28 行	1f601.png	是	U+1F601	Smileys & Emotion	face-smiling	fully-qualified	嘻嘻	GRINNING FACE WITH SMILING EYES
5	😆	笑脸	主网格	😆	Emoji·表情与人物 / 第 28 行	1f606.png	是	U+1F606	Smileys & Emotion	face-smiling	fully-qualified	斜眼笑	SMILING FACE WITH OPEN MOUTH AND TIGHTLY-CLOSED EYES
6	😅	笑脸	主网格	😅	Emoji·表情与人物 / 第 28 行	1f605.png	是	U+1F605	Smileys & Emotion	face-smiling	fully-qualified	苦笑	SMILING FACE WITH OPEN MOUTH AND COLD SWEAT
7	🤣	笑脸	主网格	🤣	Emoji·符号与旗帜 / 第 68 行	1f923.png	是	U+1F923	Smileys & Emotion	face-smiling	fully-qualified	笑得满地打滚	ROLLING ON THE FLOOR LAUGHING
8	😂	笑脸	主网格	😂	Emoji·表情与人物 / 第 28 行	1f602.png	是	U+1F602	Smileys & Emotion	face-smiling	fully-qualified	笑哭了	FACE WITH TEARS OF JOY
9	🙂	笑脸	主网格	🙂	Emoji·表情与人物 / 第 32 行	1f642.png	是	U+1F642	Smileys & Emotion	face-smiling	fully-qualified	呵呵	SLIGHTLY SMILING FACE
10	🙃	笑脸	主网格	🙃	Emoji·表情与人物 / 第 32 行	1f643.png	是	U+1F643	Smileys & Emotion	face-smiling	fully-qualified	倒脸	UPSIDE-DOWN FACE
11	🫠	笑脸	主网格	🫠	Emoji·表情与人物 / 第 36 行	1fae0.png	是	U+1FAE0	Smileys & Emotion	face-smiling	fully-qualified	融化	MELTING FACE
12	😉	笑脸	主网格	😉	Emoji·表情与人物 / 第 28 行	1f609.png	是	U+1F609	Smileys & Emotion	face-smiling	fully-qualified	眨眼	WINKING FACE
13	😊	笑脸	主网格	😊	Emoji·表情与人物 / 第 29 行	1f60a.png	是	U+1F60A	Smileys & Emotion	face-smiling	fully-qualified	羞涩微笑	SMILING FACE WITH SMILING EYES
14	😇	笑脸	主网格	😇	Emoji·表情与人物 / 第 28 行	1f607.png	是	U+1F607	Smileys & Emotion	face-smiling	fully-qualified	微笑天使	SMILING FACE WITH HALO
15	🥰	笑脸	主网格	🥰	Emoji·表情与人物 / 第 2 行	1f970.png	是	U+1F970	Smileys & Emotion	face-affection	fully-qualified	喜笑颜开	SMILING FACE WITH SMILING EYES AND THREE HEARTS
16	😍	笑脸	主网格	😍	Emoji·表情与人物 / 关系与家庭	1f60d.png	是	U+1F60D	Smileys & Emotion	face-affection	fully-qualified	花痴	SMILING FACE WITH HEART-SHAPED EYES
17	🤩	笑脸	主网格	🤩	Emoji·表情与人物 / 第 34 行	1f929.png	是	U+1F929	Smileys & Emotion	face-affection	fully-qualified	好崇拜哦	GRINNING FACE WITH STAR EYES
18	😘	笑脸	主网格	😘	Emoji·表情与人物 / 第 2 行	1f618.png	是	U+1F618	Smileys & Emotion	face-affection	fully-qualified	飞吻	FACE THROWING A KISS
19	😗	笑脸	主网格	😗	Emoji·表情与人物 / 第 2 行	1f617.png	是	U+1F617	Smileys & Emotion	face-affection	fully-qualified	亲亲	KISSING FACE
20	☺️	笑脸	主网格	☺️	Emoji·表情与人物 / 第 23 行	263a.png	是	U+263A U+FE0F	Smileys & Emotion	face-affection	fully-qualified	微笑	WHITE SMILING FACE
21	☺	笑脸	呈现别名（不重复显示）	☺️	Emoji·表情与人物 / 第 36 行	263a.png	是	U+263A	Smileys & Emotion	face-affection	unqualified	微笑	WHITE SMILING FACE
22	😚	笑脸	主网格	😚	Emoji·表情与人物 / 第 2 行	1f61a.png	是	U+1F61A	Smileys & Emotion	face-affection	fully-qualified	羞涩亲亲	KISSING FACE WITH CLOSED EYES
23	😙	笑脸	主网格	😙	Emoji·表情与人物 / 第 2 行	1f619.png	是	U+1F619	Smileys & Emotion	face-affection	fully-qualified	微笑亲亲	KISSING FACE WITH SMILING EYES
24	🥲	笑脸	主网格	🥲	Emoji·表情与人物 / 第 34 行	1f972.png	是	U+1F972	Smileys & Emotion	face-affection	fully-qualified	含泪的笑脸	SMILING FACE WITH TEAR
25	😋	笑脸	主网格	😋	Emoji·表情与人物 / 第 29 行	1f60b.png	是	U+1F60B	Smileys & Emotion	face-tongue	fully-qualified	好吃	FACE SAVOURING DELICIOUS FOOD
26	😛	笑脸	主网格	😛	Emoji·表情与人物 / 第 30 行	1f61b.png	是	U+1F61B	Smileys & Emotion	face-tongue	fully-qualified	吐舌	FACE WITH STUCK-OUT TONGUE
27	😜	笑脸	主网格	😜	Emoji·表情与人物 / 第 30 行	1f61c.png	是	U+1F61C	Smileys & Emotion	face-tongue	fully-qualified	眨眼吐舌	FACE WITH STUCK-OUT TONGUE AND WINKING EYE
28	🤪	笑脸	主网格	🤪	Emoji·表情与人物 / 第 34 行	1f92a.png	是	U+1F92A	Smileys & Emotion	face-tongue	fully-qualified	滑稽	GRINNING FACE WITH ONE LARGE AND ONE SMALL EYE
29	😝	笑脸	主网格	😝	Emoji·表情与人物 / 第 30 行	1f61d.png	是	U+1F61D	Smileys & Emotion	face-tongue	fully-qualified	眯眼吐舌	FACE WITH STUCK-OUT TONGUE AND TIGHTLY-CLOSED EYES
30	🤑	笑脸	主网格	🤑	Emoji·表情与人物 / 第 33 行	1f911.png	是	U+1F911	Smileys & Emotion	face-tongue	fully-qualified	发财	MONEY-MOUTH FACE
31	🤗	笑脸	主网格	🤗	Emoji·表情与人物 / 第 33 行	1f917.png	是	U+1F917	Smileys & Emotion	face-hand	fully-qualified	抱抱	HUGGING FACE
32	🤭	笑脸	主网格	🤭	Emoji·表情与人物 / 第 6 行	1f92d.png	是	U+1F92D	Smileys & Emotion	face-hand	fully-qualified	不说	SMILING FACE WITH SMILING EYES AND HAND COVERING MOUTH
33	🫢	笑脸	主网格	🫢	Emoji·表情与人物 / 第 7 行	1fae2.png	是	U+1FAE2	Smileys & Emotion	face-hand	fully-qualified	睁眼捂嘴	FACE WITH OPEN EYES AND HAND OVER MOUTH
34	🫣	笑脸	主网格	🫣	Emoji·表情与人物 / 第 36 行	1fae3.png	是	U+1FAE3	Smileys & Emotion	face-hand	fully-qualified	偷看	FACE WITH PEEKING EYE
35	🤫	笑脸	主网格	🤫	Emoji·表情与人物 / 第 6 行	1f92b.png	是	U+1F92B	Smileys & Emotion	face-hand	fully-qualified	安静的脸	FACE WITH FINGER COVERING CLOSED LIPS
36	🤔	笑脸	主网格	🤔	Emoji·表情与人物 / 第 33 行	1f914.png	是	U+1F914	Smileys & Emotion	face-hand	fully-qualified	想一想	THINKING FACE
37	🫡	笑脸	主网格	🫡	Emoji·表情与人物 / 第 36 行	1fae1.png	是	U+1FAE1	Smileys & Emotion	face-hand	fully-qualified	致敬	SALUTING FACE
38	🤐	笑脸	主网格	🤐	Emoji·表情与人物 / 第 33 行	1f910.png	是	U+1F910	Smileys & Emotion	face-neutral-skeptical	fully-qualified	闭嘴	ZIPPER-MOUTH FACE
39	🤨	笑脸	主网格	🤨	Emoji·表情与人物 / 第 34 行	1f928.png	是	U+1F928	Smileys & Emotion	face-neutral-skeptical	fully-qualified	挑眉	FACE WITH ONE EYEBROW RAISED
40	😐	笑脸	主网格	😐	Emoji·表情与人物 / 第 29 行	1f610.png	是	U+1F610	Smileys & Emotion	face-neutral-skeptical	fully-qualified	冷漠	NEUTRAL FACE
41	😑	笑脸	主网格	😑	Emoji·表情与人物 / 第 29 行	1f611.png	是	U+1F611	Smileys & Emotion	face-neutral-skeptical	fully-qualified	无语	EXPRESSIONLESS FACE
42	😶	笑脸	主网格	😶	Emoji·表情与人物 / 第 24 行	1f636.png	是	U+1F636	Smileys & Emotion	face-neutral-skeptical	fully-qualified	沉默	FACE WITHOUT MOUTH
43	🫥	笑脸	主网格	🫥	Emoji·表情与人物 / 第 36 行	1fae5.png	是	U+1FAE5	Smileys & Emotion	face-neutral-skeptical	fully-qualified	虚线脸	DOTTED LINE FACE
44	😶‍🌫️	笑脸	主网格	😶‍🌫️	Emoji·表情与人物 / 表情与情绪	1f636-200d-1f32b.png	是	U+1F636 U+200D U+1F32B U+FE0F	Smileys & Emotion	face-neutral-skeptical	fully-qualified	迷茫	FACE WITHOUT MOUTH / FOG
45	😏	笑脸	主网格	😏	Emoji·表情与人物 / 第 29 行	1f60f.png	是	U+1F60F	Smileys & Emotion	face-neutral-skeptical	fully-qualified	得意	SMIRKING FACE
46	😒	笑脸	主网格	😒	Emoji·表情与人物 / 第 29 行	1f612.png	是	U+1F612	Smileys & Emotion	face-neutral-skeptical	fully-qualified	不高兴	UNAMUSED FACE
47	🙄	笑脸	主网格	🙄	Emoji·表情与人物 / 第 33 行	1f644.png	是	U+1F644	Smileys & Emotion	face-neutral-skeptical	fully-qualified	翻白眼	FACE WITH ROLLING EYES
48	😬	笑脸	主网格	😬	Emoji·表情与人物 / 第 31 行	1f62c.png	是	U+1F62C	Smileys & Emotion	face-neutral-skeptical	fully-qualified	龇牙咧嘴	GRIMACING FACE
49	😮‍💨	笑脸	主网格	😮‍💨	Emoji·表情与人物 / 第 23 行	1f62e-200d-1f4a8.png	是	U+1F62E U+200D U+1F4A8	Smileys & Emotion	face-neutral-skeptical	fully-qualified	呼气	FACE WITH OPEN MOUTH / DASH SYMBOL
50	🤥	笑脸	主网格	🤥	Emoji·表情与人物 / 第 34 行	1f925.png	是	U+1F925	Smileys & Emotion	face-neutral-skeptical	fully-qualified	说谎	LYING FACE
51	🫨	笑脸	主网格	🫨	Emoji·表情与人物 / 第 36 行	1fae8.png	是	U+1FAE8	Smileys & Emotion	face-neutral-skeptical	fully-qualified	颤抖	SHAKING FACE
52	😌	笑脸	主网格	😌	Emoji·表情与人物 / 第 29 行	1f60c.png	是	U+1F60C	Smileys & Emotion	face-sleepy	fully-qualified	松了口气	RELIEVED FACE
53	😔	笑脸	主网格	😔	Emoji·表情与人物 / 第 29 行	1f614.png	是	U+1F614	Smileys & Emotion	face-sleepy	fully-qualified	沉思	PENSIVE FACE
54	😪	笑脸	主网格	😪	Emoji·表情与人物 / 第 31 行	1f62a.png	是	U+1F62A	Smileys & Emotion	face-sleepy	fully-qualified	困	SLEEPY FACE
55	🤤	笑脸	主网格	🤤	Emoji·表情与人物 / 第 34 行	1f924.png	是	U+1F924	Smileys & Emotion	face-sleepy	fully-qualified	流口水	DROOLING FACE
56	😴	笑脸	主网格	😴	Emoji·表情与人物 / 第 32 行	1f634.png	是	U+1F634	Smileys & Emotion	face-sleepy	fully-qualified	睡着了	SLEEPING FACE
57	🫩	笑脸	主网格	🫩	Emoji·符号与旗帜 / 第 90 行	1fae9.png	是	U+1FAE9	Smileys & Emotion	face-sleepy	fully-qualified	有眼袋	U+1FAE9
58	😷	笑脸	主网格	😷	Emoji·表情与人物 / 第 32 行	1f637.png	是	U+1F637	Smileys & Emotion	face-unwell	fully-qualified	感冒	FACE WITH MEDICAL MASK
59	🤒	笑脸	主网格	🤒	Emoji·表情与人物 / 第 33 行	1f912.png	是	U+1F912	Smileys & Emotion	face-unwell	fully-qualified	发烧	FACE WITH THERMOMETER
60	🤕	笑脸	主网格	🤕	Emoji·表情与人物 / 第 33 行	1f915.png	是	U+1F915	Smileys & Emotion	face-unwell	fully-qualified	受伤	FACE WITH HEAD-BANDAGE
61	🤢	笑脸	主网格	🤢	Emoji·表情与人物 / 第 33 行	1f922.png	是	U+1F922	Smileys & Emotion	face-unwell	fully-qualified	恶心	NAUSEATED FACE
62	🤮	笑脸	主网格	🤮	Emoji·表情与人物 / 第 34 行	1f92e.png	是	U+1F92E	Smileys & Emotion	face-unwell	fully-qualified	呕吐	FACE WITH OPEN MOUTH VOMITING
63	🤧	笑脸	主网格	🤧	Emoji·表情与人物 / 第 34 行	1f927.png	是	U+1F927	Smileys & Emotion	face-unwell	fully-qualified	打喷嚏	SNEEZING FACE
64	🥵	笑脸	主网格	🥵	Emoji·表情与人物 / 第 35 行	1f975.png	是	U+1F975	Smileys & Emotion	face-unwell	fully-qualified	脸发烧	OVERHEATED FACE
65	🥶	笑脸	主网格	🥶	Emoji·表情与人物 / 第 35 行	1f976.png	是	U+1F976	Smileys & Emotion	face-unwell	fully-qualified	冷脸	FREEZING FACE
66	🥴	笑脸	主网格	🥴	Emoji·表情与人物 / 第 35 行	1f974.png	是	U+1F974	Smileys & Emotion	face-unwell	fully-qualified	头昏眼花	FACE WITH UNEVEN EYES AND WAVY MOUTH
67	😵	笑脸	主网格	😵	Emoji·表情与人物 / 第 24 行	1f635.png	是	U+1F635	Smileys & Emotion	face-unwell	fully-qualified	晕头转向	DIZZY FACE
68	😵‍💫	笑脸	主网格	😵‍💫	Emoji·表情与人物 / 第 23 行	1f635-200d-1f4ab.png	是	U+1F635 U+200D U+1F4AB	Smileys & Emotion	face-unwell	fully-qualified	晕	DIZZY FACE / DIZZY SYMBOL
69	🤯	笑脸	主网格	🤯	Emoji·表情与人物 / 第 34 行	1f92f.png	是	U+1F92F	Smileys & Emotion	face-unwell	fully-qualified	爆炸头	SHOCKED FACE WITH EXPLODING HEAD
70	🤠	笑脸	主网格	🤠	Emoji·表情与人物 / 第 33 行	1f920.png	是	U+1F920	Smileys & Emotion	face-hat	fully-qualified	牛仔帽脸	FACE WITH COWBOY HAT
71	🥳	笑脸	主网格	🥳	Emoji·表情与人物 / 第 34 行	1f973.png	是	U+1F973	Smileys & Emotion	face-hat	fully-qualified	聚会笑脸	FACE WITH PARTY HORN AND PARTY HAT
72	🥸	笑脸	主网格	🥸	Emoji·表情与人物 / 第 35 行	1f978.png	是	U+1F978	Smileys & Emotion	face-hat	fully-qualified	伪装的脸	DISGUISED FACE
73	😎	笑脸	主网格	😎	Emoji·表情与人物 / 第 29 行	1f60e.png	是	U+1F60E	Smileys & Emotion	face-glasses	fully-qualified	墨镜笑脸	SMILING FACE WITH SUNGLASSES
74	🤓	笑脸	主网格	🤓	Emoji·表情与人物 / 第 33 行	1f913.png	是	U+1F913	Smileys & Emotion	face-glasses	fully-qualified	书呆子脸	NERD FACE
75	🧐	笑脸	主网格	🧐	Emoji·表情与人物 / 第 35 行	1f9d0.png	是	U+1F9D0	Smileys & Emotion	face-glasses	fully-qualified	带单片眼镜的脸	FACE WITH MONOCLE
76	😕	笑脸	主网格	😕	Emoji·表情与人物 / 第 29 行	1f615.png	是	U+1F615	Smileys & Emotion	face-concerned	fully-qualified	困扰	CONFUSED FACE
77	🫤	笑脸	主网格	🫤	Emoji·表情与人物 / 第 36 行	1fae4.png	是	U+1FAE4	Smileys & Emotion	face-concerned	fully-qualified	郁闷	FACE WITH DIAGONAL MOUTH
78	😟	笑脸	主网格	😟	Emoji·表情与人物 / 第 30 行	1f61f.png	是	U+1F61F	Smileys & Emotion	face-concerned	fully-qualified	担心	WORRIED FACE
79	🙁	笑脸	主网格	🙁	Emoji·表情与人物 / 第 32 行	1f641.png	是	U+1F641	Smileys & Emotion	face-concerned	fully-qualified	微微不满	SLIGHTLY FROWNING FACE
80	☹️	笑脸	主网格	☹️	Emoji·表情与人物 / 第 23 行	2639.png	是	U+2639 U+FE0F	Smileys & Emotion	face-concerned	fully-qualified	不满	WHITE FROWNING FACE
81	☹	笑脸	呈现别名（不重复显示）	☹️	Emoji·表情与人物 / 第 35 行	2639.png	是	U+2639	Smileys & Emotion	face-concerned	unqualified	不满	WHITE FROWNING FACE
82	😮	笑脸	主网格	😮	Emoji·表情与人物 / 第 24 行	1f62e.png	是	U+1F62E	Smileys & Emotion	face-concerned	fully-qualified	吃惊	FACE WITH OPEN MOUTH
83	😯	笑脸	主网格	😯	Emoji·表情与人物 / 第 31 行	1f62f.png	是	U+1F62F	Smileys & Emotion	face-concerned	fully-qualified	缄默	HUSHED FACE
84	😲	笑脸	主网格	😲	Emoji·表情与人物 / 第 31 行	1f632.png	是	U+1F632	Smileys & Emotion	face-concerned	fully-qualified	震惊	ASTONISHED FACE
85	😳	笑脸	主网格	😳	Emoji·表情与人物 / 第 31 行	1f633.png	是	U+1F633	Smileys & Emotion	face-concerned	fully-qualified	脸红	FLUSHED FACE
86	🫪	笑脸	主网格	🫪	Emoji·符号与旗帜 / 第 91 行	1faea.png	是	U+1FAEA	Smileys & Emotion	face-concerned	fully-qualified	变形的脸	U+1FAEA
87	🥺	笑脸	主网格	🥺	Emoji·表情与人物 / 第 35 行	1f97a.png	是	U+1F97A	Smileys & Emotion	face-concerned	fully-qualified	恳求的脸	FACE WITH PLEADING EYES
88	🥹	笑脸	主网格	🥹	Emoji·表情与人物 / 第 36 行	1f979.png	是	U+1F979	Smileys & Emotion	face-concerned	fully-qualified	忍住泪水	FACE HOLDING BACK TEARS
89	😦	笑脸	主网格	😦	Emoji·表情与人物 / 第 30 行	1f626.png	是	U+1F626	Smileys & Emotion	face-concerned	fully-qualified	啊	FROWNING FACE WITH OPEN MOUTH
90	😧	笑脸	主网格	😧	Emoji·表情与人物 / 第 31 行	1f627.png	是	U+1F627	Smileys & Emotion	face-concerned	fully-qualified	极度痛苦	ANGUISHED FACE
91	😨	笑脸	主网格	😨	Emoji·表情与人物 / 第 31 行	1f628.png	是	U+1F628	Smileys & Emotion	face-concerned	fully-qualified	害怕	FEARFUL FACE
92	😰	笑脸	主网格	😰	Emoji·表情与人物 / 第 31 行	1f630.png	是	U+1F630	Smileys & Emotion	face-concerned	fully-qualified	冷汗	FACE WITH OPEN MOUTH AND COLD SWEAT
93	😥	笑脸	主网格	😥	Emoji·表情与人物 / 第 30 行	1f625.png	是	U+1F625	Smileys & Emotion	face-concerned	fully-qualified	失望但如释重负	DISAPPOINTED BUT RELIEVED FACE
94	😢	笑脸	主网格	😢	Emoji·表情与人物 / 第 30 行	1f622.png	是	U+1F622	Smileys & Emotion	face-concerned	fully-qualified	哭	CRYING FACE
95	😭	笑脸	主网格	😭	Emoji·表情与人物 / 第 31 行	1f62d.png	是	U+1F62D	Smileys & Emotion	face-concerned	fully-qualified	放声大哭	LOUDLY CRYING FACE
96	😱	笑脸	主网格	😱	Emoji·表情与人物 / 第 31 行	1f631.png	是	U+1F631	Smileys & Emotion	face-concerned	fully-qualified	吓死了	FACE SCREAMING IN FEAR
97	😖	笑脸	主网格	😖	Emoji·表情与人物 / 第 29 行	1f616.png	是	U+1F616	Smileys & Emotion	face-concerned	fully-qualified	困惑	CONFOUNDED FACE
98	😣	笑脸	主网格	😣	Emoji·表情与人物 / 第 30 行	1f623.png	是	U+1F623	Smileys & Emotion	face-concerned	fully-qualified	痛苦	PERSEVERING FACE
99	😞	笑脸	主网格	😞	Emoji·表情与人物 / 第 30 行	1f61e.png	是	U+1F61E	Smileys & Emotion	face-concerned	fully-qualified	失望	DISAPPOINTED FACE
100	😓	笑脸	主网格	😓	Emoji·表情与人物 / 第 29 行	1f613.png	是	U+1F613	Smileys & Emotion	face-concerned	fully-qualified	汗	FACE WITH COLD SWEAT
101	😩	笑脸	主网格	😩	Emoji·表情与人物 / 第 31 行	1f629.png	是	U+1F629	Smileys & Emotion	face-concerned	fully-qualified	累死了	WEARY FACE
102	😫	笑脸	主网格	😫	Emoji·表情与人物 / 第 31 行	1f62b.png	是	U+1F62B	Smileys & Emotion	face-concerned	fully-qualified	累	TIRED FACE
103	🥱	笑脸	主网格	🥱	Emoji·表情与人物 / 第 34 行	1f971.png	是	U+1F971	Smileys & Emotion	face-concerned	fully-qualified	打呵欠	YAWNING FACE
104	😤	笑脸	主网格	😤	Emoji·表情与人物 / 第 30 行	1f624.png	是	U+1F624	Smileys & Emotion	face-negative	fully-qualified	傲慢	FACE WITH LOOK OF TRIUMPH
105	😡	笑脸	主网格	😡	Emoji·表情与人物 / 第 30 行	1f621.png	是	U+1F621	Smileys & Emotion	face-negative	fully-qualified	怒火中烧	POUTING FACE
106	😠	笑脸	主网格	😠	Emoji·表情与人物 / 第 30 行	1f620.png	是	U+1F620	Smileys & Emotion	face-negative	fully-qualified	生气	ANGRY FACE
107	🤬	笑脸	主网格	🤬	Emoji·表情与人物 / 第 34 行	1f92c.png	是	U+1F92C	Smileys & Emotion	face-negative	fully-qualified	嘴上有符号的脸	SERIOUS FACE WITH SYMBOLS COVERING MOUTH
108	😈	笑脸	主网格	😈	Emoji·表情与人物 / 第 28 行	1f608.png	是	U+1F608	Smileys & Emotion	face-negative	fully-qualified	恶魔微笑	SMILING FACE WITH HORNS
109	👿	笑脸	主网格	👿	Emoji·符号与旗帜 / 第 55 行	1f47f.png	是	U+1F47F	Smileys & Emotion	face-negative	fully-qualified	生气的恶魔	IMP
110	💀	笑脸	主网格	💀	Emoji·符号与旗帜 / 第 56 行	1f480.png	是	U+1F480	Smileys & Emotion	face-negative	fully-qualified	头骨	SKULL
111	☠️	笑脸	主网格	☠️	Emoji·符号与旗帜 / 第 34 行	2620.png	是	U+2620 U+FE0F	Smileys & Emotion	face-negative	fully-qualified	骷髅	SKULL AND CROSSBONES
112	☠	笑脸	呈现别名（不重复显示）	☠️	Emoji·符号与旗帜 / 第 81 行	2620.png	是	U+2620	Smileys & Emotion	face-negative	unqualified	骷髅	SKULL AND CROSSBONES
113	💩	笑脸	主网格	💩	Emoji·符号与旗帜 / 第 57 行	1f4a9.png	是	U+1F4A9	Smileys & Emotion	face-costume	fully-qualified	大便	PILE OF POO
114	🤡	笑脸	主网格	🤡	Emoji·表情与人物 / 第 33 行	1f921.png	是	U+1F921	Smileys & Emotion	face-costume	fully-qualified	小丑脸	CLOWN FACE
115	👹	笑脸	主网格	👹	Emoji·符号与旗帜 / 第 55 行	1f479.png	是	U+1F479	Smileys & Emotion	face-costume	fully-qualified	食人魔	JAPANESE OGRE
116	👺	笑脸	主网格	👺	Emoji·符号与旗帜 / 第 55 行	1f47a.png	是	U+1F47A	Smileys & Emotion	face-costume	fully-qualified	小妖精	JAPANESE GOBLIN
117	👻	笑脸	主网格	👻	Emoji·符号与旗帜 / 第 55 行	1f47b.png	是	U+1F47B	Smileys & Emotion	face-costume	fully-qualified	鬼	GHOST
118	👽	笑脸	主网格	👽	Emoji·符号与旗帜 / 第 55 行	1f47d.png	是	U+1F47D	Smileys & Emotion	face-costume	fully-qualified	外星人	EXTRATERRESTRIAL ALIEN
119	👾	笑脸	主网格	👾	Emoji·符号与旗帜 / 第 55 行	1f47e.png	是	U+1F47E	Smileys & Emotion	face-costume	fully-qualified	外星怪物	ALIEN MONSTER
120	🤖	笑脸	主网格	🤖	Emoji·表情与人物 / 第 33 行	1f916.png	是	U+1F916	Smileys & Emotion	face-costume	fully-qualified	机器人	ROBOT FACE
121	😺	笑脸	主网格	😺	Emoji·表情与人物 / 第 32 行	1f63a.png	是	U+1F63A	Smileys & Emotion	cat-face	fully-qualified	大笑的猫	SMILING CAT FACE WITH OPEN MOUTH
122	😸	笑脸	主网格	😸	Emoji·表情与人物 / 第 32 行	1f638.png	是	U+1F638	Smileys & Emotion	cat-face	fully-qualified	微笑的猫	GRINNING CAT FACE WITH SMILING EYES
123	😹	笑脸	主网格	😹	Emoji·表情与人物 / 第 32 行	1f639.png	是	U+1F639	Smileys & Emotion	cat-face	fully-qualified	笑出眼泪的猫	CAT FACE WITH TEARS OF JOY
124	😻	笑脸	主网格	😻	Emoji·表情与人物 / 第 2 行	1f63b.png	是	U+1F63B	Smileys & Emotion	cat-face	fully-qualified	花痴的猫	SMILING CAT FACE WITH HEART-SHAPED EYES
125	😼	笑脸	主网格	😼	Emoji·表情与人物 / 第 32 行	1f63c.png	是	U+1F63C	Smileys & Emotion	cat-face	fully-qualified	奸笑的猫	CAT FACE WITH WRY SMILE
126	😽	笑脸	主网格	😽	Emoji·表情与人物 / 第 2 行	1f63d.png	是	U+1F63D	Smileys & Emotion	cat-face	fully-qualified	亲亲猫	KISSING CAT FACE WITH CLOSED EYES
127	🙀	笑脸	主网格	🙀	Emoji·表情与人物 / 第 32 行	1f640.png	是	U+1F640	Smileys & Emotion	cat-face	fully-qualified	疲倦的猫	WEARY CAT FACE
128	😿	笑脸	主网格	😿	Emoji·表情与人物 / 第 32 行	1f63f.png	是	U+1F63F	Smileys & Emotion	cat-face	fully-qualified	哭泣的猫	CRYING CAT FACE
129	😾	笑脸	主网格	😾	Emoji·表情与人物 / 第 32 行	1f63e.png	是	U+1F63E	Smileys & Emotion	cat-face	fully-qualified	生气的猫	POUTING CAT FACE
130	🙈	笑脸	主网格	🙈	Emoji·动物与自然 / 第 14 行	1f648.png	是	U+1F648	Smileys & Emotion	monkey-face	fully-qualified	非礼勿视	SEE-NO-EVIL MONKEY
131	🙉	笑脸	主网格	🙉	Emoji·动物与自然 / 第 14 行	1f649.png	是	U+1F649	Smileys & Emotion	monkey-face	fully-qualified	非礼勿听	HEAR-NO-EVIL MONKEY
132	🙊	笑脸	主网格	🙊	Emoji·动物与自然 / 第 14 行	1f64a.png	是	U+1F64A	Smileys & Emotion	monkey-face	fully-qualified	非礼勿言	SPEAK-NO-EVIL MONKEY
133	👋	手势	主网格	👋	Emoji·表情与人物 / 第 4 行	1f44b.png	是	U+1F44B	People & Body	hand-fingers-open	fully-qualified	挥手	WAVING HAND SIGN
134	👋🏻	手势	肤色变体（右键）	👋🏻	未直接列在现有 Emoji 网格	1f44b-1f3fb.png	是	U+1F44B U+1F3FB	People & Body	hand-fingers-open	fully-qualified	Waving手符号、较浅肤色	WAVING HAND SIGN / LIGHT SKIN TONE
135	👋🏼	手势	肤色变体（右键）	👋🏼	未直接列在现有 Emoji 网格	1f44b-1f3fc.png	是	U+1F44B U+1F3FC	People & Body	hand-fingers-open	fully-qualified	Waving手符号、中等偏浅肤色	WAVING HAND SIGN / MEDIUM-LIGHT SKIN TONE
136	👋🏽	手势	肤色变体（右键）	👋🏽	未直接列在现有 Emoji 网格	1f44b-1f3fd.png	是	U+1F44B U+1F3FD	People & Body	hand-fingers-open	fully-qualified	Waving手符号、中等肤色	WAVING HAND SIGN / MEDIUM SKIN TONE
137	👋🏾	手势	肤色变体（右键）	👋🏾	未直接列在现有 Emoji 网格	1f44b-1f3fe.png	是	U+1F44B U+1F3FE	People & Body	hand-fingers-open	fully-qualified	Waving手符号、中等偏深肤色	WAVING HAND SIGN / MEDIUM-DARK SKIN TONE
138	👋🏿	手势	肤色变体（右键）	👋🏿	未直接列在现有 Emoji 网格	1f44b-1f3ff.png	是	U+1F44B U+1F3FF	People & Body	hand-fingers-open	fully-qualified	Waving手符号、较深肤色	WAVING HAND SIGN / DARK SKIN TONE
139	🤚	手势	主网格	🤚	Emoji·表情与人物 / 第 5 行	1f91a.png	是	U+1F91A	People & Body	hand-fingers-open	fully-qualified	立起的手背	RAISED BACK OF HAND
140	🤚🏻	手势	肤色变体（右键）	🤚🏻	未直接列在现有 Emoji 网格	1f91a-1f3fb.png	是	U+1F91A U+1F3FB	People & Body	hand-fingers-open	fully-qualified	RaisedBack的手、较浅肤色	RAISED BACK OF HAND / LIGHT SKIN TONE
141	🤚🏼	手势	肤色变体（右键）	🤚🏼	未直接列在现有 Emoji 网格	1f91a-1f3fc.png	是	U+1F91A U+1F3FC	People & Body	hand-fingers-open	fully-qualified	RaisedBack的手、中等偏浅肤色	RAISED BACK OF HAND / MEDIUM-LIGHT SKIN TONE
142	🤚🏽	手势	肤色变体（右键）	🤚🏽	未直接列在现有 Emoji 网格	1f91a-1f3fd.png	是	U+1F91A U+1F3FD	People & Body	hand-fingers-open	fully-qualified	RaisedBack的手、中等肤色	RAISED BACK OF HAND / MEDIUM SKIN TONE
143	🤚🏾	手势	肤色变体（右键）	🤚🏾	未直接列在现有 Emoji 网格	1f91a-1f3fe.png	是	U+1F91A U+1F3FE	People & Body	hand-fingers-open	fully-qualified	RaisedBack的手、中等偏深肤色	RAISED BACK OF HAND / MEDIUM-DARK SKIN TONE
144	🤚🏿	手势	肤色变体（右键）	🤚🏿	未直接列在现有 Emoji 网格	1f91a-1f3ff.png	是	U+1F91A U+1F3FF	People & Body	hand-fingers-open	fully-qualified	RaisedBack的手、较深肤色	RAISED BACK OF HAND / DARK SKIN TONE
145	🖐️	手势	主网格	🖐️	Emoji·表情与人物 / 第 6 行	1f590.png	是	U+1F590 U+FE0F	People & Body	hand-fingers-open	fully-qualified	手掌	RAISED HAND WITH FINGERS SPLAYED
146	🖐	手势	呈现别名（不重复显示）	🖐️	Emoji·表情与人物 / 第 6 行	1f590.png	是	U+1F590	People & Body	hand-fingers-open	unqualified	手掌	RAISED HAND WITH FINGERS SPLAYED
147	🖐🏻	手势	肤色变体（右键）	🖐🏻	未直接列在现有 Emoji 网格	1f590-1f3fb.png	是	U+1F590 U+1F3FB	People & Body	hand-fingers-open	fully-qualified	Raised手带FingersSplayed、较浅肤色	RAISED HAND WITH FINGERS SPLAYED / LIGHT SKIN TONE
148	🖐🏼	手势	肤色变体（右键）	🖐🏼	未直接列在现有 Emoji 网格	1f590-1f3fc.png	是	U+1F590 U+1F3FC	People & Body	hand-fingers-open	fully-qualified	Raised手带FingersSplayed、中等偏浅肤色	RAISED HAND WITH FINGERS SPLAYED / MEDIUM-LIGHT SKIN TONE
149	🖐🏽	手势	肤色变体（右键）	🖐🏽	未直接列在现有 Emoji 网格	1f590-1f3fd.png	是	U+1F590 U+1F3FD	People & Body	hand-fingers-open	fully-qualified	Raised手带FingersSplayed、中等肤色	RAISED HAND WITH FINGERS SPLAYED / MEDIUM SKIN TONE
150	🖐🏾	手势	肤色变体（右键）	🖐🏾	未直接列在现有 Emoji 网格	1f590-1f3fe.png	是	U+1F590 U+1F3FE	People & Body	hand-fingers-open	fully-qualified	Raised手带FingersSplayed、中等偏深肤色	RAISED HAND WITH FINGERS SPLAYED / MEDIUM-DARK SKIN TONE
151	🖐🏿	手势	肤色变体（右键）	🖐🏿	未直接列在现有 Emoji 网格	1f590-1f3ff.png	是	U+1F590 U+1F3FF	People & Body	hand-fingers-open	fully-qualified	Raised手带FingersSplayed、较深肤色	RAISED HAND WITH FINGERS SPLAYED / DARK SKIN TONE
152	✋	手势	主网格	✋	Emoji·表情与人物 / 第 4 行	270b.png	是	U+270B	People & Body	hand-fingers-open	fully-qualified	举起手	RAISED HAND
153	✋🏻	手势	肤色变体（右键）	✋🏻	未直接列在现有 Emoji 网格	270b-1f3fb.png	是	U+270B U+1F3FB	People & Body	hand-fingers-open	fully-qualified	Raised手、较浅肤色	RAISED HAND / LIGHT SKIN TONE
154	✋🏼	手势	肤色变体（右键）	✋🏼	未直接列在现有 Emoji 网格	270b-1f3fc.png	是	U+270B U+1F3FC	People & Body	hand-fingers-open	fully-qualified	Raised手、中等偏浅肤色	RAISED HAND / MEDIUM-LIGHT SKIN TONE
155	✋🏽	手势	肤色变体（右键）	✋🏽	未直接列在现有 Emoji 网格	270b-1f3fd.png	是	U+270B U+1F3FD	People & Body	hand-fingers-open	fully-qualified	Raised手、中等肤色	RAISED HAND / MEDIUM SKIN TONE
156	✋🏾	手势	肤色变体（右键）	✋🏾	未直接列在现有 Emoji 网格	270b-1f3fe.png	是	U+270B U+1F3FE	People & Body	hand-fingers-open	fully-qualified	Raised手、中等偏深肤色	RAISED HAND / MEDIUM-DARK SKIN TONE
157	✋🏿	手势	肤色变体（右键）	✋🏿	未直接列在现有 Emoji 网格	270b-1f3ff.png	是	U+270B U+1F3FF	People & Body	hand-fingers-open	fully-qualified	Raised手、较深肤色	RAISED HAND / DARK SKIN TONE
158	🖖	手势	主网格	🖖	Emoji·表情与人物 / 第 5 行	1f596.png	是	U+1F596	People & Body	hand-fingers-open	fully-qualified	瓦肯举手礼	RAISED HAND WITH PART BETWEEN MIDDLE AND RING FINGERS
159	🖖🏻	手势	肤色变体（右键）	🖖🏻	未直接列在现有 Emoji 网格	1f596-1f3fb.png	是	U+1F596 U+1F3FB	People & Body	hand-fingers-open	fully-qualified	Raised手带PartBetweenMiddle和圆环Fingers、较浅肤色	RAISED HAND WITH PART BETWEEN MIDDLE AND RING FINGERS / LIGHT SKIN TONE
160	🖖🏼	手势	肤色变体（右键）	🖖🏼	未直接列在现有 Emoji 网格	1f596-1f3fc.png	是	U+1F596 U+1F3FC	People & Body	hand-fingers-open	fully-qualified	Raised手带PartBetweenMiddle和圆环Fingers、中等偏浅肤色	RAISED HAND WITH PART BETWEEN MIDDLE AND RING FINGERS / MEDIUM-LIGHT SKIN TONE
161	🖖🏽	手势	肤色变体（右键）	🖖🏽	未直接列在现有 Emoji 网格	1f596-1f3fd.png	是	U+1F596 U+1F3FD	People & Body	hand-fingers-open	fully-qualified	Raised手带PartBetweenMiddle和圆环Fingers、中等肤色	RAISED HAND WITH PART BETWEEN MIDDLE AND RING FINGERS / MEDIUM SKIN TONE
162	🖖🏾	手势	肤色变体（右键）	🖖🏾	未直接列在现有 Emoji 网格	1f596-1f3fe.png	是	U+1F596 U+1F3FE	People & Body	hand-fingers-open	fully-qualified	Raised手带PartBetweenMiddle和圆环Fingers、中等偏深肤色	RAISED HAND WITH PART BETWEEN MIDDLE AND RING FINGERS / MEDIUM-DARK SKIN TONE
163	🖖🏿	手势	肤色变体（右键）	🖖🏿	未直接列在现有 Emoji 网格	1f596-1f3ff.png	是	U+1F596 U+1F3FF	People & Body	hand-fingers-open	fully-qualified	Raised手带PartBetweenMiddle和圆环Fingers、较深肤色	RAISED HAND WITH PART BETWEEN MIDDLE AND RING FINGERS / DARK SKIN TONE
164	🫱	手势	主网格	🫱	Emoji·表情与人物 / 第 7 行	1faf1.png	是	U+1FAF1	People & Body	hand-fingers-open	fully-qualified	向右的手	RIGHTWARDS HAND
165	🫲	手势	主网格	🫲	Emoji·表情与人物 / 第 7 行	1faf2.png	是	U+1FAF2	People & Body	hand-fingers-open	fully-qualified	向左的手	LEFTWARDS HAND
166	🫳	手势	主网格	🫳	Emoji·表情与人物 / 第 7 行	1faf3.png	是	U+1FAF3	People & Body	hand-fingers-open	fully-qualified	掌心向下的手	PALM DOWN HAND
167	🫴	手势	主网格	🫴	Emoji·表情与人物 / 第 7 行	1faf4.png	是	U+1FAF4	People & Body	hand-fingers-open	fully-qualified	掌心向上的手	PALM UP HAND
168	🫷	手势	主网格	🫷	Emoji·表情与人物 / 第 7 行	1faf7.png	是	U+1FAF7	People & Body	hand-fingers-open	fully-qualified	向左推	LEFTWARDS PUSHING HAND
169	🫸	手势	主网格	🫸	Emoji·表情与人物 / 第 7 行	1faf8.png	是	U+1FAF8	People & Body	hand-fingers-open	fully-qualified	向右推	RIGHTWARDS PUSHING HAND
170	👌	手势	主网格	👌	Emoji·表情与人物 / 第 4 行	1f44c.png	是	U+1F44C	People & Body	hand-fingers-partial	fully-qualified	OK	OK HAND SIGN
171	👌🏻	手势	肤色变体（右键）	👌🏻	未直接列在现有 Emoji 网格	1f44c-1f3fb.png	是	U+1F44C U+1F3FB	People & Body	hand-fingers-partial	fully-qualified	Ok手符号、较浅肤色	OK HAND SIGN / LIGHT SKIN TONE
172	👌🏼	手势	肤色变体（右键）	👌🏼	未直接列在现有 Emoji 网格	1f44c-1f3fc.png	是	U+1F44C U+1F3FC	People & Body	hand-fingers-partial	fully-qualified	Ok手符号、中等偏浅肤色	OK HAND SIGN / MEDIUM-LIGHT SKIN TONE
173	👌🏽	手势	肤色变体（右键）	👌🏽	未直接列在现有 Emoji 网格	1f44c-1f3fd.png	是	U+1F44C U+1F3FD	People & Body	hand-fingers-partial	fully-qualified	Ok手符号、中等肤色	OK HAND SIGN / MEDIUM SKIN TONE
174	👌🏾	手势	肤色变体（右键）	👌🏾	未直接列在现有 Emoji 网格	1f44c-1f3fe.png	是	U+1F44C U+1F3FE	People & Body	hand-fingers-partial	fully-qualified	Ok手符号、中等偏深肤色	OK HAND SIGN / MEDIUM-DARK SKIN TONE
175	👌🏿	手势	肤色变体（右键）	👌🏿	未直接列在现有 Emoji 网格	1f44c-1f3ff.png	是	U+1F44C U+1F3FF	People & Body	hand-fingers-partial	fully-qualified	Ok手符号、较深肤色	OK HAND SIGN / DARK SKIN TONE
176	🤌	手势	主网格	🤌	Emoji·表情与人物 / 第 5 行	1f90c.png	是	U+1F90C	People & Body	hand-fingers-partial	fully-qualified	捏手指	PINCHED FINGERS
177	🤌🏻	手势	肤色变体（右键）	🤌🏻	未直接列在现有 Emoji 网格	1f90c-1f3fb.png	是	U+1F90C U+1F3FB	People & Body	hand-fingers-partial	fully-qualified	PinchedFingers、较浅肤色	PINCHED FINGERS / LIGHT SKIN TONE
178	🤌🏼	手势	肤色变体（右键）	🤌🏼	未直接列在现有 Emoji 网格	1f90c-1f3fc.png	是	U+1F90C U+1F3FC	People & Body	hand-fingers-partial	fully-qualified	PinchedFingers、中等偏浅肤色	PINCHED FINGERS / MEDIUM-LIGHT SKIN TONE
179	🤌🏽	手势	肤色变体（右键）	🤌🏽	未直接列在现有 Emoji 网格	1f90c-1f3fd.png	是	U+1F90C U+1F3FD	People & Body	hand-fingers-partial	fully-qualified	PinchedFingers、中等肤色	PINCHED FINGERS / MEDIUM SKIN TONE
180	🤌🏾	手势	肤色变体（右键）	🤌🏾	未直接列在现有 Emoji 网格	1f90c-1f3fe.png	是	U+1F90C U+1F3FE	People & Body	hand-fingers-partial	fully-qualified	PinchedFingers、中等偏深肤色	PINCHED FINGERS / MEDIUM-DARK SKIN TONE
181	🤌🏿	手势	肤色变体（右键）	🤌🏿	未直接列在现有 Emoji 网格	1f90c-1f3ff.png	是	U+1F90C U+1F3FF	People & Body	hand-fingers-partial	fully-qualified	PinchedFingers、较深肤色	PINCHED FINGERS / DARK SKIN TONE
182	🤏	手势	主网格	🤏	Emoji·表情与人物 / 第 5 行	1f90f.png	是	U+1F90F	People & Body	hand-fingers-partial	fully-qualified	捏合的手势	PINCHING HAND
183	🤏🏻	手势	肤色变体（右键）	🤏🏻	未直接列在现有 Emoji 网格	1f90f-1f3fb.png	是	U+1F90F U+1F3FB	People & Body	hand-fingers-partial	fully-qualified	Pinching手、较浅肤色	PINCHING HAND / LIGHT SKIN TONE
184	🤏🏼	手势	肤色变体（右键）	🤏🏼	未直接列在现有 Emoji 网格	1f90f-1f3fc.png	是	U+1F90F U+1F3FC	People & Body	hand-fingers-partial	fully-qualified	Pinching手、中等偏浅肤色	PINCHING HAND / MEDIUM-LIGHT SKIN TONE
185	🤏🏽	手势	肤色变体（右键）	🤏🏽	未直接列在现有 Emoji 网格	1f90f-1f3fd.png	是	U+1F90F U+1F3FD	People & Body	hand-fingers-partial	fully-qualified	Pinching手、中等肤色	PINCHING HAND / MEDIUM SKIN TONE
186	🤏🏾	手势	肤色变体（右键）	🤏🏾	未直接列在现有 Emoji 网格	1f90f-1f3fe.png	是	U+1F90F U+1F3FE	People & Body	hand-fingers-partial	fully-qualified	Pinching手、中等偏深肤色	PINCHING HAND / MEDIUM-DARK SKIN TONE
187	🤏🏿	手势	肤色变体（右键）	🤏🏿	未直接列在现有 Emoji 网格	1f90f-1f3ff.png	是	U+1F90F U+1F3FF	People & Body	hand-fingers-partial	fully-qualified	Pinching手、较深肤色	PINCHING HAND / DARK SKIN TONE
188	✌️	手势	主网格	✌️	Emoji·表情与人物 / 第 6 行	270c.png	是	U+270C U+FE0F	People & Body	hand-fingers-partial	fully-qualified	胜利手势	VICTORY HAND
189	✌	手势	呈现别名（不重复显示）	✌️	Emoji·表情与人物 / 第 6 行	270c.png	是	U+270C	People & Body	hand-fingers-partial	unqualified	胜利手势	VICTORY HAND
190	✌🏻	手势	肤色变体（右键）	✌🏻	未直接列在现有 Emoji 网格	270c-1f3fb.png	是	U+270C U+1F3FB	People & Body	hand-fingers-partial	fully-qualified	Victory手、较浅肤色	VICTORY HAND / LIGHT SKIN TONE
191	✌🏼	手势	肤色变体（右键）	✌🏼	未直接列在现有 Emoji 网格	270c-1f3fc.png	是	U+270C U+1F3FC	People & Body	hand-fingers-partial	fully-qualified	Victory手、中等偏浅肤色	VICTORY HAND / MEDIUM-LIGHT SKIN TONE
192	✌🏽	手势	肤色变体（右键）	✌🏽	未直接列在现有 Emoji 网格	270c-1f3fd.png	是	U+270C U+1F3FD	People & Body	hand-fingers-partial	fully-qualified	Victory手、中等肤色	VICTORY HAND / MEDIUM SKIN TONE
193	✌🏾	手势	肤色变体（右键）	✌🏾	未直接列在现有 Emoji 网格	270c-1f3fe.png	是	U+270C U+1F3FE	People & Body	hand-fingers-partial	fully-qualified	Victory手、中等偏深肤色	VICTORY HAND / MEDIUM-DARK SKIN TONE
194	✌🏿	手势	肤色变体（右键）	✌🏿	未直接列在现有 Emoji 网格	270c-1f3ff.png	是	U+270C U+1F3FF	People & Body	hand-fingers-partial	fully-qualified	Victory手、较深肤色	VICTORY HAND / DARK SKIN TONE
195	🤞	手势	主网格	🤞	Emoji·表情与人物 / 第 5 行	1f91e.png	是	U+1F91E	People & Body	hand-fingers-partial	fully-qualified	交叉的手指	HAND WITH INDEX AND MIDDLE FINGERS CROSSED
196	🤞🏻	手势	肤色变体（右键）	🤞🏻	未直接列在现有 Emoji 网格	1f91e-1f3fb.png	是	U+1F91E U+1F3FB	People & Body	hand-fingers-partial	fully-qualified	手带Index和MiddleFingersCrossed、较浅肤色	HAND WITH INDEX AND MIDDLE FINGERS CROSSED / LIGHT SKIN TONE
197	🤞🏼	手势	肤色变体（右键）	🤞🏼	未直接列在现有 Emoji 网格	1f91e-1f3fc.png	是	U+1F91E U+1F3FC	People & Body	hand-fingers-partial	fully-qualified	手带Index和MiddleFingersCrossed、中等偏浅肤色	HAND WITH INDEX AND MIDDLE FINGERS CROSSED / MEDIUM-LIGHT SKIN TONE
198	🤞🏽	手势	肤色变体（右键）	🤞🏽	未直接列在现有 Emoji 网格	1f91e-1f3fd.png	是	U+1F91E U+1F3FD	People & Body	hand-fingers-partial	fully-qualified	手带Index和MiddleFingersCrossed、中等肤色	HAND WITH INDEX AND MIDDLE FINGERS CROSSED / MEDIUM SKIN TONE
199	🤞🏾	手势	肤色变体（右键）	🤞🏾	未直接列在现有 Emoji 网格	1f91e-1f3fe.png	是	U+1F91E U+1F3FE	People & Body	hand-fingers-partial	fully-qualified	手带Index和MiddleFingersCrossed、中等偏深肤色	HAND WITH INDEX AND MIDDLE FINGERS CROSSED / MEDIUM-DARK SKIN TONE
200	🤞🏿	手势	肤色变体（右键）	🤞🏿	未直接列在现有 Emoji 网格	1f91e-1f3ff.png	是	U+1F91E U+1F3FF	People & Body	hand-fingers-partial	fully-qualified	手带Index和MiddleFingersCrossed、较深肤色	HAND WITH INDEX AND MIDDLE FINGERS CROSSED / DARK SKIN TONE
201	🫰	手势	主网格	🫰	Emoji·表情与人物 / 第 7 行	1faf0.png	是	U+1FAF0	People & Body	hand-fingers-partial	fully-qualified	食指与拇指交叉的手	HAND WITH INDEX FINGER AND THUMB CROSSED
202	🤟	手势	主网格	🤟	Emoji·表情与人物 / 第 5 行	1f91f.png	是	U+1F91F	People & Body	hand-fingers-partial	fully-qualified	爱你的手势	I LOVE YOU HAND SIGN
203	🤟🏻	手势	肤色变体（右键）	🤟🏻	未直接列在现有 Emoji 网格	1f91f-1f3fb.png	是	U+1F91F U+1F3FB	People & Body	hand-fingers-partial	fully-qualified	ILoveYou手符号、较浅肤色	I LOVE YOU HAND SIGN / LIGHT SKIN TONE
204	🤟🏼	手势	肤色变体（右键）	🤟🏼	未直接列在现有 Emoji 网格	1f91f-1f3fc.png	是	U+1F91F U+1F3FC	People & Body	hand-fingers-partial	fully-qualified	ILoveYou手符号、中等偏浅肤色	I LOVE YOU HAND SIGN / MEDIUM-LIGHT SKIN TONE
205	🤟🏽	手势	肤色变体（右键）	🤟🏽	未直接列在现有 Emoji 网格	1f91f-1f3fd.png	是	U+1F91F U+1F3FD	People & Body	hand-fingers-partial	fully-qualified	ILoveYou手符号、中等肤色	I LOVE YOU HAND SIGN / MEDIUM SKIN TONE
206	🤟🏾	手势	肤色变体（右键）	🤟🏾	未直接列在现有 Emoji 网格	1f91f-1f3fe.png	是	U+1F91F U+1F3FE	People & Body	hand-fingers-partial	fully-qualified	ILoveYou手符号、中等偏深肤色	I LOVE YOU HAND SIGN / MEDIUM-DARK SKIN TONE
207	🤟🏿	手势	肤色变体（右键）	🤟🏿	未直接列在现有 Emoji 网格	1f91f-1f3ff.png	是	U+1F91F U+1F3FF	People & Body	hand-fingers-partial	fully-qualified	ILoveYou手符号、较深肤色	I LOVE YOU HAND SIGN / DARK SKIN TONE
208	🤘	手势	主网格	🤘	Emoji·符号与旗帜 / 第 43 行	1f918.png	是	U+1F918	People & Body	hand-fingers-partial	fully-qualified	摇滚	SIGN OF THE HORNS
209	🤘🏻	手势	肤色变体（右键）	🤘🏻	未直接列在现有 Emoji 网格	1f918-1f3fb.png	是	U+1F918 U+1F3FB	People & Body	hand-fingers-partial	fully-qualified	符号的TheHorns、较浅肤色	SIGN OF THE HORNS / LIGHT SKIN TONE
210	🤘🏼	手势	肤色变体（右键）	🤘🏼	未直接列在现有 Emoji 网格	1f918-1f3fc.png	是	U+1F918 U+1F3FC	People & Body	hand-fingers-partial	fully-qualified	符号的TheHorns、中等偏浅肤色	SIGN OF THE HORNS / MEDIUM-LIGHT SKIN TONE
211	🤘🏽	手势	肤色变体（右键）	🤘🏽	未直接列在现有 Emoji 网格	1f918-1f3fd.png	是	U+1F918 U+1F3FD	People & Body	hand-fingers-partial	fully-qualified	符号的TheHorns、中等肤色	SIGN OF THE HORNS / MEDIUM SKIN TONE
212	🤘🏾	手势	肤色变体（右键）	🤘🏾	未直接列在现有 Emoji 网格	1f918-1f3fe.png	是	U+1F918 U+1F3FE	People & Body	hand-fingers-partial	fully-qualified	符号的TheHorns、中等偏深肤色	SIGN OF THE HORNS / MEDIUM-DARK SKIN TONE
213	🤘🏿	手势	肤色变体（右键）	🤘🏿	未直接列在现有 Emoji 网格	1f918-1f3ff.png	是	U+1F918 U+1F3FF	People & Body	hand-fingers-partial	fully-qualified	符号的TheHorns、较深肤色	SIGN OF THE HORNS / DARK SKIN TONE
214	🤙	手势	主网格	🤙	Emoji·表情与人物 / 第 5 行	1f919.png	是	U+1F919	People & Body	hand-fingers-partial	fully-qualified	给我打电话	CALL ME HAND
215	🤙🏻	手势	肤色变体（右键）	🤙🏻	未直接列在现有 Emoji 网格	1f919-1f3fb.png	是	U+1F919 U+1F3FB	People & Body	hand-fingers-partial	fully-qualified	CallMe手、较浅肤色	CALL ME HAND / LIGHT SKIN TONE
216	🤙🏼	手势	肤色变体（右键）	🤙🏼	未直接列在现有 Emoji 网格	1f919-1f3fc.png	是	U+1F919 U+1F3FC	People & Body	hand-fingers-partial	fully-qualified	CallMe手、中等偏浅肤色	CALL ME HAND / MEDIUM-LIGHT SKIN TONE
217	🤙🏽	手势	肤色变体（右键）	🤙🏽	未直接列在现有 Emoji 网格	1f919-1f3fd.png	是	U+1F919 U+1F3FD	People & Body	hand-fingers-partial	fully-qualified	CallMe手、中等肤色	CALL ME HAND / MEDIUM SKIN TONE
218	🤙🏾	手势	肤色变体（右键）	🤙🏾	未直接列在现有 Emoji 网格	1f919-1f3fe.png	是	U+1F919 U+1F3FE	People & Body	hand-fingers-partial	fully-qualified	CallMe手、中等偏深肤色	CALL ME HAND / MEDIUM-DARK SKIN TONE
219	🤙🏿	手势	肤色变体（右键）	🤙🏿	未直接列在现有 Emoji 网格	1f919-1f3ff.png	是	U+1F919 U+1F3FF	People & Body	hand-fingers-partial	fully-qualified	CallMe手、较深肤色	CALL ME HAND / DARK SKIN TONE
220	👈	手势	主网格	👈	Emoji·表情与人物 / 第 4 行	1f448.png	是	U+1F448	People & Body	hand-single-finger	fully-qualified	反手食指向左指	WHITE LEFT POINTING BACKHAND INDEX
221	👈🏻	手势	肤色变体（右键）	👈🏻	未直接列在现有 Emoji 网格	1f448-1f3fb.png	是	U+1F448 U+1F3FB	People & Body	hand-single-finger	fully-qualified	空心左PointingBackhandIndex、较浅肤色	WHITE LEFT POINTING BACKHAND INDEX / LIGHT SKIN TONE
222	👈🏼	手势	肤色变体（右键）	👈🏼	未直接列在现有 Emoji 网格	1f448-1f3fc.png	是	U+1F448 U+1F3FC	People & Body	hand-single-finger	fully-qualified	空心左PointingBackhandIndex、中等偏浅肤色	WHITE LEFT POINTING BACKHAND INDEX / MEDIUM-LIGHT SKIN TONE
223	👈🏽	手势	肤色变体（右键）	👈🏽	未直接列在现有 Emoji 网格	1f448-1f3fd.png	是	U+1F448 U+1F3FD	People & Body	hand-single-finger	fully-qualified	空心左PointingBackhandIndex、中等肤色	WHITE LEFT POINTING BACKHAND INDEX / MEDIUM SKIN TONE
224	👈🏾	手势	肤色变体（右键）	👈🏾	未直接列在现有 Emoji 网格	1f448-1f3fe.png	是	U+1F448 U+1F3FE	People & Body	hand-single-finger	fully-qualified	空心左PointingBackhandIndex、中等偏深肤色	WHITE LEFT POINTING BACKHAND INDEX / MEDIUM-DARK SKIN TONE
225	👈🏿	手势	肤色变体（右键）	👈🏿	未直接列在现有 Emoji 网格	1f448-1f3ff.png	是	U+1F448 U+1F3FF	People & Body	hand-single-finger	fully-qualified	空心左PointingBackhandIndex、较深肤色	WHITE LEFT POINTING BACKHAND INDEX / DARK SKIN TONE
226	👉	手势	主网格	👉	Emoji·表情与人物 / 第 4 行	1f449.png	是	U+1F449	People & Body	hand-single-finger	fully-qualified	反手食指向右指	WHITE RIGHT POINTING BACKHAND INDEX
227	👉🏻	手势	肤色变体（右键）	👉🏻	未直接列在现有 Emoji 网格	1f449-1f3fb.png	是	U+1F449 U+1F3FB	People & Body	hand-single-finger	fully-qualified	空心右PointingBackhandIndex、较浅肤色	WHITE RIGHT POINTING BACKHAND INDEX / LIGHT SKIN TONE
228	👉🏼	手势	肤色变体（右键）	👉🏼	未直接列在现有 Emoji 网格	1f449-1f3fc.png	是	U+1F449 U+1F3FC	People & Body	hand-single-finger	fully-qualified	空心右PointingBackhandIndex、中等偏浅肤色	WHITE RIGHT POINTING BACKHAND INDEX / MEDIUM-LIGHT SKIN TONE
229	👉🏽	手势	肤色变体（右键）	👉🏽	未直接列在现有 Emoji 网格	1f449-1f3fd.png	是	U+1F449 U+1F3FD	People & Body	hand-single-finger	fully-qualified	空心右PointingBackhandIndex、中等肤色	WHITE RIGHT POINTING BACKHAND INDEX / MEDIUM SKIN TONE
230	👉🏾	手势	肤色变体（右键）	👉🏾	未直接列在现有 Emoji 网格	1f449-1f3fe.png	是	U+1F449 U+1F3FE	People & Body	hand-single-finger	fully-qualified	空心右PointingBackhandIndex、中等偏深肤色	WHITE RIGHT POINTING BACKHAND INDEX / MEDIUM-DARK SKIN TONE
231	👉🏿	手势	肤色变体（右键）	👉🏿	未直接列在现有 Emoji 网格	1f449-1f3ff.png	是	U+1F449 U+1F3FF	People & Body	hand-single-finger	fully-qualified	空心右PointingBackhandIndex、较深肤色	WHITE RIGHT POINTING BACKHAND INDEX / DARK SKIN TONE
232	👆	手势	主网格	👆	Emoji·表情与人物 / 第 4 行	1f446.png	是	U+1F446	People & Body	hand-single-finger	fully-qualified	反手食指向上指	WHITE UP POINTING BACKHAND INDEX
233	👆🏻	手势	肤色变体（右键）	👆🏻	未直接列在现有 Emoji 网格	1f446-1f3fb.png	是	U+1F446 U+1F3FB	People & Body	hand-single-finger	fully-qualified	空心上PointingBackhandIndex、较浅肤色	WHITE UP POINTING BACKHAND INDEX / LIGHT SKIN TONE
234	👆🏼	手势	肤色变体（右键）	👆🏼	未直接列在现有 Emoji 网格	1f446-1f3fc.png	是	U+1F446 U+1F3FC	People & Body	hand-single-finger	fully-qualified	空心上PointingBackhandIndex、中等偏浅肤色	WHITE UP POINTING BACKHAND INDEX / MEDIUM-LIGHT SKIN TONE
235	👆🏽	手势	肤色变体（右键）	👆🏽	未直接列在现有 Emoji 网格	1f446-1f3fd.png	是	U+1F446 U+1F3FD	People & Body	hand-single-finger	fully-qualified	空心上PointingBackhandIndex、中等肤色	WHITE UP POINTING BACKHAND INDEX / MEDIUM SKIN TONE
236	👆🏾	手势	肤色变体（右键）	👆🏾	未直接列在现有 Emoji 网格	1f446-1f3fe.png	是	U+1F446 U+1F3FE	People & Body	hand-single-finger	fully-qualified	空心上PointingBackhandIndex、中等偏深肤色	WHITE UP POINTING BACKHAND INDEX / MEDIUM-DARK SKIN TONE
237	👆🏿	手势	肤色变体（右键）	👆🏿	未直接列在现有 Emoji 网格	1f446-1f3ff.png	是	U+1F446 U+1F3FF	People & Body	hand-single-finger	fully-qualified	空心上PointingBackhandIndex、较深肤色	WHITE UP POINTING BACKHAND INDEX / DARK SKIN TONE
238	🖕	手势	主网格	🖕	Emoji·表情与人物 / 第 5 行	1f595.png	是	U+1F595	People & Body	hand-single-finger	fully-qualified	竖中指	REVERSED HAND WITH MIDDLE FINGER EXTENDED
239	🖕🏻	手势	肤色变体（右键）	🖕🏻	未直接列在现有 Emoji 网格	1f595-1f3fb.png	是	U+1F595 U+1F3FB	People & Body	hand-single-finger	fully-qualified	反向手带MiddleFingerExtended、较浅肤色	REVERSED HAND WITH MIDDLE FINGER EXTENDED / LIGHT SKIN TONE
240	🖕🏼	手势	肤色变体（右键）	🖕🏼	未直接列在现有 Emoji 网格	1f595-1f3fc.png	是	U+1F595 U+1F3FC	People & Body	hand-single-finger	fully-qualified	反向手带MiddleFingerExtended、中等偏浅肤色	REVERSED HAND WITH MIDDLE FINGER EXTENDED / MEDIUM-LIGHT SKIN TONE
241	🖕🏽	手势	肤色变体（右键）	🖕🏽	未直接列在现有 Emoji 网格	1f595-1f3fd.png	是	U+1F595 U+1F3FD	People & Body	hand-single-finger	fully-qualified	反向手带MiddleFingerExtended、中等肤色	REVERSED HAND WITH MIDDLE FINGER EXTENDED / MEDIUM SKIN TONE
242	🖕🏾	手势	肤色变体（右键）	🖕🏾	未直接列在现有 Emoji 网格	1f595-1f3fe.png	是	U+1F595 U+1F3FE	People & Body	hand-single-finger	fully-qualified	反向手带MiddleFingerExtended、中等偏深肤色	REVERSED HAND WITH MIDDLE FINGER EXTENDED / MEDIUM-DARK SKIN TONE
243	🖕🏿	手势	肤色变体（右键）	🖕🏿	未直接列在现有 Emoji 网格	1f595-1f3ff.png	是	U+1F595 U+1F3FF	People & Body	hand-single-finger	fully-qualified	反向手带MiddleFingerExtended、较深肤色	REVERSED HAND WITH MIDDLE FINGER EXTENDED / DARK SKIN TONE
244	👇	手势	主网格	👇	Emoji·表情与人物 / 第 4 行	1f447.png	是	U+1F447	People & Body	hand-single-finger	fully-qualified	反手食指向下指	WHITE DOWN POINTING BACKHAND INDEX
245	👇🏻	手势	肤色变体（右键）	👇🏻	未直接列在现有 Emoji 网格	1f447-1f3fb.png	是	U+1F447 U+1F3FB	People & Body	hand-single-finger	fully-qualified	空心下PointingBackhandIndex、较浅肤色	WHITE DOWN POINTING BACKHAND INDEX / LIGHT SKIN TONE
246	👇🏼	手势	肤色变体（右键）	👇🏼	未直接列在现有 Emoji 网格	1f447-1f3fc.png	是	U+1F447 U+1F3FC	People & Body	hand-single-finger	fully-qualified	空心下PointingBackhandIndex、中等偏浅肤色	WHITE DOWN POINTING BACKHAND INDEX / MEDIUM-LIGHT SKIN TONE
247	👇🏽	手势	肤色变体（右键）	👇🏽	未直接列在现有 Emoji 网格	1f447-1f3fd.png	是	U+1F447 U+1F3FD	People & Body	hand-single-finger	fully-qualified	空心下PointingBackhandIndex、中等肤色	WHITE DOWN POINTING BACKHAND INDEX / MEDIUM SKIN TONE
248	👇🏾	手势	肤色变体（右键）	👇🏾	未直接列在现有 Emoji 网格	1f447-1f3fe.png	是	U+1F447 U+1F3FE	People & Body	hand-single-finger	fully-qualified	空心下PointingBackhandIndex、中等偏深肤色	WHITE DOWN POINTING BACKHAND INDEX / MEDIUM-DARK SKIN TONE
249	👇🏿	手势	肤色变体（右键）	👇🏿	未直接列在现有 Emoji 网格	1f447-1f3ff.png	是	U+1F447 U+1F3FF	People & Body	hand-single-finger	fully-qualified	空心下PointingBackhandIndex、较深肤色	WHITE DOWN POINTING BACKHAND INDEX / DARK SKIN TONE
250	☝️	手势	主网格	☝️	Emoji·符号与旗帜 / 第 95 行	261d.png	是	U+261D U+FE0F	People & Body	hand-single-finger	fully-qualified	食指向上指	WHITE UP POINTING INDEX
251	☝	手势	呈现别名（不重复显示）	☝️	Emoji·符号与旗帜 / 第 95 行	261d.png	是	U+261D	People & Body	hand-single-finger	unqualified	食指向上指	WHITE UP POINTING INDEX
252	☝🏻	手势	肤色变体（右键）	☝🏻	未直接列在现有 Emoji 网格	261d-1f3fb.png	是	U+261D U+1F3FB	People & Body	hand-single-finger	fully-qualified	空心上PointingIndex、较浅肤色	WHITE UP POINTING INDEX / LIGHT SKIN TONE
253	☝🏼	手势	肤色变体（右键）	☝🏼	未直接列在现有 Emoji 网格	261d-1f3fc.png	是	U+261D U+1F3FC	People & Body	hand-single-finger	fully-qualified	空心上PointingIndex、中等偏浅肤色	WHITE UP POINTING INDEX / MEDIUM-LIGHT SKIN TONE
254	☝🏽	手势	肤色变体（右键）	☝🏽	未直接列在现有 Emoji 网格	261d-1f3fd.png	是	U+261D U+1F3FD	People & Body	hand-single-finger	fully-qualified	空心上PointingIndex、中等肤色	WHITE UP POINTING INDEX / MEDIUM SKIN TONE
255	☝🏾	手势	肤色变体（右键）	☝🏾	未直接列在现有 Emoji 网格	261d-1f3fe.png	是	U+261D U+1F3FE	People & Body	hand-single-finger	fully-qualified	空心上PointingIndex、中等偏深肤色	WHITE UP POINTING INDEX / MEDIUM-DARK SKIN TONE
256	☝🏿	手势	肤色变体（右键）	☝🏿	未直接列在现有 Emoji 网格	261d-1f3ff.png	是	U+261D U+1F3FF	People & Body	hand-single-finger	fully-qualified	空心上PointingIndex、较深肤色	WHITE UP POINTING INDEX / DARK SKIN TONE
257	🫵	手势	主网格	🫵	Emoji·符号与旗帜 / 第 91 行	1faf5.png	是	U+1FAF5	People & Body	hand-single-finger	fully-qualified	指向观察者的食指	INDEX POINTING AT THE VIEWER
258	👍	手势	主网格	👍	Emoji·符号与旗帜 / 第 42 行	1f44d.png	是	U+1F44D	People & Body	hand-fingers-closed	fully-qualified	拇指向上	THUMBS UP SIGN
259	👍🏻	手势	肤色变体（右键）	👍🏻	未直接列在现有 Emoji 网格	1f44d-1f3fb.png	是	U+1F44D U+1F3FB	People & Body	hand-fingers-closed	fully-qualified	Thumbs上符号、较浅肤色	THUMBS UP SIGN / LIGHT SKIN TONE
260	👍🏼	手势	肤色变体（右键）	👍🏼	未直接列在现有 Emoji 网格	1f44d-1f3fc.png	是	U+1F44D U+1F3FC	People & Body	hand-fingers-closed	fully-qualified	Thumbs上符号、中等偏浅肤色	THUMBS UP SIGN / MEDIUM-LIGHT SKIN TONE
261	👍🏽	手势	肤色变体（右键）	👍🏽	未直接列在现有 Emoji 网格	1f44d-1f3fd.png	是	U+1F44D U+1F3FD	People & Body	hand-fingers-closed	fully-qualified	Thumbs上符号、中等肤色	THUMBS UP SIGN / MEDIUM SKIN TONE
262	👍🏾	手势	肤色变体（右键）	👍🏾	未直接列在现有 Emoji 网格	1f44d-1f3fe.png	是	U+1F44D U+1F3FE	People & Body	hand-fingers-closed	fully-qualified	Thumbs上符号、中等偏深肤色	THUMBS UP SIGN / MEDIUM-DARK SKIN TONE
263	👍🏿	手势	肤色变体（右键）	👍🏿	未直接列在现有 Emoji 网格	1f44d-1f3ff.png	是	U+1F44D U+1F3FF	People & Body	hand-fingers-closed	fully-qualified	Thumbs上符号、较深肤色	THUMBS UP SIGN / DARK SKIN TONE
264	👎	手势	主网格	👎	Emoji·符号与旗帜 / 第 42 行	1f44e.png	是	U+1F44E	People & Body	hand-fingers-closed	fully-qualified	拇指向下	THUMBS DOWN SIGN
265	👎🏻	手势	肤色变体（右键）	👎🏻	未直接列在现有 Emoji 网格	1f44e-1f3fb.png	是	U+1F44E U+1F3FB	People & Body	hand-fingers-closed	fully-qualified	Thumbs下符号、较浅肤色	THUMBS DOWN SIGN / LIGHT SKIN TONE
266	👎🏼	手势	肤色变体（右键）	👎🏼	未直接列在现有 Emoji 网格	1f44e-1f3fc.png	是	U+1F44E U+1F3FC	People & Body	hand-fingers-closed	fully-qualified	Thumbs下符号、中等偏浅肤色	THUMBS DOWN SIGN / MEDIUM-LIGHT SKIN TONE
267	👎🏽	手势	肤色变体（右键）	👎🏽	未直接列在现有 Emoji 网格	1f44e-1f3fd.png	是	U+1F44E U+1F3FD	People & Body	hand-fingers-closed	fully-qualified	Thumbs下符号、中等肤色	THUMBS DOWN SIGN / MEDIUM SKIN TONE
268	👎🏾	手势	肤色变体（右键）	👎🏾	未直接列在现有 Emoji 网格	1f44e-1f3fe.png	是	U+1F44E U+1F3FE	People & Body	hand-fingers-closed	fully-qualified	Thumbs下符号、中等偏深肤色	THUMBS DOWN SIGN / MEDIUM-DARK SKIN TONE
269	👎🏿	手势	肤色变体（右键）	👎🏿	未直接列在现有 Emoji 网格	1f44e-1f3ff.png	是	U+1F44E U+1F3FF	People & Body	hand-fingers-closed	fully-qualified	Thumbs下符号、较深肤色	THUMBS DOWN SIGN / DARK SKIN TONE
270	✊	手势	主网格	✊	Emoji·符号与旗帜 / 第 42 行	270a.png	是	U+270A	People & Body	hand-fingers-closed	fully-qualified	举起拳头	RAISED FIST
271	✊🏻	手势	肤色变体（右键）	✊🏻	未直接列在现有 Emoji 网格	270a-1f3fb.png	是	U+270A U+1F3FB	People & Body	hand-fingers-closed	fully-qualified	Raised拳头、较浅肤色	RAISED FIST / LIGHT SKIN TONE
272	✊🏼	手势	肤色变体（右键）	✊🏼	未直接列在现有 Emoji 网格	270a-1f3fc.png	是	U+270A U+1F3FC	People & Body	hand-fingers-closed	fully-qualified	Raised拳头、中等偏浅肤色	RAISED FIST / MEDIUM-LIGHT SKIN TONE
273	✊🏽	手势	肤色变体（右键）	✊🏽	未直接列在现有 Emoji 网格	270a-1f3fd.png	是	U+270A U+1F3FD	People & Body	hand-fingers-closed	fully-qualified	Raised拳头、中等肤色	RAISED FIST / MEDIUM SKIN TONE
274	✊🏾	手势	肤色变体（右键）	✊🏾	未直接列在现有 Emoji 网格	270a-1f3fe.png	是	U+270A U+1F3FE	People & Body	hand-fingers-closed	fully-qualified	Raised拳头、中等偏深肤色	RAISED FIST / MEDIUM-DARK SKIN TONE
275	✊🏿	手势	肤色变体（右键）	✊🏿	未直接列在现有 Emoji 网格	270a-1f3ff.png	是	U+270A U+1F3FF	People & Body	hand-fingers-closed	fully-qualified	Raised拳头、较深肤色	RAISED FIST / DARK SKIN TONE
276	👊	手势	主网格	👊	Emoji·表情与人物 / 第 4 行	1f44a.png	是	U+1F44A	People & Body	hand-fingers-closed	fully-qualified	出拳	FISTED HAND SIGN
277	👊🏻	手势	肤色变体（右键）	👊🏻	未直接列在现有 Emoji 网格	1f44a-1f3fb.png	是	U+1F44A U+1F3FB	People & Body	hand-fingers-closed	fully-qualified	Fisted手符号、较浅肤色	FISTED HAND SIGN / LIGHT SKIN TONE
278	👊🏼	手势	肤色变体（右键）	👊🏼	未直接列在现有 Emoji 网格	1f44a-1f3fc.png	是	U+1F44A U+1F3FC	People & Body	hand-fingers-closed	fully-qualified	Fisted手符号、中等偏浅肤色	FISTED HAND SIGN / MEDIUM-LIGHT SKIN TONE
279	👊🏽	手势	肤色变体（右键）	👊🏽	未直接列在现有 Emoji 网格	1f44a-1f3fd.png	是	U+1F44A U+1F3FD	People & Body	hand-fingers-closed	fully-qualified	Fisted手符号、中等肤色	FISTED HAND SIGN / MEDIUM SKIN TONE
280	👊🏾	手势	肤色变体（右键）	👊🏾	未直接列在现有 Emoji 网格	1f44a-1f3fe.png	是	U+1F44A U+1F3FE	People & Body	hand-fingers-closed	fully-qualified	Fisted手符号、中等偏深肤色	FISTED HAND SIGN / MEDIUM-DARK SKIN TONE
281	👊🏿	手势	肤色变体（右键）	👊🏿	未直接列在现有 Emoji 网格	1f44a-1f3ff.png	是	U+1F44A U+1F3FF	People & Body	hand-fingers-closed	fully-qualified	Fisted手符号、较深肤色	FISTED HAND SIGN / DARK SKIN TONE
282	🤛	手势	主网格	🤛	Emoji·符号与旗帜 / 第 43 行	1f91b.png	是	U+1F91B	People & Body	hand-fingers-closed	fully-qualified	朝左的拳头	LEFT-FACING FIST
283	🤛🏻	手势	肤色变体（右键）	🤛🏻	未直接列在现有 Emoji 网格	1f91b-1f3fb.png	是	U+1F91B U+1F3FB	People & Body	hand-fingers-closed	fully-qualified	左-Facing拳头、较浅肤色	LEFT-FACING FIST / LIGHT SKIN TONE
284	🤛🏼	手势	肤色变体（右键）	🤛🏼	未直接列在现有 Emoji 网格	1f91b-1f3fc.png	是	U+1F91B U+1F3FC	People & Body	hand-fingers-closed	fully-qualified	左-Facing拳头、中等偏浅肤色	LEFT-FACING FIST / MEDIUM-LIGHT SKIN TONE
285	🤛🏽	手势	肤色变体（右键）	🤛🏽	未直接列在现有 Emoji 网格	1f91b-1f3fd.png	是	U+1F91B U+1F3FD	People & Body	hand-fingers-closed	fully-qualified	左-Facing拳头、中等肤色	LEFT-FACING FIST / MEDIUM SKIN TONE
286	🤛🏾	手势	肤色变体（右键）	🤛🏾	未直接列在现有 Emoji 网格	1f91b-1f3fe.png	是	U+1F91B U+1F3FE	People & Body	hand-fingers-closed	fully-qualified	左-Facing拳头、中等偏深肤色	LEFT-FACING FIST / MEDIUM-DARK SKIN TONE
287	🤛🏿	手势	肤色变体（右键）	🤛🏿	未直接列在现有 Emoji 网格	1f91b-1f3ff.png	是	U+1F91B U+1F3FF	People & Body	hand-fingers-closed	fully-qualified	左-Facing拳头、较深肤色	LEFT-FACING FIST / DARK SKIN TONE
288	🤜	手势	主网格	🤜	Emoji·符号与旗帜 / 第 43 行	1f91c.png	是	U+1F91C	People & Body	hand-fingers-closed	fully-qualified	朝右的拳头	RIGHT-FACING FIST
289	🤜🏻	手势	肤色变体（右键）	🤜🏻	未直接列在现有 Emoji 网格	1f91c-1f3fb.png	是	U+1F91C U+1F3FB	People & Body	hand-fingers-closed	fully-qualified	右-Facing拳头、较浅肤色	RIGHT-FACING FIST / LIGHT SKIN TONE
290	🤜🏼	手势	肤色变体（右键）	🤜🏼	未直接列在现有 Emoji 网格	1f91c-1f3fc.png	是	U+1F91C U+1F3FC	People & Body	hand-fingers-closed	fully-qualified	右-Facing拳头、中等偏浅肤色	RIGHT-FACING FIST / MEDIUM-LIGHT SKIN TONE
291	🤜🏽	手势	肤色变体（右键）	🤜🏽	未直接列在现有 Emoji 网格	1f91c-1f3fd.png	是	U+1F91C U+1F3FD	People & Body	hand-fingers-closed	fully-qualified	右-Facing拳头、中等肤色	RIGHT-FACING FIST / MEDIUM SKIN TONE
292	🤜🏾	手势	肤色变体（右键）	🤜🏾	未直接列在现有 Emoji 网格	1f91c-1f3fe.png	是	U+1F91C U+1F3FE	People & Body	hand-fingers-closed	fully-qualified	右-Facing拳头、中等偏深肤色	RIGHT-FACING FIST / MEDIUM-DARK SKIN TONE
293	🤜🏿	手势	肤色变体（右键）	🤜🏿	未直接列在现有 Emoji 网格	1f91c-1f3ff.png	是	U+1F91C U+1F3FF	People & Body	hand-fingers-closed	fully-qualified	右-Facing拳头、较深肤色	RIGHT-FACING FIST / DARK SKIN TONE
294	👏	手势	主网格	👏	Emoji·表情与人物 / 第 4 行	1f44f.png	是	U+1F44F	People & Body	hands	fully-qualified	鼓掌	CLAPPING HANDS SIGN
295	👏🏻	手势	肤色变体（右键）	👏🏻	未直接列在现有 Emoji 网格	1f44f-1f3fb.png	是	U+1F44F U+1F3FB	People & Body	hands	fully-qualified	ClappingHands符号、较浅肤色	CLAPPING HANDS SIGN / LIGHT SKIN TONE
296	👏🏼	手势	肤色变体（右键）	👏🏼	未直接列在现有 Emoji 网格	1f44f-1f3fc.png	是	U+1F44F U+1F3FC	People & Body	hands	fully-qualified	ClappingHands符号、中等偏浅肤色	CLAPPING HANDS SIGN / MEDIUM-LIGHT SKIN TONE
297	👏🏽	手势	肤色变体（右键）	👏🏽	未直接列在现有 Emoji 网格	1f44f-1f3fd.png	是	U+1F44F U+1F3FD	People & Body	hands	fully-qualified	ClappingHands符号、中等肤色	CLAPPING HANDS SIGN / MEDIUM SKIN TONE
298	👏🏾	手势	肤色变体（右键）	👏🏾	未直接列在现有 Emoji 网格	1f44f-1f3fe.png	是	U+1F44F U+1F3FE	People & Body	hands	fully-qualified	ClappingHands符号、中等偏深肤色	CLAPPING HANDS SIGN / MEDIUM-DARK SKIN TONE
299	👏🏿	手势	肤色变体（右键）	👏🏿	未直接列在现有 Emoji 网格	1f44f-1f3ff.png	是	U+1F44F U+1F3FF	People & Body	hands	fully-qualified	ClappingHands符号、较深肤色	CLAPPING HANDS SIGN / DARK SKIN TONE
300	🙌	手势	主网格	🙌	Emoji·表情与人物 / 第 5 行	1f64c.png	是	U+1F64C	People & Body	hands	fully-qualified	举双手	PERSON RAISING BOTH HANDS IN CELEBRATION
301	🙌🏻	手势	肤色变体（右键）	🙌🏻	未直接列在现有 Emoji 网格	1f64c-1f3fb.png	是	U+1F64C U+1F3FB	People & Body	hands	fully-qualified	人物RaisingBothHands内Celebration、较浅肤色	PERSON RAISING BOTH HANDS IN CELEBRATION / LIGHT SKIN TONE
302	🙌🏼	手势	肤色变体（右键）	🙌🏼	未直接列在现有 Emoji 网格	1f64c-1f3fc.png	是	U+1F64C U+1F3FC	People & Body	hands	fully-qualified	人物RaisingBothHands内Celebration、中等偏浅肤色	PERSON RAISING BOTH HANDS IN CELEBRATION / MEDIUM-LIGHT SKIN TONE
303	🙌🏽	手势	肤色变体（右键）	🙌🏽	未直接列在现有 Emoji 网格	1f64c-1f3fd.png	是	U+1F64C U+1F3FD	People & Body	hands	fully-qualified	人物RaisingBothHands内Celebration、中等肤色	PERSON RAISING BOTH HANDS IN CELEBRATION / MEDIUM SKIN TONE
304	🙌🏾	手势	肤色变体（右键）	🙌🏾	未直接列在现有 Emoji 网格	1f64c-1f3fe.png	是	U+1F64C U+1F3FE	People & Body	hands	fully-qualified	人物RaisingBothHands内Celebration、中等偏深肤色	PERSON RAISING BOTH HANDS IN CELEBRATION / MEDIUM-DARK SKIN TONE
305	🙌🏿	手势	肤色变体（右键）	🙌🏿	未直接列在现有 Emoji 网格	1f64c-1f3ff.png	是	U+1F64C U+1F3FF	People & Body	hands	fully-qualified	人物RaisingBothHands内Celebration、较深肤色	PERSON RAISING BOTH HANDS IN CELEBRATION / DARK SKIN TONE
306	🫶	手势	主网格	🫶	Emoji·表情与人物 / 第 7 行	1faf6.png	是	U+1FAF6	People & Body	hands	fully-qualified	做成心形的双手	HEART HANDS
307	👐	手势	主网格	👐	Emoji·表情与人物 / 第 4 行	1f450.png	是	U+1F450	People & Body	hands	fully-qualified	张开双手	OPEN HANDS SIGN
308	👐🏻	手势	肤色变体（右键）	👐🏻	未直接列在现有 Emoji 网格	1f450-1f3fb.png	是	U+1F450 U+1F3FB	People & Body	hands	fully-qualified	开放Hands符号、较浅肤色	OPEN HANDS SIGN / LIGHT SKIN TONE
309	👐🏼	手势	肤色变体（右键）	👐🏼	未直接列在现有 Emoji 网格	1f450-1f3fc.png	是	U+1F450 U+1F3FC	People & Body	hands	fully-qualified	开放Hands符号、中等偏浅肤色	OPEN HANDS SIGN / MEDIUM-LIGHT SKIN TONE
310	👐🏽	手势	肤色变体（右键）	👐🏽	未直接列在现有 Emoji 网格	1f450-1f3fd.png	是	U+1F450 U+1F3FD	People & Body	hands	fully-qualified	开放Hands符号、中等肤色	OPEN HANDS SIGN / MEDIUM SKIN TONE
311	👐🏾	手势	肤色变体（右键）	👐🏾	未直接列在现有 Emoji 网格	1f450-1f3fe.png	是	U+1F450 U+1F3FE	People & Body	hands	fully-qualified	开放Hands符号、中等偏深肤色	OPEN HANDS SIGN / MEDIUM-DARK SKIN TONE
312	👐🏿	手势	肤色变体（右键）	👐🏿	未直接列在现有 Emoji 网格	1f450-1f3ff.png	是	U+1F450 U+1F3FF	People & Body	hands	fully-qualified	开放Hands符号、较深肤色	OPEN HANDS SIGN / DARK SKIN TONE
313	🤲	手势	主网格	🤲	Emoji·符号与旗帜 / 第 43 行	1f932.png	是	U+1F932	People & Body	hands	fully-qualified	掌心向上托起	PALMS UP TOGETHER
314	🤲🏻	手势	肤色变体（右键）	🤲🏻	未直接列在现有 Emoji 网格	1f932-1f3fb.png	是	U+1F932 U+1F3FB	People & Body	hands	fully-qualified	Palms上Together、较浅肤色	PALMS UP TOGETHER / LIGHT SKIN TONE
315	🤲🏼	手势	肤色变体（右键）	🤲🏼	未直接列在现有 Emoji 网格	1f932-1f3fc.png	是	U+1F932 U+1F3FC	People & Body	hands	fully-qualified	Palms上Together、中等偏浅肤色	PALMS UP TOGETHER / MEDIUM-LIGHT SKIN TONE
316	🤲🏽	手势	肤色变体（右键）	🤲🏽	未直接列在现有 Emoji 网格	1f932-1f3fd.png	是	U+1F932 U+1F3FD	People & Body	hands	fully-qualified	Palms上Together、中等肤色	PALMS UP TOGETHER / MEDIUM SKIN TONE
317	🤲🏾	手势	肤色变体（右键）	🤲🏾	未直接列在现有 Emoji 网格	1f932-1f3fe.png	是	U+1F932 U+1F3FE	People & Body	hands	fully-qualified	Palms上Together、中等偏深肤色	PALMS UP TOGETHER / MEDIUM-DARK SKIN TONE
318	🤲🏿	手势	肤色变体（右键）	🤲🏿	未直接列在现有 Emoji 网格	1f932-1f3ff.png	是	U+1F932 U+1F3FF	People & Body	hands	fully-qualified	Palms上Together、较深肤色	PALMS UP TOGETHER / DARK SKIN TONE
319	🤝	手势	主网格	🤝	Emoji·表情与人物 / 第 6 行	1f91d.png	是	U+1F91D	People & Body	hands	fully-qualified	握手	HANDSHAKE
320	🙏	手势	主网格	🙏	Emoji·表情与人物 / 第 5 行	1f64f.png	是	U+1F64F	People & Body	hands	fully-qualified	双手合十	PERSON WITH FOLDED HANDS
321	🙏🏻	手势	肤色变体（右键）	🙏🏻	未直接列在现有 Emoji 网格	1f64f-1f3fb.png	是	U+1F64F U+1F3FB	People & Body	hands	fully-qualified	人物带FoldedHands、较浅肤色	PERSON WITH FOLDED HANDS / LIGHT SKIN TONE
322	🙏🏼	手势	肤色变体（右键）	🙏🏼	未直接列在现有 Emoji 网格	1f64f-1f3fc.png	是	U+1F64F U+1F3FC	People & Body	hands	fully-qualified	人物带FoldedHands、中等偏浅肤色	PERSON WITH FOLDED HANDS / MEDIUM-LIGHT SKIN TONE
323	🙏🏽	手势	肤色变体（右键）	🙏🏽	未直接列在现有 Emoji 网格	1f64f-1f3fd.png	是	U+1F64F U+1F3FD	People & Body	hands	fully-qualified	人物带FoldedHands、中等肤色	PERSON WITH FOLDED HANDS / MEDIUM SKIN TONE
324	🙏🏾	手势	肤色变体（右键）	🙏🏾	未直接列在现有 Emoji 网格	1f64f-1f3fe.png	是	U+1F64F U+1F3FE	People & Body	hands	fully-qualified	人物带FoldedHands、中等偏深肤色	PERSON WITH FOLDED HANDS / MEDIUM-DARK SKIN TONE
325	🙏🏿	手势	肤色变体（右键）	🙏🏿	未直接列在现有 Emoji 网格	1f64f-1f3ff.png	是	U+1F64F U+1F3FF	People & Body	hands	fully-qualified	人物带FoldedHands、较深肤色	PERSON WITH FOLDED HANDS / DARK SKIN TONE
326	✍️	手势	主网格	✍️	Emoji·表情与人物 / 第 6 行	270d.png	是	U+270D U+FE0F	People & Body	hand-prop	fully-qualified	写字	WRITING HAND
327	✍	手势	呈现别名（不重复显示）	✍️	Emoji·表情与人物 / 第 6 行	270d.png	是	U+270D	People & Body	hand-prop	unqualified	写字	WRITING HAND
328	✍🏻	手势	肤色变体（右键）	✍🏻	未直接列在现有 Emoji 网格	270d-1f3fb.png	是	U+270D U+1F3FB	People & Body	hand-prop	fully-qualified	Writing手、较浅肤色	WRITING HAND / LIGHT SKIN TONE
329	✍🏼	手势	肤色变体（右键）	✍🏼	未直接列在现有 Emoji 网格	270d-1f3fc.png	是	U+270D U+1F3FC	People & Body	hand-prop	fully-qualified	Writing手、中等偏浅肤色	WRITING HAND / MEDIUM-LIGHT SKIN TONE
330	✍🏽	手势	肤色变体（右键）	✍🏽	未直接列在现有 Emoji 网格	270d-1f3fd.png	是	U+270D U+1F3FD	People & Body	hand-prop	fully-qualified	Writing手、中等肤色	WRITING HAND / MEDIUM SKIN TONE
331	✍🏾	手势	肤色变体（右键）	✍🏾	未直接列在现有 Emoji 网格	270d-1f3fe.png	是	U+270D U+1F3FE	People & Body	hand-prop	fully-qualified	Writing手、中等偏深肤色	WRITING HAND / MEDIUM-DARK SKIN TONE
332	✍🏿	手势	肤色变体（右键）	✍🏿	未直接列在现有 Emoji 网格	270d-1f3ff.png	是	U+270D U+1F3FF	People & Body	hand-prop	fully-qualified	Writing手、较深肤色	WRITING HAND / DARK SKIN TONE
333	💅	手势	主网格	💅	Emoji·符号与旗帜 / 第 43 行	1f485.png	是	U+1F485	People & Body	hand-prop	fully-qualified	涂指甲油	NAIL POLISH
334	💅🏻	手势	肤色变体（右键）	💅🏻	未直接列在现有 Emoji 网格	1f485-1f3fb.png	是	U+1F485 U+1F3FB	People & Body	hand-prop	fully-qualified	NailPolish、较浅肤色	NAIL POLISH / LIGHT SKIN TONE
335	💅🏼	手势	肤色变体（右键）	💅🏼	未直接列在现有 Emoji 网格	1f485-1f3fc.png	是	U+1F485 U+1F3FC	People & Body	hand-prop	fully-qualified	NailPolish、中等偏浅肤色	NAIL POLISH / MEDIUM-LIGHT SKIN TONE
336	💅🏽	手势	肤色变体（右键）	💅🏽	未直接列在现有 Emoji 网格	1f485-1f3fd.png	是	U+1F485 U+1F3FD	People & Body	hand-prop	fully-qualified	NailPolish、中等肤色	NAIL POLISH / MEDIUM SKIN TONE
337	💅🏾	手势	肤色变体（右键）	💅🏾	未直接列在现有 Emoji 网格	1f485-1f3fe.png	是	U+1F485 U+1F3FE	People & Body	hand-prop	fully-qualified	NailPolish、中等偏深肤色	NAIL POLISH / MEDIUM-DARK SKIN TONE
338	💅🏿	手势	肤色变体（右键）	💅🏿	未直接列在现有 Emoji 网格	1f485-1f3ff.png	是	U+1F485 U+1F3FF	People & Body	hand-prop	fully-qualified	NailPolish、较深肤色	NAIL POLISH / DARK SKIN TONE
339	🤳	手势	主网格	🤳	Emoji·符号与旗帜 / 第 43 行	1f933.png	是	U+1F933	People & Body	hand-prop	fully-qualified	自拍	SELFIE
340	🤳🏻	手势	肤色变体（右键）	🤳🏻	未直接列在现有 Emoji 网格	1f933-1f3fb.png	是	U+1F933 U+1F3FB	People & Body	hand-prop	fully-qualified	Selfie、较浅肤色	SELFIE / LIGHT SKIN TONE
341	🤳🏼	手势	肤色变体（右键）	🤳🏼	未直接列在现有 Emoji 网格	1f933-1f3fc.png	是	U+1F933 U+1F3FC	People & Body	hand-prop	fully-qualified	Selfie、中等偏浅肤色	SELFIE / MEDIUM-LIGHT SKIN TONE
342	🤳🏽	手势	肤色变体（右键）	🤳🏽	未直接列在现有 Emoji 网格	1f933-1f3fd.png	是	U+1F933 U+1F3FD	People & Body	hand-prop	fully-qualified	Selfie、中等肤色	SELFIE / MEDIUM SKIN TONE
343	🤳🏾	手势	肤色变体（右键）	🤳🏾	未直接列在现有 Emoji 网格	1f933-1f3fe.png	是	U+1F933 U+1F3FE	People & Body	hand-prop	fully-qualified	Selfie、中等偏深肤色	SELFIE / MEDIUM-DARK SKIN TONE
344	🤳🏿	手势	肤色变体（右键）	🤳🏿	未直接列在现有 Emoji 网格	1f933-1f3ff.png	是	U+1F933 U+1F3FF	People & Body	hand-prop	fully-qualified	Selfie、较深肤色	SELFIE / DARK SKIN TONE
345	💪	手势	主网格	💪	Emoji·符号与旗帜 / 第 43 行	1f4aa.png	是	U+1F4AA	People & Body	body-parts	fully-qualified	肌肉	FLEXED BICEPS
346	💪🏻	手势	肤色变体（右键）	💪🏻	未直接列在现有 Emoji 网格	1f4aa-1f3fb.png	是	U+1F4AA U+1F3FB	People & Body	body-parts	fully-qualified	FlexedBiceps、较浅肤色	FLEXED BICEPS / LIGHT SKIN TONE
347	💪🏼	手势	肤色变体（右键）	💪🏼	未直接列在现有 Emoji 网格	1f4aa-1f3fc.png	是	U+1F4AA U+1F3FC	People & Body	body-parts	fully-qualified	FlexedBiceps、中等偏浅肤色	FLEXED BICEPS / MEDIUM-LIGHT SKIN TONE
348	💪🏽	手势	肤色变体（右键）	💪🏽	未直接列在现有 Emoji 网格	1f4aa-1f3fd.png	是	U+1F4AA U+1F3FD	People & Body	body-parts	fully-qualified	FlexedBiceps、中等肤色	FLEXED BICEPS / MEDIUM SKIN TONE
349	💪🏾	手势	肤色变体（右键）	💪🏾	未直接列在现有 Emoji 网格	1f4aa-1f3fe.png	是	U+1F4AA U+1F3FE	People & Body	body-parts	fully-qualified	FlexedBiceps、中等偏深肤色	FLEXED BICEPS / MEDIUM-DARK SKIN TONE
350	💪🏿	手势	肤色变体（右键）	💪🏿	未直接列在现有 Emoji 网格	1f4aa-1f3ff.png	是	U+1F4AA U+1F3FF	People & Body	body-parts	fully-qualified	FlexedBiceps、较深肤色	FLEXED BICEPS / DARK SKIN TONE
351	🦾	手势	主网格	🦾	Emoji·符号与旗帜 / 第 73 行	1f9be.png	是	U+1F9BE	People & Body	body-parts	fully-qualified	机械手臂	MECHANICAL ARM
352	🦿	手势	主网格	🦿	Emoji·符号与旗帜 / 第 73 行	1f9bf.png	是	U+1F9BF	People & Body	body-parts	fully-qualified	机械腿	MECHANICAL LEG
353	🦵	手势	主网格	🦵	Emoji·符号与旗帜 / 第 44 行	1f9b5.png	是	U+1F9B5	People & Body	body-parts	fully-qualified	腿	LEG
354	🦵🏻	手势	肤色变体（右键）	🦵🏻	未直接列在现有 Emoji 网格	1f9b5-1f3fb.png	是	U+1F9B5 U+1F3FB	People & Body	body-parts	fully-qualified	Leg、较浅肤色	LEG / LIGHT SKIN TONE
355	🦵🏼	手势	肤色变体（右键）	🦵🏼	未直接列在现有 Emoji 网格	1f9b5-1f3fc.png	是	U+1F9B5 U+1F3FC	People & Body	body-parts	fully-qualified	Leg、中等偏浅肤色	LEG / MEDIUM-LIGHT SKIN TONE
356	🦵🏽	手势	肤色变体（右键）	🦵🏽	未直接列在现有 Emoji 网格	1f9b5-1f3fd.png	是	U+1F9B5 U+1F3FD	People & Body	body-parts	fully-qualified	Leg、中等肤色	LEG / MEDIUM SKIN TONE
357	🦵🏾	手势	肤色变体（右键）	🦵🏾	未直接列在现有 Emoji 网格	1f9b5-1f3fe.png	是	U+1F9B5 U+1F3FE	People & Body	body-parts	fully-qualified	Leg、中等偏深肤色	LEG / MEDIUM-DARK SKIN TONE
358	🦵🏿	手势	肤色变体（右键）	🦵🏿	未直接列在现有 Emoji 网格	1f9b5-1f3ff.png	是	U+1F9B5 U+1F3FF	People & Body	body-parts	fully-qualified	Leg、较深肤色	LEG / DARK SKIN TONE
359	🦶	手势	主网格	🦶	Emoji·符号与旗帜 / 第 44 行	1f9b6.png	是	U+1F9B6	People & Body	body-parts	fully-qualified	脚	FOOT
360	🦶🏻	手势	肤色变体（右键）	🦶🏻	未直接列在现有 Emoji 网格	1f9b6-1f3fb.png	是	U+1F9B6 U+1F3FB	People & Body	body-parts	fully-qualified	Foot、较浅肤色	FOOT / LIGHT SKIN TONE
361	🦶🏼	手势	肤色变体（右键）	🦶🏼	未直接列在现有 Emoji 网格	1f9b6-1f3fc.png	是	U+1F9B6 U+1F3FC	People & Body	body-parts	fully-qualified	Foot、中等偏浅肤色	FOOT / MEDIUM-LIGHT SKIN TONE
362	🦶🏽	手势	肤色变体（右键）	🦶🏽	未直接列在现有 Emoji 网格	1f9b6-1f3fd.png	是	U+1F9B6 U+1F3FD	People & Body	body-parts	fully-qualified	Foot、中等肤色	FOOT / MEDIUM SKIN TONE
363	🦶🏾	手势	肤色变体（右键）	🦶🏾	未直接列在现有 Emoji 网格	1f9b6-1f3fe.png	是	U+1F9B6 U+1F3FE	People & Body	body-parts	fully-qualified	Foot、中等偏深肤色	FOOT / MEDIUM-DARK SKIN TONE
364	🦶🏿	手势	肤色变体（右键）	🦶🏿	未直接列在现有 Emoji 网格	1f9b6-1f3ff.png	是	U+1F9B6 U+1F3FF	People & Body	body-parts	fully-qualified	Foot、较深肤色	FOOT / DARK SKIN TONE
365	👂	手势	主网格	👂	Emoji·符号与旗帜 / 第 42 行	1f442.png	是	U+1F442	People & Body	body-parts	fully-qualified	耳朵	EAR
366	👂🏻	手势	肤色变体（右键）	👂🏻	未直接列在现有 Emoji 网格	1f442-1f3fb.png	是	U+1F442 U+1F3FB	People & Body	body-parts	fully-qualified	Ear、较浅肤色	EAR / LIGHT SKIN TONE
367	👂🏼	手势	肤色变体（右键）	👂🏼	未直接列在现有 Emoji 网格	1f442-1f3fc.png	是	U+1F442 U+1F3FC	People & Body	body-parts	fully-qualified	Ear、中等偏浅肤色	EAR / MEDIUM-LIGHT SKIN TONE
368	👂🏽	手势	肤色变体（右键）	👂🏽	未直接列在现有 Emoji 网格	1f442-1f3fd.png	是	U+1F442 U+1F3FD	People & Body	body-parts	fully-qualified	Ear、中等肤色	EAR / MEDIUM SKIN TONE
369	👂🏾	手势	肤色变体（右键）	👂🏾	未直接列在现有 Emoji 网格	1f442-1f3fe.png	是	U+1F442 U+1F3FE	People & Body	body-parts	fully-qualified	Ear、中等偏深肤色	EAR / MEDIUM-DARK SKIN TONE
370	👂🏿	手势	肤色变体（右键）	👂🏿	未直接列在现有 Emoji 网格	1f442-1f3ff.png	是	U+1F442 U+1F3FF	People & Body	body-parts	fully-qualified	Ear、较深肤色	EAR / DARK SKIN TONE
371	🦻	手势	主网格	🦻	Emoji·符号与旗帜 / 第 44 行	1f9bb.png	是	U+1F9BB	People & Body	body-parts	fully-qualified	戴助听器的耳朵	EAR WITH HEARING AID
372	🦻🏻	手势	肤色变体（右键）	🦻🏻	未直接列在现有 Emoji 网格	1f9bb-1f3fb.png	是	U+1F9BB U+1F3FB	People & Body	body-parts	fully-qualified	Ear带HearingAid、较浅肤色	EAR WITH HEARING AID / LIGHT SKIN TONE
373	🦻🏼	手势	肤色变体（右键）	🦻🏼	未直接列在现有 Emoji 网格	1f9bb-1f3fc.png	是	U+1F9BB U+1F3FC	People & Body	body-parts	fully-qualified	Ear带HearingAid、中等偏浅肤色	EAR WITH HEARING AID / MEDIUM-LIGHT SKIN TONE
374	🦻🏽	手势	肤色变体（右键）	🦻🏽	未直接列在现有 Emoji 网格	1f9bb-1f3fd.png	是	U+1F9BB U+1F3FD	People & Body	body-parts	fully-qualified	Ear带HearingAid、中等肤色	EAR WITH HEARING AID / MEDIUM SKIN TONE
375	🦻🏾	手势	肤色变体（右键）	🦻🏾	未直接列在现有 Emoji 网格	1f9bb-1f3fe.png	是	U+1F9BB U+1F3FE	People & Body	body-parts	fully-qualified	Ear带HearingAid、中等偏深肤色	EAR WITH HEARING AID / MEDIUM-DARK SKIN TONE
376	🦻🏿	手势	肤色变体（右键）	🦻🏿	未直接列在现有 Emoji 网格	1f9bb-1f3ff.png	是	U+1F9BB U+1F3FF	People & Body	body-parts	fully-qualified	Ear带HearingAid、较深肤色	EAR WITH HEARING AID / DARK SKIN TONE
377	👃	手势	主网格	👃	Emoji·符号与旗帜 / 第 42 行	1f443.png	是	U+1F443	People & Body	body-parts	fully-qualified	鼻子	NOSE
378	👃🏻	手势	肤色变体（右键）	👃🏻	未直接列在现有 Emoji 网格	1f443-1f3fb.png	是	U+1F443 U+1F3FB	People & Body	body-parts	fully-qualified	Nose、较浅肤色	NOSE / LIGHT SKIN TONE
379	👃🏼	手势	肤色变体（右键）	👃🏼	未直接列在现有 Emoji 网格	1f443-1f3fc.png	是	U+1F443 U+1F3FC	People & Body	body-parts	fully-qualified	Nose、中等偏浅肤色	NOSE / MEDIUM-LIGHT SKIN TONE
380	👃🏽	手势	肤色变体（右键）	👃🏽	未直接列在现有 Emoji 网格	1f443-1f3fd.png	是	U+1F443 U+1F3FD	People & Body	body-parts	fully-qualified	Nose、中等肤色	NOSE / MEDIUM SKIN TONE
381	👃🏾	手势	肤色变体（右键）	👃🏾	未直接列在现有 Emoji 网格	1f443-1f3fe.png	是	U+1F443 U+1F3FE	People & Body	body-parts	fully-qualified	Nose、中等偏深肤色	NOSE / MEDIUM-DARK SKIN TONE
382	👃🏿	手势	肤色变体（右键）	👃🏿	未直接列在现有 Emoji 网格	1f443-1f3ff.png	是	U+1F443 U+1F3FF	People & Body	body-parts	fully-qualified	Nose、较深肤色	NOSE / DARK SKIN TONE
383	🧠	手势	主网格	🧠	Emoji·动物与自然 / 第 11 行	1f9e0.png	是	U+1F9E0	People & Body	body-parts	fully-qualified	脑	BRAIN
384	🫀	手势	主网格	🫀	Emoji·食物与活动 / 第 6 行	1fac0.png	是	U+1FAC0	People & Body	body-parts	fully-qualified	心脏器官	ANATOMICAL HEART
385	🫁	手势	主网格	🫁	Emoji·符号与旗帜 / 第 79 行	1fac1.png	是	U+1FAC1	People & Body	body-parts	fully-qualified	肺	LUNGS
386	🦷	手势	主网格	🦷	Emoji·符号与旗帜 / 第 73 行	1f9b7.png	是	U+1F9B7	People & Body	body-parts	fully-qualified	牙齿	TOOTH
387	🦴	手势	主网格	🦴	Emoji·符号与旗帜 / 第 72 行	1f9b4.png	是	U+1F9B4	People & Body	body-parts	fully-qualified	骨头	BONE
388	👀	手势	主网格	👀	Emoji·符号与旗帜 / 第 54 行	1f440.png	是	U+1F440	People & Body	body-parts	fully-qualified	双眼	EYES
389	👁️	手势	主网格	👁️	Emoji·符号与旗帜 / 第 40 行	1f441.png	是	U+1F441 U+FE0F	People & Body	body-parts	fully-qualified	眼睛	EYE
390	👁	手势	呈现别名（不重复显示）	👁️	Emoji·符号与旗帜 / 第 85 行	1f441.png	是	U+1F441	People & Body	body-parts	unqualified	眼睛	EYE
391	👅	手势	主网格	👅	Emoji·符号与旗帜 / 第 54 行	1f445.png	是	U+1F445	People & Body	body-parts	fully-qualified	舌头	TONGUE
392	👄	手势	主网格	👄	Emoji·符号与旗帜 / 第 54 行	1f444.png	是	U+1F444	People & Body	body-parts	fully-qualified	嘴	MOUTH
393	🫦	手势	主网格	🫦	Emoji·符号与旗帜 / 第 90 行	1fae6.png	是	U+1FAE6	People & Body	body-parts	fully-qualified	咬住嘴唇	BITING LIP
394	👶	人物	主网格	👶	Emoji·表情与人物 / 第 19 行	1f476.png	是	U+1F476	People & Body	person	fully-qualified	小宝贝	BABY
395	👶🏻	人物	肤色变体（右键）	👶🏻	未直接列在现有 Emoji 网格	1f476-1f3fb.png	是	U+1F476 U+1F3FB	People & Body	person	fully-qualified	婴儿、较浅肤色	BABY / LIGHT SKIN TONE
396	👶🏼	人物	肤色变体（右键）	👶🏼	未直接列在现有 Emoji 网格	1f476-1f3fc.png	是	U+1F476 U+1F3FC	People & Body	person	fully-qualified	婴儿、中等偏浅肤色	BABY / MEDIUM-LIGHT SKIN TONE
397	👶🏽	人物	肤色变体（右键）	👶🏽	未直接列在现有 Emoji 网格	1f476-1f3fd.png	是	U+1F476 U+1F3FD	People & Body	person	fully-qualified	婴儿、中等肤色	BABY / MEDIUM SKIN TONE
398	👶🏾	人物	肤色变体（右键）	👶🏾	未直接列在现有 Emoji 网格	1f476-1f3fe.png	是	U+1F476 U+1F3FE	People & Body	person	fully-qualified	婴儿、中等偏深肤色	BABY / MEDIUM-DARK SKIN TONE
399	👶🏿	人物	肤色变体（右键）	👶🏿	未直接列在现有 Emoji 网格	1f476-1f3ff.png	是	U+1F476 U+1F3FF	People & Body	person	fully-qualified	婴儿、较深肤色	BABY / DARK SKIN TONE
400	🧒	人物	主网格	🧒	Emoji·符号与旗帜 / 第 44 行	1f9d2.png	是	U+1F9D2	People & Body	person	fully-qualified	儿童	CHILD
401	🧒🏻	人物	肤色变体（右键）	🧒🏻	未直接列在现有 Emoji 网格	1f9d2-1f3fb.png	是	U+1F9D2 U+1F3FB	People & Body	person	fully-qualified	儿童、较浅肤色	CHILD / LIGHT SKIN TONE
402	🧒🏼	人物	肤色变体（右键）	🧒🏼	未直接列在现有 Emoji 网格	1f9d2-1f3fc.png	是	U+1F9D2 U+1F3FC	People & Body	person	fully-qualified	儿童、中等偏浅肤色	CHILD / MEDIUM-LIGHT SKIN TONE
403	🧒🏽	人物	肤色变体（右键）	🧒🏽	未直接列在现有 Emoji 网格	1f9d2-1f3fd.png	是	U+1F9D2 U+1F3FD	People & Body	person	fully-qualified	儿童、中等肤色	CHILD / MEDIUM SKIN TONE
404	🧒🏾	人物	肤色变体（右键）	🧒🏾	未直接列在现有 Emoji 网格	1f9d2-1f3fe.png	是	U+1F9D2 U+1F3FE	People & Body	person	fully-qualified	儿童、中等偏深肤色	CHILD / MEDIUM-DARK SKIN TONE
405	🧒🏿	人物	肤色变体（右键）	🧒🏿	未直接列在现有 Emoji 网格	1f9d2-1f3ff.png	是	U+1F9D2 U+1F3FF	People & Body	person	fully-qualified	儿童、较深肤色	CHILD / DARK SKIN TONE
406	👦	人物	主网格	👦	Emoji·表情与人物 / 第 18 行	1f466.png	是	U+1F466	People & Body	person	fully-qualified	男孩	BOY
407	👦🏻	人物	肤色变体（右键）	👦🏻	未直接列在现有 Emoji 网格	1f466-1f3fb.png	是	U+1F466 U+1F3FB	People & Body	person	fully-qualified	男孩、较浅肤色	BOY / LIGHT SKIN TONE
408	👦🏼	人物	肤色变体（右键）	👦🏼	未直接列在现有 Emoji 网格	1f466-1f3fc.png	是	U+1F466 U+1F3FC	People & Body	person	fully-qualified	男孩、中等偏浅肤色	BOY / MEDIUM-LIGHT SKIN TONE
409	👦🏽	人物	肤色变体（右键）	👦🏽	未直接列在现有 Emoji 网格	1f466-1f3fd.png	是	U+1F466 U+1F3FD	People & Body	person	fully-qualified	男孩、中等肤色	BOY / MEDIUM SKIN TONE
410	👦🏾	人物	肤色变体（右键）	👦🏾	未直接列在现有 Emoji 网格	1f466-1f3fe.png	是	U+1F466 U+1F3FE	People & Body	person	fully-qualified	男孩、中等偏深肤色	BOY / MEDIUM-DARK SKIN TONE
411	👦🏿	人物	肤色变体（右键）	👦🏿	未直接列在现有 Emoji 网格	1f466-1f3ff.png	是	U+1F466 U+1F3FF	People & Body	person	fully-qualified	男孩、较深肤色	BOY / DARK SKIN TONE
412	👧	人物	主网格	👧	Emoji·表情与人物 / 第 18 行	1f467.png	是	U+1F467	People & Body	person	fully-qualified	女孩	GIRL
413	👧🏻	人物	肤色变体（右键）	👧🏻	未直接列在现有 Emoji 网格	1f467-1f3fb.png	是	U+1F467 U+1F3FB	People & Body	person	fully-qualified	女孩、较浅肤色	GIRL / LIGHT SKIN TONE
414	👧🏼	人物	肤色变体（右键）	👧🏼	未直接列在现有 Emoji 网格	1f467-1f3fc.png	是	U+1F467 U+1F3FC	People & Body	person	fully-qualified	女孩、中等偏浅肤色	GIRL / MEDIUM-LIGHT SKIN TONE
415	👧🏽	人物	肤色变体（右键）	👧🏽	未直接列在现有 Emoji 网格	1f467-1f3fd.png	是	U+1F467 U+1F3FD	People & Body	person	fully-qualified	女孩、中等肤色	GIRL / MEDIUM SKIN TONE
416	👧🏾	人物	肤色变体（右键）	👧🏾	未直接列在现有 Emoji 网格	1f467-1f3fe.png	是	U+1F467 U+1F3FE	People & Body	person	fully-qualified	女孩、中等偏深肤色	GIRL / MEDIUM-DARK SKIN TONE
417	👧🏿	人物	肤色变体（右键）	👧🏿	未直接列在现有 Emoji 网格	1f467-1f3ff.png	是	U+1F467 U+1F3FF	People & Body	person	fully-qualified	女孩、较深肤色	GIRL / DARK SKIN TONE
418	🧑	人物	主网格	🧑	Emoji·符号与旗帜 / 第 40 行	1f9d1.png	是	U+1F9D1	People & Body	person	fully-qualified	成人	ADULT
419	🧑🏻	人物	肤色变体（右键）	🧑🏻	未直接列在现有 Emoji 网格	1f9d1-1f3fb.png	是	U+1F9D1 U+1F3FB	People & Body	person	fully-qualified	成年人、较浅肤色	ADULT / LIGHT SKIN TONE
420	🧑🏼	人物	肤色变体（右键）	🧑🏼	未直接列在现有 Emoji 网格	1f9d1-1f3fc.png	是	U+1F9D1 U+1F3FC	People & Body	person	fully-qualified	成年人、中等偏浅肤色	ADULT / MEDIUM-LIGHT SKIN TONE
421	🧑🏽	人物	肤色变体（右键）	🧑🏽	未直接列在现有 Emoji 网格	1f9d1-1f3fd.png	是	U+1F9D1 U+1F3FD	People & Body	person	fully-qualified	成年人、中等肤色	ADULT / MEDIUM SKIN TONE
422	🧑🏾	人物	肤色变体（右键）	🧑🏾	未直接列在现有 Emoji 网格	1f9d1-1f3fe.png	是	U+1F9D1 U+1F3FE	People & Body	person	fully-qualified	成年人、中等偏深肤色	ADULT / MEDIUM-DARK SKIN TONE
423	🧑🏿	人物	肤色变体（右键）	🧑🏿	未直接列在现有 Emoji 网格	1f9d1-1f3ff.png	是	U+1F9D1 U+1F3FF	People & Body	person	fully-qualified	成年人、较深肤色	ADULT / DARK SKIN TONE
424	👱	人物	主网格	👱	Emoji·表情与人物 / 第 17 行	1f471.png	是	U+1F471	People & Body	person	fully-qualified	金色头发的人	PERSON WITH BLOND HAIR
425	👱🏻	人物	肤色变体（右键）	👱🏻	未直接列在现有 Emoji 网格	1f471-1f3fb.png	是	U+1F471 U+1F3FB	People & Body	person	fully-qualified	人物带Blond头发、较浅肤色	PERSON WITH BLOND HAIR / LIGHT SKIN TONE
426	👱🏼	人物	肤色变体（右键）	👱🏼	未直接列在现有 Emoji 网格	1f471-1f3fc.png	是	U+1F471 U+1F3FC	People & Body	person	fully-qualified	人物带Blond头发、中等偏浅肤色	PERSON WITH BLOND HAIR / MEDIUM-LIGHT SKIN TONE
427	👱🏽	人物	肤色变体（右键）	👱🏽	未直接列在现有 Emoji 网格	1f471-1f3fd.png	是	U+1F471 U+1F3FD	People & Body	person	fully-qualified	人物带Blond头发、中等肤色	PERSON WITH BLOND HAIR / MEDIUM SKIN TONE
428	👱🏾	人物	肤色变体（右键）	👱🏾	未直接列在现有 Emoji 网格	1f471-1f3fe.png	是	U+1F471 U+1F3FE	People & Body	person	fully-qualified	人物带Blond头发、中等偏深肤色	PERSON WITH BLOND HAIR / MEDIUM-DARK SKIN TONE
429	👱🏿	人物	肤色变体（右键）	👱🏿	未直接列在现有 Emoji 网格	1f471-1f3ff.png	是	U+1F471 U+1F3FF	People & Body	person	fully-qualified	人物带Blond头发、较深肤色	PERSON WITH BLOND HAIR / DARK SKIN TONE
430	👨	人物	主网格	👨	Emoji·表情与人物 / 人物与角色	1f468.png	是	U+1F468	People & Body	person	fully-qualified	男人	MAN
431	👨🏻	人物	肤色变体（右键）	👨🏻	未直接列在现有 Emoji 网格	1f468-1f3fb.png	是	U+1F468 U+1F3FB	People & Body	person	fully-qualified	男性、较浅肤色	MAN / LIGHT SKIN TONE
432	👨🏼	人物	肤色变体（右键）	👨🏼	未直接列在现有 Emoji 网格	1f468-1f3fc.png	是	U+1F468 U+1F3FC	People & Body	person	fully-qualified	男性、中等偏浅肤色	MAN / MEDIUM-LIGHT SKIN TONE
433	👨🏽	人物	肤色变体（右键）	👨🏽	未直接列在现有 Emoji 网格	1f468-1f3fd.png	是	U+1F468 U+1F3FD	People & Body	person	fully-qualified	男性、中等肤色	MAN / MEDIUM SKIN TONE
434	👨🏾	人物	肤色变体（右键）	👨🏾	未直接列在现有 Emoji 网格	1f468-1f3fe.png	是	U+1F468 U+1F3FE	People & Body	person	fully-qualified	男性、中等偏深肤色	MAN / MEDIUM-DARK SKIN TONE
435	👨🏿	人物	肤色变体（右键）	👨🏿	未直接列在现有 Emoji 网格	1f468-1f3ff.png	是	U+1F468 U+1F3FF	People & Body	person	fully-qualified	男性、较深肤色	MAN / DARK SKIN TONE
436	🧔	人物	主网格	🧔	Emoji·表情与人物 / 第 18 行	1f9d4.png	是	U+1F9D4	People & Body	person	fully-qualified	有胡子的人	BEARDED PERSON
437	🧔🏻	人物	肤色变体（右键）	🧔🏻	未直接列在现有 Emoji 网格	1f9d4-1f3fb.png	是	U+1F9D4 U+1F3FB	People & Body	person	fully-qualified	Bearded人物、较浅肤色	BEARDED PERSON / LIGHT SKIN TONE
438	🧔🏼	人物	肤色变体（右键）	🧔🏼	未直接列在现有 Emoji 网格	1f9d4-1f3fc.png	是	U+1F9D4 U+1F3FC	People & Body	person	fully-qualified	Bearded人物、中等偏浅肤色	BEARDED PERSON / MEDIUM-LIGHT SKIN TONE
439	🧔🏽	人物	肤色变体（右键）	🧔🏽	未直接列在现有 Emoji 网格	1f9d4-1f3fd.png	是	U+1F9D4 U+1F3FD	People & Body	person	fully-qualified	Bearded人物、中等肤色	BEARDED PERSON / MEDIUM SKIN TONE
440	🧔🏾	人物	肤色变体（右键）	🧔🏾	未直接列在现有 Emoji 网格	1f9d4-1f3fe.png	是	U+1F9D4 U+1F3FE	People & Body	person	fully-qualified	Bearded人物、中等偏深肤色	BEARDED PERSON / MEDIUM-DARK SKIN TONE
441	🧔🏿	人物	肤色变体（右键）	🧔🏿	未直接列在现有 Emoji 网格	1f9d4-1f3ff.png	是	U+1F9D4 U+1F3FF	People & Body	person	fully-qualified	Bearded人物、较深肤色	BEARDED PERSON / DARK SKIN TONE
442	🧔‍♂️	人物	主网格	🧔‍♂️	Emoji·表情与人物 / 第 15 行	1f9d4-200d-2642.png	是	U+1F9D4 U+200D U+2642 U+FE0F	People & Body	person	fully-qualified	有络腮胡子的男人	BEARDED PERSON / MALE SIGN
443	🧔🏻‍♂️	人物	肤色变体（右键）	🧔🏻‍♂️	未直接列在现有 Emoji 网格	1f9d4-1f3fb-200d-2642.png	是	U+1F9D4 U+1F3FB U+200D U+2642 U+FE0F	People & Body	person	fully-qualified	Bearded人物、较浅肤色、男性符号	BEARDED PERSON / LIGHT SKIN TONE / MALE SIGN
444	🧔🏼‍♂️	人物	肤色变体（右键）	🧔🏼‍♂️	未直接列在现有 Emoji 网格	1f9d4-1f3fc-200d-2642.png	是	U+1F9D4 U+1F3FC U+200D U+2642 U+FE0F	People & Body	person	fully-qualified	Bearded人物、中等偏浅肤色、男性符号	BEARDED PERSON / MEDIUM-LIGHT SKIN TONE / MALE SIGN
445	🧔🏽‍♂️	人物	肤色变体（右键）	🧔🏽‍♂️	未直接列在现有 Emoji 网格	1f9d4-1f3fd-200d-2642.png	是	U+1F9D4 U+1F3FD U+200D U+2642 U+FE0F	People & Body	person	fully-qualified	Bearded人物、中等肤色、男性符号	BEARDED PERSON / MEDIUM SKIN TONE / MALE SIGN
446	🧔🏾‍♂️	人物	肤色变体（右键）	🧔🏾‍♂️	未直接列在现有 Emoji 网格	1f9d4-1f3fe-200d-2642.png	是	U+1F9D4 U+1F3FE U+200D U+2642 U+FE0F	People & Body	person	fully-qualified	Bearded人物、中等偏深肤色、男性符号	BEARDED PERSON / MEDIUM-DARK SKIN TONE / MALE SIGN
447	🧔🏿‍♂️	人物	肤色变体（右键）	🧔🏿‍♂️	未直接列在现有 Emoji 网格	1f9d4-1f3ff-200d-2642.png	是	U+1F9D4 U+1F3FF U+200D U+2642 U+FE0F	People & Body	person	fully-qualified	Bearded人物、较深肤色、男性符号	BEARDED PERSON / DARK SKIN TONE / MALE SIGN
448	🧔‍♀️	人物	主网格	🧔‍♀️	Emoji·表情与人物 / 第 15 行	1f9d4-200d-2640.png	是	U+1F9D4 U+200D U+2640 U+FE0F	People & Body	person	fully-qualified	有络腮胡子的女人	BEARDED PERSON / FEMALE SIGN
449	🧔🏻‍♀️	人物	肤色变体（右键）	🧔🏻‍♀️	未直接列在现有 Emoji 网格	1f9d4-1f3fb-200d-2640.png	是	U+1F9D4 U+1F3FB U+200D U+2640 U+FE0F	People & Body	person	fully-qualified	Bearded人物、较浅肤色、女性符号	BEARDED PERSON / LIGHT SKIN TONE / FEMALE SIGN
450	🧔🏼‍♀️	人物	肤色变体（右键）	🧔🏼‍♀️	未直接列在现有 Emoji 网格	1f9d4-1f3fc-200d-2640.png	是	U+1F9D4 U+1F3FC U+200D U+2640 U+FE0F	People & Body	person	fully-qualified	Bearded人物、中等偏浅肤色、女性符号	BEARDED PERSON / MEDIUM-LIGHT SKIN TONE / FEMALE SIGN
451	🧔🏽‍♀️	人物	肤色变体（右键）	🧔🏽‍♀️	未直接列在现有 Emoji 网格	1f9d4-1f3fd-200d-2640.png	是	U+1F9D4 U+1F3FD U+200D U+2640 U+FE0F	People & Body	person	fully-qualified	Bearded人物、中等肤色、女性符号	BEARDED PERSON / MEDIUM SKIN TONE / FEMALE SIGN
452	🧔🏾‍♀️	人物	肤色变体（右键）	🧔🏾‍♀️	未直接列在现有 Emoji 网格	1f9d4-1f3fe-200d-2640.png	是	U+1F9D4 U+1F3FE U+200D U+2640 U+FE0F	People & Body	person	fully-qualified	Bearded人物、中等偏深肤色、女性符号	BEARDED PERSON / MEDIUM-DARK SKIN TONE / FEMALE SIGN
453	🧔🏿‍♀️	人物	肤色变体（右键）	🧔🏿‍♀️	未直接列在现有 Emoji 网格	1f9d4-1f3ff-200d-2640.png	是	U+1F9D4 U+1F3FF U+200D U+2640 U+FE0F	People & Body	person	fully-qualified	Bearded人物、较深肤色、女性符号	BEARDED PERSON / DARK SKIN TONE / FEMALE SIGN
454	👨‍🦰	人物	主网格	👨‍🦰	Emoji·表情与人物 / 表情与情绪	1f468-200d-1f9b0.png	是	U+1F468 U+200D U+1F9B0	People & Body	person	fully-qualified	男性、表情符号组件红色头发	MAN / EMOJI COMPONENT RED HAIR
455	👨🏻‍🦰	人物	肤色变体（右键）	👨🏻‍🦰	未直接列在现有 Emoji 网格	1f468-1f3fb-200d-1f9b0.png	是	U+1F468 U+1F3FB U+200D U+1F9B0	People & Body	person	fully-qualified	男性、较浅肤色、表情符号组件红色头发	MAN / LIGHT SKIN TONE / EMOJI COMPONENT RED HAIR
456	👨🏼‍🦰	人物	肤色变体（右键）	👨🏼‍🦰	未直接列在现有 Emoji 网格	1f468-1f3fc-200d-1f9b0.png	是	U+1F468 U+1F3FC U+200D U+1F9B0	People & Body	person	fully-qualified	男性、中等偏浅肤色、表情符号组件红色头发	MAN / MEDIUM-LIGHT SKIN TONE / EMOJI COMPONENT RED HAIR
457	👨🏽‍🦰	人物	肤色变体（右键）	👨🏽‍🦰	未直接列在现有 Emoji 网格	1f468-1f3fd-200d-1f9b0.png	是	U+1F468 U+1F3FD U+200D U+1F9B0	People & Body	person	fully-qualified	男性、中等肤色、表情符号组件红色头发	MAN / MEDIUM SKIN TONE / EMOJI COMPONENT RED HAIR
458	👨🏾‍🦰	人物	肤色变体（右键）	👨🏾‍🦰	未直接列在现有 Emoji 网格	1f468-1f3fe-200d-1f9b0.png	是	U+1F468 U+1F3FE U+200D U+1F9B0	People & Body	person	fully-qualified	男性、中等偏深肤色、表情符号组件红色头发	MAN / MEDIUM-DARK SKIN TONE / EMOJI COMPONENT RED HAIR
459	👨🏿‍🦰	人物	肤色变体（右键）	👨🏿‍🦰	未直接列在现有 Emoji 网格	1f468-1f3ff-200d-1f9b0.png	是	U+1F468 U+1F3FF U+200D U+1F9B0	People & Body	person	fully-qualified	男性、较深肤色、表情符号组件红色头发	MAN / DARK SKIN TONE / EMOJI COMPONENT RED HAIR
460	👨‍🦱	人物	主网格	👨‍🦱	Emoji·表情与人物 / 表情与情绪	1f468-200d-1f9b1.png	是	U+1F468 U+200D U+1F9B1	People & Body	person	fully-qualified	男性、表情符号组件Curly头发	MAN / EMOJI COMPONENT CURLY HAIR
461	👨🏻‍🦱	人物	肤色变体（右键）	👨🏻‍🦱	未直接列在现有 Emoji 网格	1f468-1f3fb-200d-1f9b1.png	是	U+1F468 U+1F3FB U+200D U+1F9B1	People & Body	person	fully-qualified	男性、较浅肤色、表情符号组件Curly头发	MAN / LIGHT SKIN TONE / EMOJI COMPONENT CURLY HAIR
462	👨🏼‍🦱	人物	肤色变体（右键）	👨🏼‍🦱	未直接列在现有 Emoji 网格	1f468-1f3fc-200d-1f9b1.png	是	U+1F468 U+1F3FC U+200D U+1F9B1	People & Body	person	fully-qualified	男性、中等偏浅肤色、表情符号组件Curly头发	MAN / MEDIUM-LIGHT SKIN TONE / EMOJI COMPONENT CURLY HAIR
463	👨🏽‍🦱	人物	肤色变体（右键）	👨🏽‍🦱	未直接列在现有 Emoji 网格	1f468-1f3fd-200d-1f9b1.png	是	U+1F468 U+1F3FD U+200D U+1F9B1	People & Body	person	fully-qualified	男性、中等肤色、表情符号组件Curly头发	MAN / MEDIUM SKIN TONE / EMOJI COMPONENT CURLY HAIR
464	👨🏾‍🦱	人物	肤色变体（右键）	👨🏾‍🦱	未直接列在现有 Emoji 网格	1f468-1f3fe-200d-1f9b1.png	是	U+1F468 U+1F3FE U+200D U+1F9B1	People & Body	person	fully-qualified	男性、中等偏深肤色、表情符号组件Curly头发	MAN / MEDIUM-DARK SKIN TONE / EMOJI COMPONENT CURLY HAIR
465	👨🏿‍🦱	人物	肤色变体（右键）	👨🏿‍🦱	未直接列在现有 Emoji 网格	1f468-1f3ff-200d-1f9b1.png	是	U+1F468 U+1F3FF U+200D U+1F9B1	People & Body	person	fully-qualified	男性、较深肤色、表情符号组件Curly头发	MAN / DARK SKIN TONE / EMOJI COMPONENT CURLY HAIR
466	👨‍🦳	人物	主网格	👨‍🦳	Emoji·表情与人物 / 表情与情绪	1f468-200d-1f9b3.png	是	U+1F468 U+200D U+1F9B3	People & Body	person	fully-qualified	男性、表情符号组件空心头发	MAN / EMOJI COMPONENT WHITE HAIR
467	👨🏻‍🦳	人物	肤色变体（右键）	👨🏻‍🦳	未直接列在现有 Emoji 网格	1f468-1f3fb-200d-1f9b3.png	是	U+1F468 U+1F3FB U+200D U+1F9B3	People & Body	person	fully-qualified	男性、较浅肤色、表情符号组件空心头发	MAN / LIGHT SKIN TONE / EMOJI COMPONENT WHITE HAIR
468	👨🏼‍🦳	人物	肤色变体（右键）	👨🏼‍🦳	未直接列在现有 Emoji 网格	1f468-1f3fc-200d-1f9b3.png	是	U+1F468 U+1F3FC U+200D U+1F9B3	People & Body	person	fully-qualified	男性、中等偏浅肤色、表情符号组件空心头发	MAN / MEDIUM-LIGHT SKIN TONE / EMOJI COMPONENT WHITE HAIR
469	👨🏽‍🦳	人物	肤色变体（右键）	👨🏽‍🦳	未直接列在现有 Emoji 网格	1f468-1f3fd-200d-1f9b3.png	是	U+1F468 U+1F3FD U+200D U+1F9B3	People & Body	person	fully-qualified	男性、中等肤色、表情符号组件空心头发	MAN / MEDIUM SKIN TONE / EMOJI COMPONENT WHITE HAIR
470	👨🏾‍🦳	人物	肤色变体（右键）	👨🏾‍🦳	未直接列在现有 Emoji 网格	1f468-1f3fe-200d-1f9b3.png	是	U+1F468 U+1F3FE U+200D U+1F9B3	People & Body	person	fully-qualified	男性、中等偏深肤色、表情符号组件空心头发	MAN / MEDIUM-DARK SKIN TONE / EMOJI COMPONENT WHITE HAIR
471	👨🏿‍🦳	人物	肤色变体（右键）	👨🏿‍🦳	未直接列在现有 Emoji 网格	1f468-1f3ff-200d-1f9b3.png	是	U+1F468 U+1F3FF U+200D U+1F9B3	People & Body	person	fully-qualified	男性、较深肤色、表情符号组件空心头发	MAN / DARK SKIN TONE / EMOJI COMPONENT WHITE HAIR
472	👨‍🦲	人物	主网格	👨‍🦲	Emoji·表情与人物 / 表情与情绪	1f468-200d-1f9b2.png	是	U+1F468 U+200D U+1F9B2	People & Body	person	fully-qualified	男性、表情符号组件Bald	MAN / EMOJI COMPONENT BALD
473	👨🏻‍🦲	人物	肤色变体（右键）	👨🏻‍🦲	未直接列在现有 Emoji 网格	1f468-1f3fb-200d-1f9b2.png	是	U+1F468 U+1F3FB U+200D U+1F9B2	People & Body	person	fully-qualified	男性、较浅肤色、表情符号组件Bald	MAN / LIGHT SKIN TONE / EMOJI COMPONENT BALD
474	👨🏼‍🦲	人物	肤色变体（右键）	👨🏼‍🦲	未直接列在现有 Emoji 网格	1f468-1f3fc-200d-1f9b2.png	是	U+1F468 U+1F3FC U+200D U+1F9B2	People & Body	person	fully-qualified	男性、中等偏浅肤色、表情符号组件Bald	MAN / MEDIUM-LIGHT SKIN TONE / EMOJI COMPONENT BALD
475	👨🏽‍🦲	人物	肤色变体（右键）	👨🏽‍🦲	未直接列在现有 Emoji 网格	1f468-1f3fd-200d-1f9b2.png	是	U+1F468 U+1F3FD U+200D U+1F9B2	People & Body	person	fully-qualified	男性、中等肤色、表情符号组件Bald	MAN / MEDIUM SKIN TONE / EMOJI COMPONENT BALD
476	👨🏾‍🦲	人物	肤色变体（右键）	👨🏾‍🦲	未直接列在现有 Emoji 网格	1f468-1f3fe-200d-1f9b2.png	是	U+1F468 U+1F3FE U+200D U+1F9B2	People & Body	person	fully-qualified	男性、中等偏深肤色、表情符号组件Bald	MAN / MEDIUM-DARK SKIN TONE / EMOJI COMPONENT BALD
477	👨🏿‍🦲	人物	肤色变体（右键）	👨🏿‍🦲	未直接列在现有 Emoji 网格	1f468-1f3ff-200d-1f9b2.png	是	U+1F468 U+1F3FF U+200D U+1F9B2	People & Body	person	fully-qualified	男性、较深肤色、表情符号组件Bald	MAN / DARK SKIN TONE / EMOJI COMPONENT BALD
478	👩	人物	主网格	👩	Emoji·表情与人物 / 第 17 行	1f469.png	是	U+1F469	People & Body	person	fully-qualified	女人	WOMAN
479	👩🏻	人物	肤色变体（右键）	👩🏻	未直接列在现有 Emoji 网格	1f469-1f3fb.png	是	U+1F469 U+1F3FB	People & Body	person	fully-qualified	女性、较浅肤色	WOMAN / LIGHT SKIN TONE
480	👩🏼	人物	肤色变体（右键）	👩🏼	未直接列在现有 Emoji 网格	1f469-1f3fc.png	是	U+1F469 U+1F3FC	People & Body	person	fully-qualified	女性、中等偏浅肤色	WOMAN / MEDIUM-LIGHT SKIN TONE
481	👩🏽	人物	肤色变体（右键）	👩🏽	未直接列在现有 Emoji 网格	1f469-1f3fd.png	是	U+1F469 U+1F3FD	People & Body	person	fully-qualified	女性、中等肤色	WOMAN / MEDIUM SKIN TONE
482	👩🏾	人物	肤色变体（右键）	👩🏾	未直接列在现有 Emoji 网格	1f469-1f3fe.png	是	U+1F469 U+1F3FE	People & Body	person	fully-qualified	女性、中等偏深肤色	WOMAN / MEDIUM-DARK SKIN TONE
483	👩🏿	人物	肤色变体（右键）	👩🏿	未直接列在现有 Emoji 网格	1f469-1f3ff.png	是	U+1F469 U+1F3FF	People & Body	person	fully-qualified	女性、较深肤色	WOMAN / DARK SKIN TONE
484	👩‍🦰	人物	主网格	👩‍🦰	Emoji·表情与人物 / 表情与情绪	1f469-200d-1f9b0.png	是	U+1F469 U+200D U+1F9B0	People & Body	person	fully-qualified	女性、表情符号组件红色头发	WOMAN / EMOJI COMPONENT RED HAIR
485	👩🏻‍🦰	人物	肤色变体（右键）	👩🏻‍🦰	未直接列在现有 Emoji 网格	1f469-1f3fb-200d-1f9b0.png	是	U+1F469 U+1F3FB U+200D U+1F9B0	People & Body	person	fully-qualified	女性、较浅肤色、表情符号组件红色头发	WOMAN / LIGHT SKIN TONE / EMOJI COMPONENT RED HAIR
486	👩🏼‍🦰	人物	肤色变体（右键）	👩🏼‍🦰	未直接列在现有 Emoji 网格	1f469-1f3fc-200d-1f9b0.png	是	U+1F469 U+1F3FC U+200D U+1F9B0	People & Body	person	fully-qualified	女性、中等偏浅肤色、表情符号组件红色头发	WOMAN / MEDIUM-LIGHT SKIN TONE / EMOJI COMPONENT RED HAIR
487	👩🏽‍🦰	人物	肤色变体（右键）	👩🏽‍🦰	未直接列在现有 Emoji 网格	1f469-1f3fd-200d-1f9b0.png	是	U+1F469 U+1F3FD U+200D U+1F9B0	People & Body	person	fully-qualified	女性、中等肤色、表情符号组件红色头发	WOMAN / MEDIUM SKIN TONE / EMOJI COMPONENT RED HAIR
488	👩🏾‍🦰	人物	肤色变体（右键）	👩🏾‍🦰	未直接列在现有 Emoji 网格	1f469-1f3fe-200d-1f9b0.png	是	U+1F469 U+1F3FE U+200D U+1F9B0	People & Body	person	fully-qualified	女性、中等偏深肤色、表情符号组件红色头发	WOMAN / MEDIUM-DARK SKIN TONE / EMOJI COMPONENT RED HAIR
489	👩🏿‍🦰	人物	肤色变体（右键）	👩🏿‍🦰	未直接列在现有 Emoji 网格	1f469-1f3ff-200d-1f9b0.png	是	U+1F469 U+1F3FF U+200D U+1F9B0	People & Body	person	fully-qualified	女性、较深肤色、表情符号组件红色头发	WOMAN / DARK SKIN TONE / EMOJI COMPONENT RED HAIR
490	🧑‍🦰	人物	主网格	🧑‍🦰	Emoji·符号与旗帜 / 第 28 行	1f9d1-200d-1f9b0.png	是	U+1F9D1 U+200D U+1F9B0	People & Body	person	fully-qualified	成年人、表情符号组件红色头发	ADULT / EMOJI COMPONENT RED HAIR
491	🧑🏻‍🦰	人物	肤色变体（右键）	🧑🏻‍🦰	未直接列在现有 Emoji 网格	1f9d1-1f3fb-200d-1f9b0.png	是	U+1F9D1 U+1F3FB U+200D U+1F9B0	People & Body	person	fully-qualified	成年人、较浅肤色、表情符号组件红色头发	ADULT / LIGHT SKIN TONE / EMOJI COMPONENT RED HAIR
492	🧑🏼‍🦰	人物	肤色变体（右键）	🧑🏼‍🦰	未直接列在现有 Emoji 网格	1f9d1-1f3fc-200d-1f9b0.png	是	U+1F9D1 U+1F3FC U+200D U+1F9B0	People & Body	person	fully-qualified	成年人、中等偏浅肤色、表情符号组件红色头发	ADULT / MEDIUM-LIGHT SKIN TONE / EMOJI COMPONENT RED HAIR
493	🧑🏽‍🦰	人物	肤色变体（右键）	🧑🏽‍🦰	未直接列在现有 Emoji 网格	1f9d1-1f3fd-200d-1f9b0.png	是	U+1F9D1 U+1F3FD U+200D U+1F9B0	People & Body	person	fully-qualified	成年人、中等肤色、表情符号组件红色头发	ADULT / MEDIUM SKIN TONE / EMOJI COMPONENT RED HAIR
494	🧑🏾‍🦰	人物	肤色变体（右键）	🧑🏾‍🦰	未直接列在现有 Emoji 网格	1f9d1-1f3fe-200d-1f9b0.png	是	U+1F9D1 U+1F3FE U+200D U+1F9B0	People & Body	person	fully-qualified	成年人、中等偏深肤色、表情符号组件红色头发	ADULT / MEDIUM-DARK SKIN TONE / EMOJI COMPONENT RED HAIR
495	🧑🏿‍🦰	人物	肤色变体（右键）	🧑🏿‍🦰	未直接列在现有 Emoji 网格	1f9d1-1f3ff-200d-1f9b0.png	是	U+1F9D1 U+1F3FF U+200D U+1F9B0	People & Body	person	fully-qualified	成年人、较深肤色、表情符号组件红色头发	ADULT / DARK SKIN TONE / EMOJI COMPONENT RED HAIR
496	👩‍🦱	人物	主网格	👩‍🦱	Emoji·表情与人物 / 表情与情绪	1f469-200d-1f9b1.png	是	U+1F469 U+200D U+1F9B1	People & Body	person	fully-qualified	女性、表情符号组件Curly头发	WOMAN / EMOJI COMPONENT CURLY HAIR
497	👩🏻‍🦱	人物	肤色变体（右键）	👩🏻‍🦱	未直接列在现有 Emoji 网格	1f469-1f3fb-200d-1f9b1.png	是	U+1F469 U+1F3FB U+200D U+1F9B1	People & Body	person	fully-qualified	女性、较浅肤色、表情符号组件Curly头发	WOMAN / LIGHT SKIN TONE / EMOJI COMPONENT CURLY HAIR
498	👩🏼‍🦱	人物	肤色变体（右键）	👩🏼‍🦱	未直接列在现有 Emoji 网格	1f469-1f3fc-200d-1f9b1.png	是	U+1F469 U+1F3FC U+200D U+1F9B1	People & Body	person	fully-qualified	女性、中等偏浅肤色、表情符号组件Curly头发	WOMAN / MEDIUM-LIGHT SKIN TONE / EMOJI COMPONENT CURLY HAIR
499	👩🏽‍🦱	人物	肤色变体（右键）	👩🏽‍🦱	未直接列在现有 Emoji 网格	1f469-1f3fd-200d-1f9b1.png	是	U+1F469 U+1F3FD U+200D U+1F9B1	People & Body	person	fully-qualified	女性、中等肤色、表情符号组件Curly头发	WOMAN / MEDIUM SKIN TONE / EMOJI COMPONENT CURLY HAIR
500	👩🏾‍🦱	人物	肤色变体（右键）	👩🏾‍🦱	未直接列在现有 Emoji 网格	1f469-1f3fe-200d-1f9b1.png	是	U+1F469 U+1F3FE U+200D U+1F9B1	People & Body	person	fully-qualified	女性、中等偏深肤色、表情符号组件Curly头发	WOMAN / MEDIUM-DARK SKIN TONE / EMOJI COMPONENT CURLY HAIR
501	👩🏿‍🦱	人物	肤色变体（右键）	👩🏿‍🦱	未直接列在现有 Emoji 网格	1f469-1f3ff-200d-1f9b1.png	是	U+1F469 U+1F3FF U+200D U+1F9B1	People & Body	person	fully-qualified	女性、较深肤色、表情符号组件Curly头发	WOMAN / DARK SKIN TONE / EMOJI COMPONENT CURLY HAIR
502	🧑‍🦱	人物	主网格	🧑‍🦱	Emoji·符号与旗帜 / 第 28 行	1f9d1-200d-1f9b1.png	是	U+1F9D1 U+200D U+1F9B1	People & Body	person	fully-qualified	成年人、表情符号组件Curly头发	ADULT / EMOJI COMPONENT CURLY HAIR
503	🧑🏻‍🦱	人物	肤色变体（右键）	🧑🏻‍🦱	未直接列在现有 Emoji 网格	1f9d1-1f3fb-200d-1f9b1.png	是	U+1F9D1 U+1F3FB U+200D U+1F9B1	People & Body	person	fully-qualified	成年人、较浅肤色、表情符号组件Curly头发	ADULT / LIGHT SKIN TONE / EMOJI COMPONENT CURLY HAIR
504	🧑🏼‍🦱	人物	肤色变体（右键）	🧑🏼‍🦱	未直接列在现有 Emoji 网格	1f9d1-1f3fc-200d-1f9b1.png	是	U+1F9D1 U+1F3FC U+200D U+1F9B1	People & Body	person	fully-qualified	成年人、中等偏浅肤色、表情符号组件Curly头发	ADULT / MEDIUM-LIGHT SKIN TONE / EMOJI COMPONENT CURLY HAIR
505	🧑🏽‍🦱	人物	肤色变体（右键）	🧑🏽‍🦱	未直接列在现有 Emoji 网格	1f9d1-1f3fd-200d-1f9b1.png	是	U+1F9D1 U+1F3FD U+200D U+1F9B1	People & Body	person	fully-qualified	成年人、中等肤色、表情符号组件Curly头发	ADULT / MEDIUM SKIN TONE / EMOJI COMPONENT CURLY HAIR
506	🧑🏾‍🦱	人物	肤色变体（右键）	🧑🏾‍🦱	未直接列在现有 Emoji 网格	1f9d1-1f3fe-200d-1f9b1.png	是	U+1F9D1 U+1F3FE U+200D U+1F9B1	People & Body	person	fully-qualified	成年人、中等偏深肤色、表情符号组件Curly头发	ADULT / MEDIUM-DARK SKIN TONE / EMOJI COMPONENT CURLY HAIR
507	🧑🏿‍🦱	人物	肤色变体（右键）	🧑🏿‍🦱	未直接列在现有 Emoji 网格	1f9d1-1f3ff-200d-1f9b1.png	是	U+1F9D1 U+1F3FF U+200D U+1F9B1	People & Body	person	fully-qualified	成年人、较深肤色、表情符号组件Curly头发	ADULT / DARK SKIN TONE / EMOJI COMPONENT CURLY HAIR
508	👩‍🦳	人物	主网格	👩‍🦳	Emoji·表情与人物 / 表情与情绪	1f469-200d-1f9b3.png	是	U+1F469 U+200D U+1F9B3	People & Body	person	fully-qualified	女性、表情符号组件空心头发	WOMAN / EMOJI COMPONENT WHITE HAIR
509	👩🏻‍🦳	人物	肤色变体（右键）	👩🏻‍🦳	未直接列在现有 Emoji 网格	1f469-1f3fb-200d-1f9b3.png	是	U+1F469 U+1F3FB U+200D U+1F9B3	People & Body	person	fully-qualified	女性、较浅肤色、表情符号组件空心头发	WOMAN / LIGHT SKIN TONE / EMOJI COMPONENT WHITE HAIR
510	👩🏼‍🦳	人物	肤色变体（右键）	👩🏼‍🦳	未直接列在现有 Emoji 网格	1f469-1f3fc-200d-1f9b3.png	是	U+1F469 U+1F3FC U+200D U+1F9B3	People & Body	person	fully-qualified	女性、中等偏浅肤色、表情符号组件空心头发	WOMAN / MEDIUM-LIGHT SKIN TONE / EMOJI COMPONENT WHITE HAIR
511	👩🏽‍🦳	人物	肤色变体（右键）	👩🏽‍🦳	未直接列在现有 Emoji 网格	1f469-1f3fd-200d-1f9b3.png	是	U+1F469 U+1F3FD U+200D U+1F9B3	People & Body	person	fully-qualified	女性、中等肤色、表情符号组件空心头发	WOMAN / MEDIUM SKIN TONE / EMOJI COMPONENT WHITE HAIR
512	👩🏾‍🦳	人物	肤色变体（右键）	👩🏾‍🦳	未直接列在现有 Emoji 网格	1f469-1f3fe-200d-1f9b3.png	是	U+1F469 U+1F3FE U+200D U+1F9B3	People & Body	person	fully-qualified	女性、中等偏深肤色、表情符号组件空心头发	WOMAN / MEDIUM-DARK SKIN TONE / EMOJI COMPONENT WHITE HAIR
513	👩🏿‍🦳	人物	肤色变体（右键）	👩🏿‍🦳	未直接列在现有 Emoji 网格	1f469-1f3ff-200d-1f9b3.png	是	U+1F469 U+1F3FF U+200D U+1F9B3	People & Body	person	fully-qualified	女性、较深肤色、表情符号组件空心头发	WOMAN / DARK SKIN TONE / EMOJI COMPONENT WHITE HAIR
514	🧑‍🦳	人物	主网格	🧑‍🦳	Emoji·符号与旗帜 / 常用符号	1f9d1-200d-1f9b3.png	是	U+1F9D1 U+200D U+1F9B3	People & Body	person	fully-qualified	成年人、表情符号组件空心头发	ADULT / EMOJI COMPONENT WHITE HAIR
515	🧑🏻‍🦳	人物	肤色变体（右键）	🧑🏻‍🦳	未直接列在现有 Emoji 网格	1f9d1-1f3fb-200d-1f9b3.png	是	U+1F9D1 U+1F3FB U+200D U+1F9B3	People & Body	person	fully-qualified	成年人、较浅肤色、表情符号组件空心头发	ADULT / LIGHT SKIN TONE / EMOJI COMPONENT WHITE HAIR
516	🧑🏼‍🦳	人物	肤色变体（右键）	🧑🏼‍🦳	未直接列在现有 Emoji 网格	1f9d1-1f3fc-200d-1f9b3.png	是	U+1F9D1 U+1F3FC U+200D U+1F9B3	People & Body	person	fully-qualified	成年人、中等偏浅肤色、表情符号组件空心头发	ADULT / MEDIUM-LIGHT SKIN TONE / EMOJI COMPONENT WHITE HAIR
517	🧑🏽‍🦳	人物	肤色变体（右键）	🧑🏽‍🦳	未直接列在现有 Emoji 网格	1f9d1-1f3fd-200d-1f9b3.png	是	U+1F9D1 U+1F3FD U+200D U+1F9B3	People & Body	person	fully-qualified	成年人、中等肤色、表情符号组件空心头发	ADULT / MEDIUM SKIN TONE / EMOJI COMPONENT WHITE HAIR
518	🧑🏾‍🦳	人物	肤色变体（右键）	🧑🏾‍🦳	未直接列在现有 Emoji 网格	1f9d1-1f3fe-200d-1f9b3.png	是	U+1F9D1 U+1F3FE U+200D U+1F9B3	People & Body	person	fully-qualified	成年人、中等偏深肤色、表情符号组件空心头发	ADULT / MEDIUM-DARK SKIN TONE / EMOJI COMPONENT WHITE HAIR
519	🧑🏿‍🦳	人物	肤色变体（右键）	🧑🏿‍🦳	未直接列在现有 Emoji 网格	1f9d1-1f3ff-200d-1f9b3.png	是	U+1F9D1 U+1F3FF U+200D U+1F9B3	People & Body	person	fully-qualified	成年人、较深肤色、表情符号组件空心头发	ADULT / DARK SKIN TONE / EMOJI COMPONENT WHITE HAIR
520	👩‍🦲	人物	主网格	👩‍🦲	Emoji·表情与人物 / 表情与情绪	1f469-200d-1f9b2.png	是	U+1F469 U+200D U+1F9B2	People & Body	person	fully-qualified	女性、表情符号组件Bald	WOMAN / EMOJI COMPONENT BALD
521	👩🏻‍🦲	人物	肤色变体（右键）	👩🏻‍🦲	未直接列在现有 Emoji 网格	1f469-1f3fb-200d-1f9b2.png	是	U+1F469 U+1F3FB U+200D U+1F9B2	People & Body	person	fully-qualified	女性、较浅肤色、表情符号组件Bald	WOMAN / LIGHT SKIN TONE / EMOJI COMPONENT BALD
522	👩🏼‍🦲	人物	肤色变体（右键）	👩🏼‍🦲	未直接列在现有 Emoji 网格	1f469-1f3fc-200d-1f9b2.png	是	U+1F469 U+1F3FC U+200D U+1F9B2	People & Body	person	fully-qualified	女性、中等偏浅肤色、表情符号组件Bald	WOMAN / MEDIUM-LIGHT SKIN TONE / EMOJI COMPONENT BALD
523	👩🏽‍🦲	人物	肤色变体（右键）	👩🏽‍🦲	未直接列在现有 Emoji 网格	1f469-1f3fd-200d-1f9b2.png	是	U+1F469 U+1F3FD U+200D U+1F9B2	People & Body	person	fully-qualified	女性、中等肤色、表情符号组件Bald	WOMAN / MEDIUM SKIN TONE / EMOJI COMPONENT BALD
524	👩🏾‍🦲	人物	肤色变体（右键）	👩🏾‍🦲	未直接列在现有 Emoji 网格	1f469-1f3fe-200d-1f9b2.png	是	U+1F469 U+1F3FE U+200D U+1F9B2	People & Body	person	fully-qualified	女性、中等偏深肤色、表情符号组件Bald	WOMAN / MEDIUM-DARK SKIN TONE / EMOJI COMPONENT BALD
525	👩🏿‍🦲	人物	肤色变体（右键）	👩🏿‍🦲	未直接列在现有 Emoji 网格	1f469-1f3ff-200d-1f9b2.png	是	U+1F469 U+1F3FF U+200D U+1F9B2	People & Body	person	fully-qualified	女性、较深肤色、表情符号组件Bald	WOMAN / DARK SKIN TONE / EMOJI COMPONENT BALD
526	🧑‍🦲	人物	主网格	🧑‍🦲	Emoji·符号与旗帜 / 第 28 行	1f9d1-200d-1f9b2.png	是	U+1F9D1 U+200D U+1F9B2	People & Body	person	fully-qualified	成年人、表情符号组件Bald	ADULT / EMOJI COMPONENT BALD
527	🧑🏻‍🦲	人物	肤色变体（右键）	🧑🏻‍🦲	未直接列在现有 Emoji 网格	1f9d1-1f3fb-200d-1f9b2.png	是	U+1F9D1 U+1F3FB U+200D U+1F9B2	People & Body	person	fully-qualified	成年人、较浅肤色、表情符号组件Bald	ADULT / LIGHT SKIN TONE / EMOJI COMPONENT BALD
528	🧑🏼‍🦲	人物	肤色变体（右键）	🧑🏼‍🦲	未直接列在现有 Emoji 网格	1f9d1-1f3fc-200d-1f9b2.png	是	U+1F9D1 U+1F3FC U+200D U+1F9B2	People & Body	person	fully-qualified	成年人、中等偏浅肤色、表情符号组件Bald	ADULT / MEDIUM-LIGHT SKIN TONE / EMOJI COMPONENT BALD
529	🧑🏽‍🦲	人物	肤色变体（右键）	🧑🏽‍🦲	未直接列在现有 Emoji 网格	1f9d1-1f3fd-200d-1f9b2.png	是	U+1F9D1 U+1F3FD U+200D U+1F9B2	People & Body	person	fully-qualified	成年人、中等肤色、表情符号组件Bald	ADULT / MEDIUM SKIN TONE / EMOJI COMPONENT BALD
530	🧑🏾‍🦲	人物	肤色变体（右键）	🧑🏾‍🦲	未直接列在现有 Emoji 网格	1f9d1-1f3fe-200d-1f9b2.png	是	U+1F9D1 U+1F3FE U+200D U+1F9B2	People & Body	person	fully-qualified	成年人、中等偏深肤色、表情符号组件Bald	ADULT / MEDIUM-DARK SKIN TONE / EMOJI COMPONENT BALD
531	🧑🏿‍🦲	人物	肤色变体（右键）	🧑🏿‍🦲	未直接列在现有 Emoji 网格	1f9d1-1f3ff-200d-1f9b2.png	是	U+1F9D1 U+1F3FF U+200D U+1F9B2	People & Body	person	fully-qualified	成年人、较深肤色、表情符号组件Bald	ADULT / DARK SKIN TONE / EMOJI COMPONENT BALD
532	👱‍♀️	人物	主网格	👱‍♀️	Emoji·表情与人物 / 第 13 行	1f471-200d-2640.png	是	U+1F471 U+200D U+2640 U+FE0F	People & Body	person	fully-qualified	金发女	PERSON WITH BLOND HAIR / FEMALE SIGN
533	👱🏻‍♀️	人物	肤色变体（右键）	👱🏻‍♀️	未直接列在现有 Emoji 网格	1f471-1f3fb-200d-2640.png	是	U+1F471 U+1F3FB U+200D U+2640 U+FE0F	People & Body	person	fully-qualified	人物带Blond头发、较浅肤色、女性符号	PERSON WITH BLOND HAIR / LIGHT SKIN TONE / FEMALE SIGN
534	👱🏼‍♀️	人物	肤色变体（右键）	👱🏼‍♀️	未直接列在现有 Emoji 网格	1f471-1f3fc-200d-2640.png	是	U+1F471 U+1F3FC U+200D U+2640 U+FE0F	People & Body	person	fully-qualified	人物带Blond头发、中等偏浅肤色、女性符号	PERSON WITH BLOND HAIR / MEDIUM-LIGHT SKIN TONE / FEMALE SIGN
535	👱🏽‍♀️	人物	肤色变体（右键）	👱🏽‍♀️	未直接列在现有 Emoji 网格	1f471-1f3fd-200d-2640.png	是	U+1F471 U+1F3FD U+200D U+2640 U+FE0F	People & Body	person	fully-qualified	人物带Blond头发、中等肤色、女性符号	PERSON WITH BLOND HAIR / MEDIUM SKIN TONE / FEMALE SIGN
536	👱🏾‍♀️	人物	肤色变体（右键）	👱🏾‍♀️	未直接列在现有 Emoji 网格	1f471-1f3fe-200d-2640.png	是	U+1F471 U+1F3FE U+200D U+2640 U+FE0F	People & Body	person	fully-qualified	人物带Blond头发、中等偏深肤色、女性符号	PERSON WITH BLOND HAIR / MEDIUM-DARK SKIN TONE / FEMALE SIGN
537	👱🏿‍♀️	人物	肤色变体（右键）	👱🏿‍♀️	未直接列在现有 Emoji 网格	1f471-1f3ff-200d-2640.png	是	U+1F471 U+1F3FF U+200D U+2640 U+FE0F	People & Body	person	fully-qualified	人物带Blond头发、较深肤色、女性符号	PERSON WITH BLOND HAIR / DARK SKIN TONE / FEMALE SIGN
538	👱‍♂️	人物	主网格	👱‍♂️	Emoji·表情与人物 / 第 13 行	1f471-200d-2642.png	是	U+1F471 U+200D U+2642 U+FE0F	People & Body	person	fully-qualified	金发男	PERSON WITH BLOND HAIR / MALE SIGN
539	👱🏻‍♂️	人物	肤色变体（右键）	👱🏻‍♂️	未直接列在现有 Emoji 网格	1f471-1f3fb-200d-2642.png	是	U+1F471 U+1F3FB U+200D U+2642 U+FE0F	People & Body	person	fully-qualified	人物带Blond头发、较浅肤色、男性符号	PERSON WITH BLOND HAIR / LIGHT SKIN TONE / MALE SIGN
540	👱🏼‍♂️	人物	肤色变体（右键）	👱🏼‍♂️	未直接列在现有 Emoji 网格	1f471-1f3fc-200d-2642.png	是	U+1F471 U+1F3FC U+200D U+2642 U+FE0F	People & Body	person	fully-qualified	人物带Blond头发、中等偏浅肤色、男性符号	PERSON WITH BLOND HAIR / MEDIUM-LIGHT SKIN TONE / MALE SIGN
541	👱🏽‍♂️	人物	肤色变体（右键）	👱🏽‍♂️	未直接列在现有 Emoji 网格	1f471-1f3fd-200d-2642.png	是	U+1F471 U+1F3FD U+200D U+2642 U+FE0F	People & Body	person	fully-qualified	人物带Blond头发、中等肤色、男性符号	PERSON WITH BLOND HAIR / MEDIUM SKIN TONE / MALE SIGN
542	👱🏾‍♂️	人物	肤色变体（右键）	👱🏾‍♂️	未直接列在现有 Emoji 网格	1f471-1f3fe-200d-2642.png	是	U+1F471 U+1F3FE U+200D U+2642 U+FE0F	People & Body	person	fully-qualified	人物带Blond头发、中等偏深肤色、男性符号	PERSON WITH BLOND HAIR / MEDIUM-DARK SKIN TONE / MALE SIGN
543	👱🏿‍♂️	人物	肤色变体（右键）	👱🏿‍♂️	未直接列在现有 Emoji 网格	1f471-1f3ff-200d-2642.png	是	U+1F471 U+1F3FF U+200D U+2642 U+FE0F	People & Body	person	fully-qualified	人物带Blond头发、较深肤色、男性符号	PERSON WITH BLOND HAIR / DARK SKIN TONE / MALE SIGN
544	🧓	人物	主网格	🧓	Emoji·符号与旗帜 / 第 44 行	1f9d3.png	是	U+1F9D3	People & Body	person	fully-qualified	老年人	OLDER ADULT
545	🧓🏻	人物	肤色变体（右键）	🧓🏻	未直接列在现有 Emoji 网格	1f9d3-1f3fb.png	是	U+1F9D3 U+1F3FB	People & Body	person	fully-qualified	Older成年人、较浅肤色	OLDER ADULT / LIGHT SKIN TONE
546	🧓🏼	人物	肤色变体（右键）	🧓🏼	未直接列在现有 Emoji 网格	1f9d3-1f3fc.png	是	U+1F9D3 U+1F3FC	People & Body	person	fully-qualified	Older成年人、中等偏浅肤色	OLDER ADULT / MEDIUM-LIGHT SKIN TONE
547	🧓🏽	人物	肤色变体（右键）	🧓🏽	未直接列在现有 Emoji 网格	1f9d3-1f3fd.png	是	U+1F9D3 U+1F3FD	People & Body	person	fully-qualified	Older成年人、中等肤色	OLDER ADULT / MEDIUM SKIN TONE
548	🧓🏾	人物	肤色变体（右键）	🧓🏾	未直接列在现有 Emoji 网格	1f9d3-1f3fe.png	是	U+1F9D3 U+1F3FE	People & Body	person	fully-qualified	Older成年人、中等偏深肤色	OLDER ADULT / MEDIUM-DARK SKIN TONE
549	🧓🏿	人物	肤色变体（右键）	🧓🏿	未直接列在现有 Emoji 网格	1f9d3-1f3ff.png	是	U+1F9D3 U+1F3FF	People & Body	person	fully-qualified	Older成年人、较深肤色	OLDER ADULT / DARK SKIN TONE
550	👴	人物	主网格	👴	Emoji·表情与人物 / 第 19 行	1f474.png	是	U+1F474	People & Body	person	fully-qualified	老爷爷	OLDER MAN
551	👴🏻	人物	肤色变体（右键）	👴🏻	未直接列在现有 Emoji 网格	1f474-1f3fb.png	是	U+1F474 U+1F3FB	People & Body	person	fully-qualified	Older男性、较浅肤色	OLDER MAN / LIGHT SKIN TONE
552	👴🏼	人物	肤色变体（右键）	👴🏼	未直接列在现有 Emoji 网格	1f474-1f3fc.png	是	U+1F474 U+1F3FC	People & Body	person	fully-qualified	Older男性、中等偏浅肤色	OLDER MAN / MEDIUM-LIGHT SKIN TONE
553	👴🏽	人物	肤色变体（右键）	👴🏽	未直接列在现有 Emoji 网格	1f474-1f3fd.png	是	U+1F474 U+1F3FD	People & Body	person	fully-qualified	Older男性、中等肤色	OLDER MAN / MEDIUM SKIN TONE
554	👴🏾	人物	肤色变体（右键）	👴🏾	未直接列在现有 Emoji 网格	1f474-1f3fe.png	是	U+1F474 U+1F3FE	People & Body	person	fully-qualified	Older男性、中等偏深肤色	OLDER MAN / MEDIUM-DARK SKIN TONE
555	👴🏿	人物	肤色变体（右键）	👴🏿	未直接列在现有 Emoji 网格	1f474-1f3ff.png	是	U+1F474 U+1F3FF	People & Body	person	fully-qualified	Older男性、较深肤色	OLDER MAN / DARK SKIN TONE
556	👵	人物	主网格	👵	Emoji·表情与人物 / 第 19 行	1f475.png	是	U+1F475	People & Body	person	fully-qualified	老奶奶	OLDER WOMAN
557	👵🏻	人物	肤色变体（右键）	👵🏻	未直接列在现有 Emoji 网格	1f475-1f3fb.png	是	U+1F475 U+1F3FB	People & Body	person	fully-qualified	Older女性、较浅肤色	OLDER WOMAN / LIGHT SKIN TONE
558	👵🏼	人物	肤色变体（右键）	👵🏼	未直接列在现有 Emoji 网格	1f475-1f3fc.png	是	U+1F475 U+1F3FC	People & Body	person	fully-qualified	Older女性、中等偏浅肤色	OLDER WOMAN / MEDIUM-LIGHT SKIN TONE
559	👵🏽	人物	肤色变体（右键）	👵🏽	未直接列在现有 Emoji 网格	1f475-1f3fd.png	是	U+1F475 U+1F3FD	People & Body	person	fully-qualified	Older女性、中等肤色	OLDER WOMAN / MEDIUM SKIN TONE
560	👵🏾	人物	肤色变体（右键）	👵🏾	未直接列在现有 Emoji 网格	1f475-1f3fe.png	是	U+1F475 U+1F3FE	People & Body	person	fully-qualified	Older女性、中等偏深肤色	OLDER WOMAN / MEDIUM-DARK SKIN TONE
561	👵🏿	人物	肤色变体（右键）	👵🏿	未直接列在现有 Emoji 网格	1f475-1f3ff.png	是	U+1F475 U+1F3FF	People & Body	person	fully-qualified	Older女性、较深肤色	OLDER WOMAN / DARK SKIN TONE
562	🙍	人物	主网格	🙍	Emoji·表情与人物 / 第 17 行	1f64d.png	是	U+1F64D	People & Body	person-gesture	fully-qualified	皱眉	PERSON FROWNING
563	🙍🏻	人物	肤色变体（右键）	🙍🏻	未直接列在现有 Emoji 网格	1f64d-1f3fb.png	是	U+1F64D U+1F3FB	People & Body	person-gesture	fully-qualified	人物Frowning、较浅肤色	PERSON FROWNING / LIGHT SKIN TONE
564	🙍🏼	人物	肤色变体（右键）	🙍🏼	未直接列在现有 Emoji 网格	1f64d-1f3fc.png	是	U+1F64D U+1F3FC	People & Body	person-gesture	fully-qualified	人物Frowning、中等偏浅肤色	PERSON FROWNING / MEDIUM-LIGHT SKIN TONE
565	🙍🏽	人物	肤色变体（右键）	🙍🏽	未直接列在现有 Emoji 网格	1f64d-1f3fd.png	是	U+1F64D U+1F3FD	People & Body	person-gesture	fully-qualified	人物Frowning、中等肤色	PERSON FROWNING / MEDIUM SKIN TONE
566	🙍🏾	人物	肤色变体（右键）	🙍🏾	未直接列在现有 Emoji 网格	1f64d-1f3fe.png	是	U+1F64D U+1F3FE	People & Body	person-gesture	fully-qualified	人物Frowning、中等偏深肤色	PERSON FROWNING / MEDIUM-DARK SKIN TONE
567	🙍🏿	人物	肤色变体（右键）	🙍🏿	未直接列在现有 Emoji 网格	1f64d-1f3ff.png	是	U+1F64D U+1F3FF	People & Body	person-gesture	fully-qualified	人物Frowning、较深肤色	PERSON FROWNING / DARK SKIN TONE
568	🙍‍♂️	人物	主网格	🙍‍♂️	Emoji·表情与人物 / 第 14 行	1f64d-200d-2642.png	是	U+1F64D U+200D U+2642 U+FE0F	People & Body	person-gesture	fully-qualified	皱眉男	PERSON FROWNING / MALE SIGN
569	🙍🏻‍♂️	人物	肤色变体（右键）	🙍🏻‍♂️	未直接列在现有 Emoji 网格	1f64d-1f3fb-200d-2642.png	是	U+1F64D U+1F3FB U+200D U+2642 U+FE0F	People & Body	person-gesture	fully-qualified	人物Frowning、较浅肤色、男性符号	PERSON FROWNING / LIGHT SKIN TONE / MALE SIGN
570	🙍🏼‍♂️	人物	肤色变体（右键）	🙍🏼‍♂️	未直接列在现有 Emoji 网格	1f64d-1f3fc-200d-2642.png	是	U+1F64D U+1F3FC U+200D U+2642 U+FE0F	People & Body	person-gesture	fully-qualified	人物Frowning、中等偏浅肤色、男性符号	PERSON FROWNING / MEDIUM-LIGHT SKIN TONE / MALE SIGN
571	🙍🏽‍♂️	人物	肤色变体（右键）	🙍🏽‍♂️	未直接列在现有 Emoji 网格	1f64d-1f3fd-200d-2642.png	是	U+1F64D U+1F3FD U+200D U+2642 U+FE0F	People & Body	person-gesture	fully-qualified	人物Frowning、中等肤色、男性符号	PERSON FROWNING / MEDIUM SKIN TONE / MALE SIGN
572	🙍🏾‍♂️	人物	肤色变体（右键）	🙍🏾‍♂️	未直接列在现有 Emoji 网格	1f64d-1f3fe-200d-2642.png	是	U+1F64D U+1F3FE U+200D U+2642 U+FE0F	People & Body	person-gesture	fully-qualified	人物Frowning、中等偏深肤色、男性符号	PERSON FROWNING / MEDIUM-DARK SKIN TONE / MALE SIGN
573	🙍🏿‍♂️	人物	肤色变体（右键）	🙍🏿‍♂️	未直接列在现有 Emoji 网格	1f64d-1f3ff-200d-2642.png	是	U+1F64D U+1F3FF U+200D U+2642 U+FE0F	People & Body	person-gesture	fully-qualified	人物Frowning、较深肤色、男性符号	PERSON FROWNING / DARK SKIN TONE / MALE SIGN
574	🙍‍♀️	人物	主网格	🙍‍♀️	Emoji·表情与人物 / 第 14 行	1f64d-200d-2640.png	是	U+1F64D U+200D U+2640 U+FE0F	People & Body	person-gesture	fully-qualified	皱眉女	PERSON FROWNING / FEMALE SIGN
575	🙍🏻‍♀️	人物	肤色变体（右键）	🙍🏻‍♀️	未直接列在现有 Emoji 网格	1f64d-1f3fb-200d-2640.png	是	U+1F64D U+1F3FB U+200D U+2640 U+FE0F	People & Body	person-gesture	fully-qualified	人物Frowning、较浅肤色、女性符号	PERSON FROWNING / LIGHT SKIN TONE / FEMALE SIGN
576	🙍🏼‍♀️	人物	肤色变体（右键）	🙍🏼‍♀️	未直接列在现有 Emoji 网格	1f64d-1f3fc-200d-2640.png	是	U+1F64D U+1F3FC U+200D U+2640 U+FE0F	People & Body	person-gesture	fully-qualified	人物Frowning、中等偏浅肤色、女性符号	PERSON FROWNING / MEDIUM-LIGHT SKIN TONE / FEMALE SIGN
577	🙍🏽‍♀️	人物	肤色变体（右键）	🙍🏽‍♀️	未直接列在现有 Emoji 网格	1f64d-1f3fd-200d-2640.png	是	U+1F64D U+1F3FD U+200D U+2640 U+FE0F	People & Body	person-gesture	fully-qualified	人物Frowning、中等肤色、女性符号	PERSON FROWNING / MEDIUM SKIN TONE / FEMALE SIGN
578	🙍🏾‍♀️	人物	肤色变体（右键）	🙍🏾‍♀️	未直接列在现有 Emoji 网格	1f64d-1f3fe-200d-2640.png	是	U+1F64D U+1F3FE U+200D U+2640 U+FE0F	People & Body	person-gesture	fully-qualified	人物Frowning、中等偏深肤色、女性符号	PERSON FROWNING / MEDIUM-DARK SKIN TONE / FEMALE SIGN
579	🙍🏿‍♀️	人物	肤色变体（右键）	🙍🏿‍♀️	未直接列在现有 Emoji 网格	1f64d-1f3ff-200d-2640.png	是	U+1F64D U+1F3FF U+200D U+2640 U+FE0F	People & Body	person-gesture	fully-qualified	人物Frowning、较深肤色、女性符号	PERSON FROWNING / DARK SKIN TONE / FEMALE SIGN
580	🙎	人物	主网格	🙎	Emoji·表情与人物 / 第 24 行	1f64e.png	是	U+1F64E	People & Body	person-gesture	fully-qualified	撅嘴	PERSON WITH POUTING FACE
581	🙎🏻	人物	肤色变体（右键）	🙎🏻	未直接列在现有 Emoji 网格	1f64e-1f3fb.png	是	U+1F64E U+1F3FB	People & Body	person-gesture	fully-qualified	人物带Pouting脸、较浅肤色	PERSON WITH POUTING FACE / LIGHT SKIN TONE
582	🙎🏼	人物	肤色变体（右键）	🙎🏼	未直接列在现有 Emoji 网格	1f64e-1f3fc.png	是	U+1F64E U+1F3FC	People & Body	person-gesture	fully-qualified	人物带Pouting脸、中等偏浅肤色	PERSON WITH POUTING FACE / MEDIUM-LIGHT SKIN TONE
583	🙎🏽	人物	肤色变体（右键）	🙎🏽	未直接列在现有 Emoji 网格	1f64e-1f3fd.png	是	U+1F64E U+1F3FD	People & Body	person-gesture	fully-qualified	人物带Pouting脸、中等肤色	PERSON WITH POUTING FACE / MEDIUM SKIN TONE
584	🙎🏾	人物	肤色变体（右键）	🙎🏾	未直接列在现有 Emoji 网格	1f64e-1f3fe.png	是	U+1F64E U+1F3FE	People & Body	person-gesture	fully-qualified	人物带Pouting脸、中等偏深肤色	PERSON WITH POUTING FACE / MEDIUM-DARK SKIN TONE
585	🙎🏿	人物	肤色变体（右键）	🙎🏿	未直接列在现有 Emoji 网格	1f64e-1f3ff.png	是	U+1F64E U+1F3FF	People & Body	person-gesture	fully-qualified	人物带Pouting脸、较深肤色	PERSON WITH POUTING FACE / DARK SKIN TONE
586	🙎‍♂️	人物	主网格	🙎‍♂️	Emoji·表情与人物 / 第 23 行	1f64e-200d-2642.png	是	U+1F64E U+200D U+2642 U+FE0F	People & Body	person-gesture	fully-qualified	撅嘴男	PERSON WITH POUTING FACE / MALE SIGN
587	🙎🏻‍♂️	人物	肤色变体（右键）	🙎🏻‍♂️	未直接列在现有 Emoji 网格	1f64e-1f3fb-200d-2642.png	是	U+1F64E U+1F3FB U+200D U+2642 U+FE0F	People & Body	person-gesture	fully-qualified	人物带Pouting脸、较浅肤色、男性符号	PERSON WITH POUTING FACE / LIGHT SKIN TONE / MALE SIGN
588	🙎🏼‍♂️	人物	肤色变体（右键）	🙎🏼‍♂️	未直接列在现有 Emoji 网格	1f64e-1f3fc-200d-2642.png	是	U+1F64E U+1F3FC U+200D U+2642 U+FE0F	People & Body	person-gesture	fully-qualified	人物带Pouting脸、中等偏浅肤色、男性符号	PERSON WITH POUTING FACE / MEDIUM-LIGHT SKIN TONE / MALE SIGN
589	🙎🏽‍♂️	人物	肤色变体（右键）	🙎🏽‍♂️	未直接列在现有 Emoji 网格	1f64e-1f3fd-200d-2642.png	是	U+1F64E U+1F3FD U+200D U+2642 U+FE0F	People & Body	person-gesture	fully-qualified	人物带Pouting脸、中等肤色、男性符号	PERSON WITH POUTING FACE / MEDIUM SKIN TONE / MALE SIGN
590	🙎🏾‍♂️	人物	肤色变体（右键）	🙎🏾‍♂️	未直接列在现有 Emoji 网格	1f64e-1f3fe-200d-2642.png	是	U+1F64E U+1F3FE U+200D U+2642 U+FE0F	People & Body	person-gesture	fully-qualified	人物带Pouting脸、中等偏深肤色、男性符号	PERSON WITH POUTING FACE / MEDIUM-DARK SKIN TONE / MALE SIGN
591	🙎🏿‍♂️	人物	肤色变体（右键）	🙎🏿‍♂️	未直接列在现有 Emoji 网格	1f64e-1f3ff-200d-2642.png	是	U+1F64E U+1F3FF U+200D U+2642 U+FE0F	People & Body	person-gesture	fully-qualified	人物带Pouting脸、较深肤色、男性符号	PERSON WITH POUTING FACE / DARK SKIN TONE / MALE SIGN
592	🙎‍♀️	人物	主网格	🙎‍♀️	Emoji·表情与人物 / 第 23 行	1f64e-200d-2640.png	是	U+1F64E U+200D U+2640 U+FE0F	People & Body	person-gesture	fully-qualified	撅嘴女	PERSON WITH POUTING FACE / FEMALE SIGN
593	🙎🏻‍♀️	人物	肤色变体（右键）	🙎🏻‍♀️	未直接列在现有 Emoji 网格	1f64e-1f3fb-200d-2640.png	是	U+1F64E U+1F3FB U+200D U+2640 U+FE0F	People & Body	person-gesture	fully-qualified	人物带Pouting脸、较浅肤色、女性符号	PERSON WITH POUTING FACE / LIGHT SKIN TONE / FEMALE SIGN
594	🙎🏼‍♀️	人物	肤色变体（右键）	🙎🏼‍♀️	未直接列在现有 Emoji 网格	1f64e-1f3fc-200d-2640.png	是	U+1F64E U+1F3FC U+200D U+2640 U+FE0F	People & Body	person-gesture	fully-qualified	人物带Pouting脸、中等偏浅肤色、女性符号	PERSON WITH POUTING FACE / MEDIUM-LIGHT SKIN TONE / FEMALE SIGN
595	🙎🏽‍♀️	人物	肤色变体（右键）	🙎🏽‍♀️	未直接列在现有 Emoji 网格	1f64e-1f3fd-200d-2640.png	是	U+1F64E U+1F3FD U+200D U+2640 U+FE0F	People & Body	person-gesture	fully-qualified	人物带Pouting脸、中等肤色、女性符号	PERSON WITH POUTING FACE / MEDIUM SKIN TONE / FEMALE SIGN
596	🙎🏾‍♀️	人物	肤色变体（右键）	🙎🏾‍♀️	未直接列在现有 Emoji 网格	1f64e-1f3fe-200d-2640.png	是	U+1F64E U+1F3FE U+200D U+2640 U+FE0F	People & Body	person-gesture	fully-qualified	人物带Pouting脸、中等偏深肤色、女性符号	PERSON WITH POUTING FACE / MEDIUM-DARK SKIN TONE / FEMALE SIGN
597	🙎🏿‍♀️	人物	肤色变体（右键）	🙎🏿‍♀️	未直接列在现有 Emoji 网格	1f64e-1f3ff-200d-2640.png	是	U+1F64E U+1F3FF U+200D U+2640 U+FE0F	People & Body	person-gesture	fully-qualified	人物带Pouting脸、较深肤色、女性符号	PERSON WITH POUTING FACE / DARK SKIN TONE / FEMALE SIGN
598	🙅	人物	主网格	🙅	Emoji·表情与人物 / 第 24 行	1f645.png	是	U+1F645	People & Body	person-gesture	fully-qualified	禁止手势	FACE WITH NO GOOD GESTURE
599	🙅🏻	人物	肤色变体（右键）	🙅🏻	未直接列在现有 Emoji 网格	1f645-1f3fb.png	是	U+1F645 U+1F3FB	People & Body	person-gesture	fully-qualified	脸带NoGoodGesture、较浅肤色	FACE WITH NO GOOD GESTURE / LIGHT SKIN TONE
600	🙅🏼	人物	肤色变体（右键）	🙅🏼	未直接列在现有 Emoji 网格	1f645-1f3fc.png	是	U+1F645 U+1F3FC	People & Body	person-gesture	fully-qualified	脸带NoGoodGesture、中等偏浅肤色	FACE WITH NO GOOD GESTURE / MEDIUM-LIGHT SKIN TONE
601	🙅🏽	人物	肤色变体（右键）	🙅🏽	未直接列在现有 Emoji 网格	1f645-1f3fd.png	是	U+1F645 U+1F3FD	People & Body	person-gesture	fully-qualified	脸带NoGoodGesture、中等肤色	FACE WITH NO GOOD GESTURE / MEDIUM SKIN TONE
602	🙅🏾	人物	肤色变体（右键）	🙅🏾	未直接列在现有 Emoji 网格	1f645-1f3fe.png	是	U+1F645 U+1F3FE	People & Body	person-gesture	fully-qualified	脸带NoGoodGesture、中等偏深肤色	FACE WITH NO GOOD GESTURE / MEDIUM-DARK SKIN TONE
603	🙅🏿	人物	肤色变体（右键）	🙅🏿	未直接列在现有 Emoji 网格	1f645-1f3ff.png	是	U+1F645 U+1F3FF	People & Body	person-gesture	fully-qualified	脸带NoGoodGesture、较深肤色	FACE WITH NO GOOD GESTURE / DARK SKIN TONE
604	🙅‍♂️	人物	主网格	🙅‍♂️	Emoji·表情与人物 / 第 23 行	1f645-200d-2642.png	是	U+1F645 U+200D U+2642 U+FE0F	People & Body	person-gesture	fully-qualified	禁止手势男	FACE WITH NO GOOD GESTURE / MALE SIGN
605	🙅🏻‍♂️	人物	肤色变体（右键）	🙅🏻‍♂️	未直接列在现有 Emoji 网格	1f645-1f3fb-200d-2642.png	是	U+1F645 U+1F3FB U+200D U+2642 U+FE0F	People & Body	person-gesture	fully-qualified	脸带NoGoodGesture、较浅肤色、男性符号	FACE WITH NO GOOD GESTURE / LIGHT SKIN TONE / MALE SIGN
606	🙅🏼‍♂️	人物	肤色变体（右键）	🙅🏼‍♂️	未直接列在现有 Emoji 网格	1f645-1f3fc-200d-2642.png	是	U+1F645 U+1F3FC U+200D U+2642 U+FE0F	People & Body	person-gesture	fully-qualified	脸带NoGoodGesture、中等偏浅肤色、男性符号	FACE WITH NO GOOD GESTURE / MEDIUM-LIGHT SKIN TONE / MALE SIGN
607	🙅🏽‍♂️	人物	肤色变体（右键）	🙅🏽‍♂️	未直接列在现有 Emoji 网格	1f645-1f3fd-200d-2642.png	是	U+1F645 U+1F3FD U+200D U+2642 U+FE0F	People & Body	person-gesture	fully-qualified	脸带NoGoodGesture、中等肤色、男性符号	FACE WITH NO GOOD GESTURE / MEDIUM SKIN TONE / MALE SIGN
608	🙅🏾‍♂️	人物	肤色变体（右键）	🙅🏾‍♂️	未直接列在现有 Emoji 网格	1f645-1f3fe-200d-2642.png	是	U+1F645 U+1F3FE U+200D U+2642 U+FE0F	People & Body	person-gesture	fully-qualified	脸带NoGoodGesture、中等偏深肤色、男性符号	FACE WITH NO GOOD GESTURE / MEDIUM-DARK SKIN TONE / MALE SIGN
609	🙅🏿‍♂️	人物	肤色变体（右键）	🙅🏿‍♂️	未直接列在现有 Emoji 网格	1f645-1f3ff-200d-2642.png	是	U+1F645 U+1F3FF U+200D U+2642 U+FE0F	People & Body	person-gesture	fully-qualified	脸带NoGoodGesture、较深肤色、男性符号	FACE WITH NO GOOD GESTURE / DARK SKIN TONE / MALE SIGN
610	🙅‍♀️	人物	主网格	🙅‍♀️	Emoji·表情与人物 / 第 23 行	1f645-200d-2640.png	是	U+1F645 U+200D U+2640 U+FE0F	People & Body	person-gesture	fully-qualified	禁止手势女	FACE WITH NO GOOD GESTURE / FEMALE SIGN
611	🙅🏻‍♀️	人物	肤色变体（右键）	🙅🏻‍♀️	未直接列在现有 Emoji 网格	1f645-1f3fb-200d-2640.png	是	U+1F645 U+1F3FB U+200D U+2640 U+FE0F	People & Body	person-gesture	fully-qualified	脸带NoGoodGesture、较浅肤色、女性符号	FACE WITH NO GOOD GESTURE / LIGHT SKIN TONE / FEMALE SIGN
612	🙅🏼‍♀️	人物	肤色变体（右键）	🙅🏼‍♀️	未直接列在现有 Emoji 网格	1f645-1f3fc-200d-2640.png	是	U+1F645 U+1F3FC U+200D U+2640 U+FE0F	People & Body	person-gesture	fully-qualified	脸带NoGoodGesture、中等偏浅肤色、女性符号	FACE WITH NO GOOD GESTURE / MEDIUM-LIGHT SKIN TONE / FEMALE SIGN
613	🙅🏽‍♀️	人物	肤色变体（右键）	🙅🏽‍♀️	未直接列在现有 Emoji 网格	1f645-1f3fd-200d-2640.png	是	U+1F645 U+1F3FD U+200D U+2640 U+FE0F	People & Body	person-gesture	fully-qualified	脸带NoGoodGesture、中等肤色、女性符号	FACE WITH NO GOOD GESTURE / MEDIUM SKIN TONE / FEMALE SIGN
614	🙅🏾‍♀️	人物	肤色变体（右键）	🙅🏾‍♀️	未直接列在现有 Emoji 网格	1f645-1f3fe-200d-2640.png	是	U+1F645 U+1F3FE U+200D U+2640 U+FE0F	People & Body	person-gesture	fully-qualified	脸带NoGoodGesture、中等偏深肤色、女性符号	FACE WITH NO GOOD GESTURE / MEDIUM-DARK SKIN TONE / FEMALE SIGN
615	🙅🏿‍♀️	人物	肤色变体（右键）	🙅🏿‍♀️	未直接列在现有 Emoji 网格	1f645-1f3ff-200d-2640.png	是	U+1F645 U+1F3FF U+200D U+2640 U+FE0F	People & Body	person-gesture	fully-qualified	脸带NoGoodGesture、较深肤色、女性符号	FACE WITH NO GOOD GESTURE / DARK SKIN TONE / FEMALE SIGN
616	🙆	人物	主网格	🙆	Emoji·表情与人物 / 第 24 行	1f646.png	是	U+1F646	People & Body	person-gesture	fully-qualified	OK手势	FACE WITH OK GESTURE
617	🙆🏻	人物	肤色变体（右键）	🙆🏻	未直接列在现有 Emoji 网格	1f646-1f3fb.png	是	U+1F646 U+1F3FB	People & Body	person-gesture	fully-qualified	脸带OkGesture、较浅肤色	FACE WITH OK GESTURE / LIGHT SKIN TONE
618	🙆🏼	人物	肤色变体（右键）	🙆🏼	未直接列在现有 Emoji 网格	1f646-1f3fc.png	是	U+1F646 U+1F3FC	People & Body	person-gesture	fully-qualified	脸带OkGesture、中等偏浅肤色	FACE WITH OK GESTURE / MEDIUM-LIGHT SKIN TONE
619	🙆🏽	人物	肤色变体（右键）	🙆🏽	未直接列在现有 Emoji 网格	1f646-1f3fd.png	是	U+1F646 U+1F3FD	People & Body	person-gesture	fully-qualified	脸带OkGesture、中等肤色	FACE WITH OK GESTURE / MEDIUM SKIN TONE
620	🙆🏾	人物	肤色变体（右键）	🙆🏾	未直接列在现有 Emoji 网格	1f646-1f3fe.png	是	U+1F646 U+1F3FE	People & Body	person-gesture	fully-qualified	脸带OkGesture、中等偏深肤色	FACE WITH OK GESTURE / MEDIUM-DARK SKIN TONE
621	🙆🏿	人物	肤色变体（右键）	🙆🏿	未直接列在现有 Emoji 网格	1f646-1f3ff.png	是	U+1F646 U+1F3FF	People & Body	person-gesture	fully-qualified	脸带OkGesture、较深肤色	FACE WITH OK GESTURE / DARK SKIN TONE
622	🙆‍♂️	人物	主网格	🙆‍♂️	Emoji·表情与人物 / 第 23 行	1f646-200d-2642.png	是	U+1F646 U+200D U+2642 U+FE0F	People & Body	person-gesture	fully-qualified	OK手势男	FACE WITH OK GESTURE / MALE SIGN
623	🙆🏻‍♂️	人物	肤色变体（右键）	🙆🏻‍♂️	未直接列在现有 Emoji 网格	1f646-1f3fb-200d-2642.png	是	U+1F646 U+1F3FB U+200D U+2642 U+FE0F	People & Body	person-gesture	fully-qualified	脸带OkGesture、较浅肤色、男性符号	FACE WITH OK GESTURE / LIGHT SKIN TONE / MALE SIGN
624	🙆🏼‍♂️	人物	肤色变体（右键）	🙆🏼‍♂️	未直接列在现有 Emoji 网格	1f646-1f3fc-200d-2642.png	是	U+1F646 U+1F3FC U+200D U+2642 U+FE0F	People & Body	person-gesture	fully-qualified	脸带OkGesture、中等偏浅肤色、男性符号	FACE WITH OK GESTURE / MEDIUM-LIGHT SKIN TONE / MALE SIGN
625	🙆🏽‍♂️	人物	肤色变体（右键）	🙆🏽‍♂️	未直接列在现有 Emoji 网格	1f646-1f3fd-200d-2642.png	是	U+1F646 U+1F3FD U+200D U+2642 U+FE0F	People & Body	person-gesture	fully-qualified	脸带OkGesture、中等肤色、男性符号	FACE WITH OK GESTURE / MEDIUM SKIN TONE / MALE SIGN
626	🙆🏾‍♂️	人物	肤色变体（右键）	🙆🏾‍♂️	未直接列在现有 Emoji 网格	1f646-1f3fe-200d-2642.png	是	U+1F646 U+1F3FE U+200D U+2642 U+FE0F	People & Body	person-gesture	fully-qualified	脸带OkGesture、中等偏深肤色、男性符号	FACE WITH OK GESTURE / MEDIUM-DARK SKIN TONE / MALE SIGN
627	🙆🏿‍♂️	人物	肤色变体（右键）	🙆🏿‍♂️	未直接列在现有 Emoji 网格	1f646-1f3ff-200d-2642.png	是	U+1F646 U+1F3FF U+200D U+2642 U+FE0F	People & Body	person-gesture	fully-qualified	脸带OkGesture、较深肤色、男性符号	FACE WITH OK GESTURE / DARK SKIN TONE / MALE SIGN
628	🙆‍♀️	人物	主网格	🙆‍♀️	Emoji·表情与人物 / 第 23 行	1f646-200d-2640.png	是	U+1F646 U+200D U+2640 U+FE0F	People & Body	person-gesture	fully-qualified	OK手势女	FACE WITH OK GESTURE / FEMALE SIGN
629	🙆🏻‍♀️	人物	肤色变体（右键）	🙆🏻‍♀️	未直接列在现有 Emoji 网格	1f646-1f3fb-200d-2640.png	是	U+1F646 U+1F3FB U+200D U+2640 U+FE0F	People & Body	person-gesture	fully-qualified	脸带OkGesture、较浅肤色、女性符号	FACE WITH OK GESTURE / LIGHT SKIN TONE / FEMALE SIGN
630	🙆🏼‍♀️	人物	肤色变体（右键）	🙆🏼‍♀️	未直接列在现有 Emoji 网格	1f646-1f3fc-200d-2640.png	是	U+1F646 U+1F3FC U+200D U+2640 U+FE0F	People & Body	person-gesture	fully-qualified	脸带OkGesture、中等偏浅肤色、女性符号	FACE WITH OK GESTURE / MEDIUM-LIGHT SKIN TONE / FEMALE SIGN
631	🙆🏽‍♀️	人物	肤色变体（右键）	🙆🏽‍♀️	未直接列在现有 Emoji 网格	1f646-1f3fd-200d-2640.png	是	U+1F646 U+1F3FD U+200D U+2640 U+FE0F	People & Body	person-gesture	fully-qualified	脸带OkGesture、中等肤色、女性符号	FACE WITH OK GESTURE / MEDIUM SKIN TONE / FEMALE SIGN
632	🙆🏾‍♀️	人物	肤色变体（右键）	🙆🏾‍♀️	未直接列在现有 Emoji 网格	1f646-1f3fe-200d-2640.png	是	U+1F646 U+1F3FE U+200D U+2640 U+FE0F	People & Body	person-gesture	fully-qualified	脸带OkGesture、中等偏深肤色、女性符号	FACE WITH OK GESTURE / MEDIUM-DARK SKIN TONE / FEMALE SIGN
633	🙆🏿‍♀️	人物	肤色变体（右键）	🙆🏿‍♀️	未直接列在现有 Emoji 网格	1f646-1f3ff-200d-2640.png	是	U+1F646 U+1F3FF U+200D U+2640 U+FE0F	People & Body	person-gesture	fully-qualified	脸带OkGesture、较深肤色、女性符号	FACE WITH OK GESTURE / DARK SKIN TONE / FEMALE SIGN
634	💁	人物	主网格	💁	Emoji·表情与人物 / 第 17 行	1f481.png	是	U+1F481	People & Body	person-gesture	fully-qualified	前台	INFORMATION DESK PERSON
635	💁🏻	人物	肤色变体（右键）	💁🏻	未直接列在现有 Emoji 网格	1f481-1f3fb.png	是	U+1F481 U+1F3FB	People & Body	person-gesture	fully-qualified	InformationDesk人物、较浅肤色	INFORMATION DESK PERSON / LIGHT SKIN TONE
636	💁🏼	人物	肤色变体（右键）	💁🏼	未直接列在现有 Emoji 网格	1f481-1f3fc.png	是	U+1F481 U+1F3FC	People & Body	person-gesture	fully-qualified	InformationDesk人物、中等偏浅肤色	INFORMATION DESK PERSON / MEDIUM-LIGHT SKIN TONE
637	💁🏽	人物	肤色变体（右键）	💁🏽	未直接列在现有 Emoji 网格	1f481-1f3fd.png	是	U+1F481 U+1F3FD	People & Body	person-gesture	fully-qualified	InformationDesk人物、中等肤色	INFORMATION DESK PERSON / MEDIUM SKIN TONE
638	💁🏾	人物	肤色变体（右键）	💁🏾	未直接列在现有 Emoji 网格	1f481-1f3fe.png	是	U+1F481 U+1F3FE	People & Body	person-gesture	fully-qualified	InformationDesk人物、中等偏深肤色	INFORMATION DESK PERSON / MEDIUM-DARK SKIN TONE
639	💁🏿	人物	肤色变体（右键）	💁🏿	未直接列在现有 Emoji 网格	1f481-1f3ff.png	是	U+1F481 U+1F3FF	People & Body	person-gesture	fully-qualified	InformationDesk人物、较深肤色	INFORMATION DESK PERSON / DARK SKIN TONE
640	💁‍♂️	人物	主网格	💁‍♂️	Emoji·表情与人物 / 第 14 行	1f481-200d-2642.png	是	U+1F481 U+200D U+2642 U+FE0F	People & Body	person-gesture	fully-qualified	前台男	INFORMATION DESK PERSON / MALE SIGN
641	💁🏻‍♂️	人物	肤色变体（右键）	💁🏻‍♂️	未直接列在现有 Emoji 网格	1f481-1f3fb-200d-2642.png	是	U+1F481 U+1F3FB U+200D U+2642 U+FE0F	People & Body	person-gesture	fully-qualified	InformationDesk人物、较浅肤色、男性符号	INFORMATION DESK PERSON / LIGHT SKIN TONE / MALE SIGN
642	💁🏼‍♂️	人物	肤色变体（右键）	💁🏼‍♂️	未直接列在现有 Emoji 网格	1f481-1f3fc-200d-2642.png	是	U+1F481 U+1F3FC U+200D U+2642 U+FE0F	People & Body	person-gesture	fully-qualified	InformationDesk人物、中等偏浅肤色、男性符号	INFORMATION DESK PERSON / MEDIUM-LIGHT SKIN TONE / MALE SIGN
643	💁🏽‍♂️	人物	肤色变体（右键）	💁🏽‍♂️	未直接列在现有 Emoji 网格	1f481-1f3fd-200d-2642.png	是	U+1F481 U+1F3FD U+200D U+2642 U+FE0F	People & Body	person-gesture	fully-qualified	InformationDesk人物、中等肤色、男性符号	INFORMATION DESK PERSON / MEDIUM SKIN TONE / MALE SIGN
644	💁🏾‍♂️	人物	肤色变体（右键）	💁🏾‍♂️	未直接列在现有 Emoji 网格	1f481-1f3fe-200d-2642.png	是	U+1F481 U+1F3FE U+200D U+2642 U+FE0F	People & Body	person-gesture	fully-qualified	InformationDesk人物、中等偏深肤色、男性符号	INFORMATION DESK PERSON / MEDIUM-DARK SKIN TONE / MALE SIGN
645	💁🏿‍♂️	人物	肤色变体（右键）	💁🏿‍♂️	未直接列在现有 Emoji 网格	1f481-1f3ff-200d-2642.png	是	U+1F481 U+1F3FF U+200D U+2642 U+FE0F	People & Body	person-gesture	fully-qualified	InformationDesk人物、较深肤色、男性符号	INFORMATION DESK PERSON / DARK SKIN TONE / MALE SIGN
646	💁‍♀️	人物	主网格	💁‍♀️	Emoji·表情与人物 / 第 13 行	1f481-200d-2640.png	是	U+1F481 U+200D U+2640 U+FE0F	People & Body	person-gesture	fully-qualified	前台女	INFORMATION DESK PERSON / FEMALE SIGN
647	💁🏻‍♀️	人物	肤色变体（右键）	💁🏻‍♀️	未直接列在现有 Emoji 网格	1f481-1f3fb-200d-2640.png	是	U+1F481 U+1F3FB U+200D U+2640 U+FE0F	People & Body	person-gesture	fully-qualified	InformationDesk人物、较浅肤色、女性符号	INFORMATION DESK PERSON / LIGHT SKIN TONE / FEMALE SIGN
648	💁🏼‍♀️	人物	肤色变体（右键）	💁🏼‍♀️	未直接列在现有 Emoji 网格	1f481-1f3fc-200d-2640.png	是	U+1F481 U+1F3FC U+200D U+2640 U+FE0F	People & Body	person-gesture	fully-qualified	InformationDesk人物、中等偏浅肤色、女性符号	INFORMATION DESK PERSON / MEDIUM-LIGHT SKIN TONE / FEMALE SIGN
649	💁🏽‍♀️	人物	肤色变体（右键）	💁🏽‍♀️	未直接列在现有 Emoji 网格	1f481-1f3fd-200d-2640.png	是	U+1F481 U+1F3FD U+200D U+2640 U+FE0F	People & Body	person-gesture	fully-qualified	InformationDesk人物、中等肤色、女性符号	INFORMATION DESK PERSON / MEDIUM SKIN TONE / FEMALE SIGN
650	💁🏾‍♀️	人物	肤色变体（右键）	💁🏾‍♀️	未直接列在现有 Emoji 网格	1f481-1f3fe-200d-2640.png	是	U+1F481 U+1F3FE U+200D U+2640 U+FE0F	People & Body	person-gesture	fully-qualified	InformationDesk人物、中等偏深肤色、女性符号	INFORMATION DESK PERSON / MEDIUM-DARK SKIN TONE / FEMALE SIGN
651	💁🏿‍♀️	人物	肤色变体（右键）	💁🏿‍♀️	未直接列在现有 Emoji 网格	1f481-1f3ff-200d-2640.png	是	U+1F481 U+1F3FF U+200D U+2640 U+FE0F	People & Body	person-gesture	fully-qualified	InformationDesk人物、较深肤色、女性符号	INFORMATION DESK PERSON / DARK SKIN TONE / FEMALE SIGN
652	🙋	人物	主网格	🙋	Emoji·表情与人物 / 手势与手部	1f64b.png	是	U+1F64B	People & Body	person-gesture	fully-qualified	举手	HAPPY PERSON RAISING ONE HAND
653	🙋🏻	人物	肤色变体（右键）	🙋🏻	未直接列在现有 Emoji 网格	1f64b-1f3fb.png	是	U+1F64B U+1F3FB	People & Body	person-gesture	fully-qualified	Happy人物Raising一手、较浅肤色	HAPPY PERSON RAISING ONE HAND / LIGHT SKIN TONE
654	🙋🏼	人物	肤色变体（右键）	🙋🏼	未直接列在现有 Emoji 网格	1f64b-1f3fc.png	是	U+1F64B U+1F3FC	People & Body	person-gesture	fully-qualified	Happy人物Raising一手、中等偏浅肤色	HAPPY PERSON RAISING ONE HAND / MEDIUM-LIGHT SKIN TONE
655	🙋🏽	人物	肤色变体（右键）	🙋🏽	未直接列在现有 Emoji 网格	1f64b-1f3fd.png	是	U+1F64B U+1F3FD	People & Body	person-gesture	fully-qualified	Happy人物Raising一手、中等肤色	HAPPY PERSON RAISING ONE HAND / MEDIUM SKIN TONE
656	🙋🏾	人物	肤色变体（右键）	🙋🏾	未直接列在现有 Emoji 网格	1f64b-1f3fe.png	是	U+1F64B U+1F3FE	People & Body	person-gesture	fully-qualified	Happy人物Raising一手、中等偏深肤色	HAPPY PERSON RAISING ONE HAND / MEDIUM-DARK SKIN TONE
657	🙋🏿	人物	肤色变体（右键）	🙋🏿	未直接列在现有 Emoji 网格	1f64b-1f3ff.png	是	U+1F64B U+1F3FF	People & Body	person-gesture	fully-qualified	Happy人物Raising一手、较深肤色	HAPPY PERSON RAISING ONE HAND / DARK SKIN TONE
658	🙋‍♂️	人物	主网格	🙋‍♂️	Emoji·表情与人物 / 手势与手部	1f64b-200d-2642.png	是	U+1F64B U+200D U+2642 U+FE0F	People & Body	person-gesture	fully-qualified	男生举手	HAPPY PERSON RAISING ONE HAND / MALE SIGN
659	🙋🏻‍♂️	人物	肤色变体（右键）	🙋🏻‍♂️	未直接列在现有 Emoji 网格	1f64b-1f3fb-200d-2642.png	是	U+1F64B U+1F3FB U+200D U+2642 U+FE0F	People & Body	person-gesture	fully-qualified	Happy人物Raising一手、较浅肤色、男性符号	HAPPY PERSON RAISING ONE HAND / LIGHT SKIN TONE / MALE SIGN
660	🙋🏼‍♂️	人物	肤色变体（右键）	🙋🏼‍♂️	未直接列在现有 Emoji 网格	1f64b-1f3fc-200d-2642.png	是	U+1F64B U+1F3FC U+200D U+2642 U+FE0F	People & Body	person-gesture	fully-qualified	Happy人物Raising一手、中等偏浅肤色、男性符号	HAPPY PERSON RAISING ONE HAND / MEDIUM-LIGHT SKIN TONE / MALE SIGN
661	🙋🏽‍♂️	人物	肤色变体（右键）	🙋🏽‍♂️	未直接列在现有 Emoji 网格	1f64b-1f3fd-200d-2642.png	是	U+1F64B U+1F3FD U+200D U+2642 U+FE0F	People & Body	person-gesture	fully-qualified	Happy人物Raising一手、中等肤色、男性符号	HAPPY PERSON RAISING ONE HAND / MEDIUM SKIN TONE / MALE SIGN
662	🙋🏾‍♂️	人物	肤色变体（右键）	🙋🏾‍♂️	未直接列在现有 Emoji 网格	1f64b-1f3fe-200d-2642.png	是	U+1F64B U+1F3FE U+200D U+2642 U+FE0F	People & Body	person-gesture	fully-qualified	Happy人物Raising一手、中等偏深肤色、男性符号	HAPPY PERSON RAISING ONE HAND / MEDIUM-DARK SKIN TONE / MALE SIGN
663	🙋🏿‍♂️	人物	肤色变体（右键）	🙋🏿‍♂️	未直接列在现有 Emoji 网格	1f64b-1f3ff-200d-2642.png	是	U+1F64B U+1F3FF U+200D U+2642 U+FE0F	People & Body	person-gesture	fully-qualified	Happy人物Raising一手、较深肤色、男性符号	HAPPY PERSON RAISING ONE HAND / DARK SKIN TONE / MALE SIGN
664	🙋‍♀️	人物	主网格	🙋‍♀️	Emoji·表情与人物 / 手势与手部	1f64b-200d-2640.png	是	U+1F64B U+200D U+2640 U+FE0F	People & Body	person-gesture	fully-qualified	女生举手	HAPPY PERSON RAISING ONE HAND / FEMALE SIGN
665	🙋🏻‍♀️	人物	肤色变体（右键）	🙋🏻‍♀️	未直接列在现有 Emoji 网格	1f64b-1f3fb-200d-2640.png	是	U+1F64B U+1F3FB U+200D U+2640 U+FE0F	People & Body	person-gesture	fully-qualified	Happy人物Raising一手、较浅肤色、女性符号	HAPPY PERSON RAISING ONE HAND / LIGHT SKIN TONE / FEMALE SIGN
666	🙋🏼‍♀️	人物	肤色变体（右键）	🙋🏼‍♀️	未直接列在现有 Emoji 网格	1f64b-1f3fc-200d-2640.png	是	U+1F64B U+1F3FC U+200D U+2640 U+FE0F	People & Body	person-gesture	fully-qualified	Happy人物Raising一手、中等偏浅肤色、女性符号	HAPPY PERSON RAISING ONE HAND / MEDIUM-LIGHT SKIN TONE / FEMALE SIGN
667	🙋🏽‍♀️	人物	肤色变体（右键）	🙋🏽‍♀️	未直接列在现有 Emoji 网格	1f64b-1f3fd-200d-2640.png	是	U+1F64B U+1F3FD U+200D U+2640 U+FE0F	People & Body	person-gesture	fully-qualified	Happy人物Raising一手、中等肤色、女性符号	HAPPY PERSON RAISING ONE HAND / MEDIUM SKIN TONE / FEMALE SIGN
668	🙋🏾‍♀️	人物	肤色变体（右键）	🙋🏾‍♀️	未直接列在现有 Emoji 网格	1f64b-1f3fe-200d-2640.png	是	U+1F64B U+1F3FE U+200D U+2640 U+FE0F	People & Body	person-gesture	fully-qualified	Happy人物Raising一手、中等偏深肤色、女性符号	HAPPY PERSON RAISING ONE HAND / MEDIUM-DARK SKIN TONE / FEMALE SIGN
669	🙋🏿‍♀️	人物	肤色变体（右键）	🙋🏿‍♀️	未直接列在现有 Emoji 网格	1f64b-1f3ff-200d-2640.png	是	U+1F64B U+1F3FF U+200D U+2640 U+FE0F	People & Body	person-gesture	fully-qualified	Happy人物Raising一手、较深肤色、女性符号	HAPPY PERSON RAISING ONE HAND / DARK SKIN TONE / FEMALE SIGN
670	🧏	人物	主网格	🧏	Emoji·表情与人物 / 第 18 行	1f9cf.png	是	U+1F9CF	People & Body	person-gesture	fully-qualified	失聪者	DEAF PERSON
671	🧏🏻	人物	肤色变体（右键）	🧏🏻	未直接列在现有 Emoji 网格	1f9cf-1f3fb.png	是	U+1F9CF U+1F3FB	People & Body	person-gesture	fully-qualified	Deaf人物、较浅肤色	DEAF PERSON / LIGHT SKIN TONE
672	🧏🏼	人物	肤色变体（右键）	🧏🏼	未直接列在现有 Emoji 网格	1f9cf-1f3fc.png	是	U+1F9CF U+1F3FC	People & Body	person-gesture	fully-qualified	Deaf人物、中等偏浅肤色	DEAF PERSON / MEDIUM-LIGHT SKIN TONE
673	🧏🏽	人物	肤色变体（右键）	🧏🏽	未直接列在现有 Emoji 网格	1f9cf-1f3fd.png	是	U+1F9CF U+1F3FD	People & Body	person-gesture	fully-qualified	Deaf人物、中等肤色	DEAF PERSON / MEDIUM SKIN TONE
674	🧏🏾	人物	肤色变体（右键）	🧏🏾	未直接列在现有 Emoji 网格	1f9cf-1f3fe.png	是	U+1F9CF U+1F3FE	People & Body	person-gesture	fully-qualified	Deaf人物、中等偏深肤色	DEAF PERSON / MEDIUM-DARK SKIN TONE
675	🧏🏿	人物	肤色变体（右键）	🧏🏿	未直接列在现有 Emoji 网格	1f9cf-1f3ff.png	是	U+1F9CF U+1F3FF	People & Body	person-gesture	fully-qualified	Deaf人物、较深肤色	DEAF PERSON / DARK SKIN TONE
676	🧏‍♂️	人物	主网格	🧏‍♂️	Emoji·表情与人物 / 第 15 行	1f9cf-200d-2642.png	是	U+1F9CF U+200D U+2642 U+FE0F	People & Body	person-gesture	fully-qualified	失聪的男人	DEAF PERSON / MALE SIGN
677	🧏🏻‍♂️	人物	肤色变体（右键）	🧏🏻‍♂️	未直接列在现有 Emoji 网格	1f9cf-1f3fb-200d-2642.png	是	U+1F9CF U+1F3FB U+200D U+2642 U+FE0F	People & Body	person-gesture	fully-qualified	Deaf人物、较浅肤色、男性符号	DEAF PERSON / LIGHT SKIN TONE / MALE SIGN
678	🧏🏼‍♂️	人物	肤色变体（右键）	🧏🏼‍♂️	未直接列在现有 Emoji 网格	1f9cf-1f3fc-200d-2642.png	是	U+1F9CF U+1F3FC U+200D U+2642 U+FE0F	People & Body	person-gesture	fully-qualified	Deaf人物、中等偏浅肤色、男性符号	DEAF PERSON / MEDIUM-LIGHT SKIN TONE / MALE SIGN
679	🧏🏽‍♂️	人物	肤色变体（右键）	🧏🏽‍♂️	未直接列在现有 Emoji 网格	1f9cf-1f3fd-200d-2642.png	是	U+1F9CF U+1F3FD U+200D U+2642 U+FE0F	People & Body	person-gesture	fully-qualified	Deaf人物、中等肤色、男性符号	DEAF PERSON / MEDIUM SKIN TONE / MALE SIGN
680	🧏🏾‍♂️	人物	肤色变体（右键）	🧏🏾‍♂️	未直接列在现有 Emoji 网格	1f9cf-1f3fe-200d-2642.png	是	U+1F9CF U+1F3FE U+200D U+2642 U+FE0F	People & Body	person-gesture	fully-qualified	Deaf人物、中等偏深肤色、男性符号	DEAF PERSON / MEDIUM-DARK SKIN TONE / MALE SIGN
681	🧏🏿‍♂️	人物	肤色变体（右键）	🧏🏿‍♂️	未直接列在现有 Emoji 网格	1f9cf-1f3ff-200d-2642.png	是	U+1F9CF U+1F3FF U+200D U+2642 U+FE0F	People & Body	person-gesture	fully-qualified	Deaf人物、较深肤色、男性符号	DEAF PERSON / DARK SKIN TONE / MALE SIGN
682	🧏‍♀️	人物	主网格	🧏‍♀️	Emoji·表情与人物 / 第 15 行	1f9cf-200d-2640.png	是	U+1F9CF U+200D U+2640 U+FE0F	People & Body	person-gesture	fully-qualified	失聪的女人	DEAF PERSON / FEMALE SIGN
683	🧏🏻‍♀️	人物	肤色变体（右键）	🧏🏻‍♀️	未直接列在现有 Emoji 网格	1f9cf-1f3fb-200d-2640.png	是	U+1F9CF U+1F3FB U+200D U+2640 U+FE0F	People & Body	person-gesture	fully-qualified	Deaf人物、较浅肤色、女性符号	DEAF PERSON / LIGHT SKIN TONE / FEMALE SIGN
684	🧏🏼‍♀️	人物	肤色变体（右键）	🧏🏼‍♀️	未直接列在现有 Emoji 网格	1f9cf-1f3fc-200d-2640.png	是	U+1F9CF U+1F3FC U+200D U+2640 U+FE0F	People & Body	person-gesture	fully-qualified	Deaf人物、中等偏浅肤色、女性符号	DEAF PERSON / MEDIUM-LIGHT SKIN TONE / FEMALE SIGN
685	🧏🏽‍♀️	人物	肤色变体（右键）	🧏🏽‍♀️	未直接列在现有 Emoji 网格	1f9cf-1f3fd-200d-2640.png	是	U+1F9CF U+1F3FD U+200D U+2640 U+FE0F	People & Body	person-gesture	fully-qualified	Deaf人物、中等肤色、女性符号	DEAF PERSON / MEDIUM SKIN TONE / FEMALE SIGN
686	🧏🏾‍♀️	人物	肤色变体（右键）	🧏🏾‍♀️	未直接列在现有 Emoji 网格	1f9cf-1f3fe-200d-2640.png	是	U+1F9CF U+1F3FE U+200D U+2640 U+FE0F	People & Body	person-gesture	fully-qualified	Deaf人物、中等偏深肤色、女性符号	DEAF PERSON / MEDIUM-DARK SKIN TONE / FEMALE SIGN
687	🧏🏿‍♀️	人物	肤色变体（右键）	🧏🏿‍♀️	未直接列在现有 Emoji 网格	1f9cf-1f3ff-200d-2640.png	是	U+1F9CF U+1F3FF U+200D U+2640 U+FE0F	People & Body	person-gesture	fully-qualified	Deaf人物、较深肤色、女性符号	DEAF PERSON / DARK SKIN TONE / FEMALE SIGN
688	🙇	人物	主网格	🙇	Emoji·表情与人物 / 第 17 行	1f647.png	是	U+1F647	People & Body	person-gesture	fully-qualified	鞠躬	PERSON BOWING DEEPLY
689	🙇🏻	人物	肤色变体（右键）	🙇🏻	未直接列在现有 Emoji 网格	1f647-1f3fb.png	是	U+1F647 U+1F3FB	People & Body	person-gesture	fully-qualified	人物BowingDeeply、较浅肤色	PERSON BOWING DEEPLY / LIGHT SKIN TONE
690	🙇🏼	人物	肤色变体（右键）	🙇🏼	未直接列在现有 Emoji 网格	1f647-1f3fc.png	是	U+1F647 U+1F3FC	People & Body	person-gesture	fully-qualified	人物BowingDeeply、中等偏浅肤色	PERSON BOWING DEEPLY / MEDIUM-LIGHT SKIN TONE
691	🙇🏽	人物	肤色变体（右键）	🙇🏽	未直接列在现有 Emoji 网格	1f647-1f3fd.png	是	U+1F647 U+1F3FD	People & Body	person-gesture	fully-qualified	人物BowingDeeply、中等肤色	PERSON BOWING DEEPLY / MEDIUM SKIN TONE
692	🙇🏾	人物	肤色变体（右键）	🙇🏾	未直接列在现有 Emoji 网格	1f647-1f3fe.png	是	U+1F647 U+1F3FE	People & Body	person-gesture	fully-qualified	人物BowingDeeply、中等偏深肤色	PERSON BOWING DEEPLY / MEDIUM-DARK SKIN TONE
693	🙇🏿	人物	肤色变体（右键）	🙇🏿	未直接列在现有 Emoji 网格	1f647-1f3ff.png	是	U+1F647 U+1F3FF	People & Body	person-gesture	fully-qualified	人物BowingDeeply、较深肤色	PERSON BOWING DEEPLY / DARK SKIN TONE
694	🙇‍♂️	人物	主网格	🙇‍♂️	Emoji·表情与人物 / 第 14 行	1f647-200d-2642.png	是	U+1F647 U+200D U+2642 U+FE0F	People & Body	person-gesture	fully-qualified	男生鞠躬	PERSON BOWING DEEPLY / MALE SIGN
695	🙇🏻‍♂️	人物	肤色变体（右键）	🙇🏻‍♂️	未直接列在现有 Emoji 网格	1f647-1f3fb-200d-2642.png	是	U+1F647 U+1F3FB U+200D U+2642 U+FE0F	People & Body	person-gesture	fully-qualified	人物BowingDeeply、较浅肤色、男性符号	PERSON BOWING DEEPLY / LIGHT SKIN TONE / MALE SIGN
696	🙇🏼‍♂️	人物	肤色变体（右键）	🙇🏼‍♂️	未直接列在现有 Emoji 网格	1f647-1f3fc-200d-2642.png	是	U+1F647 U+1F3FC U+200D U+2642 U+FE0F	People & Body	person-gesture	fully-qualified	人物BowingDeeply、中等偏浅肤色、男性符号	PERSON BOWING DEEPLY / MEDIUM-LIGHT SKIN TONE / MALE SIGN
697	🙇🏽‍♂️	人物	肤色变体（右键）	🙇🏽‍♂️	未直接列在现有 Emoji 网格	1f647-1f3fd-200d-2642.png	是	U+1F647 U+1F3FD U+200D U+2642 U+FE0F	People & Body	person-gesture	fully-qualified	人物BowingDeeply、中等肤色、男性符号	PERSON BOWING DEEPLY / MEDIUM SKIN TONE / MALE SIGN
698	🙇🏾‍♂️	人物	肤色变体（右键）	🙇🏾‍♂️	未直接列在现有 Emoji 网格	1f647-1f3fe-200d-2642.png	是	U+1F647 U+1F3FE U+200D U+2642 U+FE0F	People & Body	person-gesture	fully-qualified	人物BowingDeeply、中等偏深肤色、男性符号	PERSON BOWING DEEPLY / MEDIUM-DARK SKIN TONE / MALE SIGN
699	🙇🏿‍♂️	人物	肤色变体（右键）	🙇🏿‍♂️	未直接列在现有 Emoji 网格	1f647-1f3ff-200d-2642.png	是	U+1F647 U+1F3FF U+200D U+2642 U+FE0F	People & Body	person-gesture	fully-qualified	人物BowingDeeply、较深肤色、男性符号	PERSON BOWING DEEPLY / DARK SKIN TONE / MALE SIGN
700	🙇‍♀️	人物	主网格	🙇‍♀️	Emoji·表情与人物 / 第 14 行	1f647-200d-2640.png	是	U+1F647 U+200D U+2640 U+FE0F	People & Body	person-gesture	fully-qualified	女生鞠躬	PERSON BOWING DEEPLY / FEMALE SIGN
701	🙇🏻‍♀️	人物	肤色变体（右键）	🙇🏻‍♀️	未直接列在现有 Emoji 网格	1f647-1f3fb-200d-2640.png	是	U+1F647 U+1F3FB U+200D U+2640 U+FE0F	People & Body	person-gesture	fully-qualified	人物BowingDeeply、较浅肤色、女性符号	PERSON BOWING DEEPLY / LIGHT SKIN TONE / FEMALE SIGN
702	🙇🏼‍♀️	人物	肤色变体（右键）	🙇🏼‍♀️	未直接列在现有 Emoji 网格	1f647-1f3fc-200d-2640.png	是	U+1F647 U+1F3FC U+200D U+2640 U+FE0F	People & Body	person-gesture	fully-qualified	人物BowingDeeply、中等偏浅肤色、女性符号	PERSON BOWING DEEPLY / MEDIUM-LIGHT SKIN TONE / FEMALE SIGN
703	🙇🏽‍♀️	人物	肤色变体（右键）	🙇🏽‍♀️	未直接列在现有 Emoji 网格	1f647-1f3fd-200d-2640.png	是	U+1F647 U+1F3FD U+200D U+2640 U+FE0F	People & Body	person-gesture	fully-qualified	人物BowingDeeply、中等肤色、女性符号	PERSON BOWING DEEPLY / MEDIUM SKIN TONE / FEMALE SIGN
704	🙇🏾‍♀️	人物	肤色变体（右键）	🙇🏾‍♀️	未直接列在现有 Emoji 网格	1f647-1f3fe-200d-2640.png	是	U+1F647 U+1F3FE U+200D U+2640 U+FE0F	People & Body	person-gesture	fully-qualified	人物BowingDeeply、中等偏深肤色、女性符号	PERSON BOWING DEEPLY / MEDIUM-DARK SKIN TONE / FEMALE SIGN
705	🙇🏿‍♀️	人物	肤色变体（右键）	🙇🏿‍♀️	未直接列在现有 Emoji 网格	1f647-1f3ff-200d-2640.png	是	U+1F647 U+1F3FF U+200D U+2640 U+FE0F	People & Body	person-gesture	fully-qualified	人物BowingDeeply、较深肤色、女性符号	PERSON BOWING DEEPLY / DARK SKIN TONE / FEMALE SIGN
706	🤦	人物	主网格	🤦	Emoji·表情与人物 / 手势与手部	1f926.png	是	U+1F926	People & Body	person-gesture	fully-qualified	捂脸	FACE PALM
707	🤦🏻	人物	肤色变体（右键）	🤦🏻	未直接列在现有 Emoji 网格	1f926-1f3fb.png	是	U+1F926 U+1F3FB	People & Body	person-gesture	fully-qualified	脸Palm、较浅肤色	FACE PALM / LIGHT SKIN TONE
708	🤦🏼	人物	肤色变体（右键）	🤦🏼	未直接列在现有 Emoji 网格	1f926-1f3fc.png	是	U+1F926 U+1F3FC	People & Body	person-gesture	fully-qualified	脸Palm、中等偏浅肤色	FACE PALM / MEDIUM-LIGHT SKIN TONE
709	🤦🏽	人物	肤色变体（右键）	🤦🏽	未直接列在现有 Emoji 网格	1f926-1f3fd.png	是	U+1F926 U+1F3FD	People & Body	person-gesture	fully-qualified	脸Palm、中等肤色	FACE PALM / MEDIUM SKIN TONE
710	🤦🏾	人物	肤色变体（右键）	🤦🏾	未直接列在现有 Emoji 网格	1f926-1f3fe.png	是	U+1F926 U+1F3FE	People & Body	person-gesture	fully-qualified	脸Palm、中等偏深肤色	FACE PALM / MEDIUM-DARK SKIN TONE
711	🤦🏿	人物	肤色变体（右键）	🤦🏿	未直接列在现有 Emoji 网格	1f926-1f3ff.png	是	U+1F926 U+1F3FF	People & Body	person-gesture	fully-qualified	脸Palm、较深肤色	FACE PALM / DARK SKIN TONE
712	🤦‍♂️	人物	主网格	🤦‍♂️	Emoji·表情与人物 / 手势与手部	1f926-200d-2642.png	是	U+1F926 U+200D U+2642 U+FE0F	People & Body	person-gesture	fully-qualified	男生捂脸	FACE PALM / MALE SIGN
713	🤦🏻‍♂️	人物	肤色变体（右键）	🤦🏻‍♂️	未直接列在现有 Emoji 网格	1f926-1f3fb-200d-2642.png	是	U+1F926 U+1F3FB U+200D U+2642 U+FE0F	People & Body	person-gesture	fully-qualified	脸Palm、较浅肤色、男性符号	FACE PALM / LIGHT SKIN TONE / MALE SIGN
714	🤦🏼‍♂️	人物	肤色变体（右键）	🤦🏼‍♂️	未直接列在现有 Emoji 网格	1f926-1f3fc-200d-2642.png	是	U+1F926 U+1F3FC U+200D U+2642 U+FE0F	People & Body	person-gesture	fully-qualified	脸Palm、中等偏浅肤色、男性符号	FACE PALM / MEDIUM-LIGHT SKIN TONE / MALE SIGN
715	🤦🏽‍♂️	人物	肤色变体（右键）	🤦🏽‍♂️	未直接列在现有 Emoji 网格	1f926-1f3fd-200d-2642.png	是	U+1F926 U+1F3FD U+200D U+2642 U+FE0F	People & Body	person-gesture	fully-qualified	脸Palm、中等肤色、男性符号	FACE PALM / MEDIUM SKIN TONE / MALE SIGN
716	🤦🏾‍♂️	人物	肤色变体（右键）	🤦🏾‍♂️	未直接列在现有 Emoji 网格	1f926-1f3fe-200d-2642.png	是	U+1F926 U+1F3FE U+200D U+2642 U+FE0F	People & Body	person-gesture	fully-qualified	脸Palm、中等偏深肤色、男性符号	FACE PALM / MEDIUM-DARK SKIN TONE / MALE SIGN
717	🤦🏿‍♂️	人物	肤色变体（右键）	🤦🏿‍♂️	未直接列在现有 Emoji 网格	1f926-1f3ff-200d-2642.png	是	U+1F926 U+1F3FF U+200D U+2642 U+FE0F	People & Body	person-gesture	fully-qualified	脸Palm、较深肤色、男性符号	FACE PALM / DARK SKIN TONE / MALE SIGN
718	🤦‍♀️	人物	主网格	🤦‍♀️	Emoji·表情与人物 / 手势与手部	1f926-200d-2640.png	是	U+1F926 U+200D U+2640 U+FE0F	People & Body	person-gesture	fully-qualified	女生捂脸	FACE PALM / FEMALE SIGN
719	🤦🏻‍♀️	人物	肤色变体（右键）	🤦🏻‍♀️	未直接列在现有 Emoji 网格	1f926-1f3fb-200d-2640.png	是	U+1F926 U+1F3FB U+200D U+2640 U+FE0F	People & Body	person-gesture	fully-qualified	脸Palm、较浅肤色、女性符号	FACE PALM / LIGHT SKIN TONE / FEMALE SIGN
720	🤦🏼‍♀️	人物	肤色变体（右键）	🤦🏼‍♀️	未直接列在现有 Emoji 网格	1f926-1f3fc-200d-2640.png	是	U+1F926 U+1F3FC U+200D U+2640 U+FE0F	People & Body	person-gesture	fully-qualified	脸Palm、中等偏浅肤色、女性符号	FACE PALM / MEDIUM-LIGHT SKIN TONE / FEMALE SIGN
721	🤦🏽‍♀️	人物	肤色变体（右键）	🤦🏽‍♀️	未直接列在现有 Emoji 网格	1f926-1f3fd-200d-2640.png	是	U+1F926 U+1F3FD U+200D U+2640 U+FE0F	People & Body	person-gesture	fully-qualified	脸Palm、中等肤色、女性符号	FACE PALM / MEDIUM SKIN TONE / FEMALE SIGN
722	🤦🏾‍♀️	人物	肤色变体（右键）	🤦🏾‍♀️	未直接列在现有 Emoji 网格	1f926-1f3fe-200d-2640.png	是	U+1F926 U+1F3FE U+200D U+2640 U+FE0F	People & Body	person-gesture	fully-qualified	脸Palm、中等偏深肤色、女性符号	FACE PALM / MEDIUM-DARK SKIN TONE / FEMALE SIGN
723	🤦🏿‍♀️	人物	肤色变体（右键）	🤦🏿‍♀️	未直接列在现有 Emoji 网格	1f926-1f3ff-200d-2640.png	是	U+1F926 U+1F3FF U+200D U+2640 U+FE0F	People & Body	person-gesture	fully-qualified	脸Palm、较深肤色、女性符号	FACE PALM / DARK SKIN TONE / FEMALE SIGN
724	🤷	人物	主网格	🤷	Emoji·符号与旗帜 / 第 41 行	1f937.png	是	U+1F937	People & Body	person-gesture	fully-qualified	耸肩	SHRUG
725	🤷🏻	人物	肤色变体（右键）	🤷🏻	未直接列在现有 Emoji 网格	1f937-1f3fb.png	是	U+1F937 U+1F3FB	People & Body	person-gesture	fully-qualified	Shrug、较浅肤色	SHRUG / LIGHT SKIN TONE
726	🤷🏼	人物	肤色变体（右键）	🤷🏼	未直接列在现有 Emoji 网格	1f937-1f3fc.png	是	U+1F937 U+1F3FC	People & Body	person-gesture	fully-qualified	Shrug、中等偏浅肤色	SHRUG / MEDIUM-LIGHT SKIN TONE
727	🤷🏽	人物	肤色变体（右键）	🤷🏽	未直接列在现有 Emoji 网格	1f937-1f3fd.png	是	U+1F937 U+1F3FD	People & Body	person-gesture	fully-qualified	Shrug、中等肤色	SHRUG / MEDIUM SKIN TONE
728	🤷🏾	人物	肤色变体（右键）	🤷🏾	未直接列在现有 Emoji 网格	1f937-1f3fe.png	是	U+1F937 U+1F3FE	People & Body	person-gesture	fully-qualified	Shrug、中等偏深肤色	SHRUG / MEDIUM-DARK SKIN TONE
729	🤷🏿	人物	肤色变体（右键）	🤷🏿	未直接列在现有 Emoji 网格	1f937-1f3ff.png	是	U+1F937 U+1F3FF	People & Body	person-gesture	fully-qualified	Shrug、较深肤色	SHRUG / DARK SKIN TONE
730	🤷‍♂️	人物	主网格	🤷‍♂️	Emoji·符号与旗帜 / 第 30 行	1f937-200d-2642.png	是	U+1F937 U+200D U+2642 U+FE0F	People & Body	person-gesture	fully-qualified	男生耸肩	SHRUG / MALE SIGN
731	🤷🏻‍♂️	人物	肤色变体（右键）	🤷🏻‍♂️	未直接列在现有 Emoji 网格	1f937-1f3fb-200d-2642.png	是	U+1F937 U+1F3FB U+200D U+2642 U+FE0F	People & Body	person-gesture	fully-qualified	Shrug、较浅肤色、男性符号	SHRUG / LIGHT SKIN TONE / MALE SIGN
732	🤷🏼‍♂️	人物	肤色变体（右键）	🤷🏼‍♂️	未直接列在现有 Emoji 网格	1f937-1f3fc-200d-2642.png	是	U+1F937 U+1F3FC U+200D U+2642 U+FE0F	People & Body	person-gesture	fully-qualified	Shrug、中等偏浅肤色、男性符号	SHRUG / MEDIUM-LIGHT SKIN TONE / MALE SIGN
733	🤷🏽‍♂️	人物	肤色变体（右键）	🤷🏽‍♂️	未直接列在现有 Emoji 网格	1f937-1f3fd-200d-2642.png	是	U+1F937 U+1F3FD U+200D U+2642 U+FE0F	People & Body	person-gesture	fully-qualified	Shrug、中等肤色、男性符号	SHRUG / MEDIUM SKIN TONE / MALE SIGN
734	🤷🏾‍♂️	人物	肤色变体（右键）	🤷🏾‍♂️	未直接列在现有 Emoji 网格	1f937-1f3fe-200d-2642.png	是	U+1F937 U+1F3FE U+200D U+2642 U+FE0F	People & Body	person-gesture	fully-qualified	Shrug、中等偏深肤色、男性符号	SHRUG / MEDIUM-DARK SKIN TONE / MALE SIGN
735	🤷🏿‍♂️	人物	肤色变体（右键）	🤷🏿‍♂️	未直接列在现有 Emoji 网格	1f937-1f3ff-200d-2642.png	是	U+1F937 U+1F3FF U+200D U+2642 U+FE0F	People & Body	person-gesture	fully-qualified	Shrug、较深肤色、男性符号	SHRUG / DARK SKIN TONE / MALE SIGN
736	🤷‍♀️	人物	主网格	🤷‍♀️	Emoji·符号与旗帜 / 第 30 行	1f937-200d-2640.png	是	U+1F937 U+200D U+2640 U+FE0F	People & Body	person-gesture	fully-qualified	女生耸肩	SHRUG / FEMALE SIGN
737	🤷🏻‍♀️	人物	肤色变体（右键）	🤷🏻‍♀️	未直接列在现有 Emoji 网格	1f937-1f3fb-200d-2640.png	是	U+1F937 U+1F3FB U+200D U+2640 U+FE0F	People & Body	person-gesture	fully-qualified	Shrug、较浅肤色、女性符号	SHRUG / LIGHT SKIN TONE / FEMALE SIGN
738	🤷🏼‍♀️	人物	肤色变体（右键）	🤷🏼‍♀️	未直接列在现有 Emoji 网格	1f937-1f3fc-200d-2640.png	是	U+1F937 U+1F3FC U+200D U+2640 U+FE0F	People & Body	person-gesture	fully-qualified	Shrug、中等偏浅肤色、女性符号	SHRUG / MEDIUM-LIGHT SKIN TONE / FEMALE SIGN
739	🤷🏽‍♀️	人物	肤色变体（右键）	🤷🏽‍♀️	未直接列在现有 Emoji 网格	1f937-1f3fd-200d-2640.png	是	U+1F937 U+1F3FD U+200D U+2640 U+FE0F	People & Body	person-gesture	fully-qualified	Shrug、中等肤色、女性符号	SHRUG / MEDIUM SKIN TONE / FEMALE SIGN
740	🤷🏾‍♀️	人物	肤色变体（右键）	🤷🏾‍♀️	未直接列在现有 Emoji 网格	1f937-1f3fe-200d-2640.png	是	U+1F937 U+1F3FE U+200D U+2640 U+FE0F	People & Body	person-gesture	fully-qualified	Shrug、中等偏深肤色、女性符号	SHRUG / MEDIUM-DARK SKIN TONE / FEMALE SIGN
741	🤷🏿‍♀️	人物	肤色变体（右键）	🤷🏿‍♀️	未直接列在现有 Emoji 网格	1f937-1f3ff-200d-2640.png	是	U+1F937 U+1F3FF U+200D U+2640 U+FE0F	People & Body	person-gesture	fully-qualified	Shrug、较深肤色、女性符号	SHRUG / DARK SKIN TONE / FEMALE SIGN
742	🧑‍⚕️	人物	主网格	🧑‍⚕️	Emoji·符号与旗帜 / 第 28 行	1f9d1-200d-2695.png	是	U+1F9D1 U+200D U+2695 U+FE0F	People & Body	person-role	fully-qualified	卫生工作者	ADULT / STAFF OF AESCULAPIUS
743	🧑🏻‍⚕️	人物	肤色变体（右键）	🧑🏻‍⚕️	未直接列在现有 Emoji 网格	1f9d1-1f3fb-200d-2695.png	是	U+1F9D1 U+1F3FB U+200D U+2695 U+FE0F	People & Body	person-role	fully-qualified	成年人、较浅肤色、Staff的Aesculapius	ADULT / LIGHT SKIN TONE / STAFF OF AESCULAPIUS
744	🧑🏼‍⚕️	人物	肤色变体（右键）	🧑🏼‍⚕️	未直接列在现有 Emoji 网格	1f9d1-1f3fc-200d-2695.png	是	U+1F9D1 U+1F3FC U+200D U+2695 U+FE0F	People & Body	person-role	fully-qualified	成年人、中等偏浅肤色、Staff的Aesculapius	ADULT / MEDIUM-LIGHT SKIN TONE / STAFF OF AESCULAPIUS
745	🧑🏽‍⚕️	人物	肤色变体（右键）	🧑🏽‍⚕️	未直接列在现有 Emoji 网格	1f9d1-1f3fd-200d-2695.png	是	U+1F9D1 U+1F3FD U+200D U+2695 U+FE0F	People & Body	person-role	fully-qualified	成年人、中等肤色、Staff的Aesculapius	ADULT / MEDIUM SKIN TONE / STAFF OF AESCULAPIUS
746	🧑🏾‍⚕️	人物	肤色变体（右键）	🧑🏾‍⚕️	未直接列在现有 Emoji 网格	1f9d1-1f3fe-200d-2695.png	是	U+1F9D1 U+1F3FE U+200D U+2695 U+FE0F	People & Body	person-role	fully-qualified	成年人、中等偏深肤色、Staff的Aesculapius	ADULT / MEDIUM-DARK SKIN TONE / STAFF OF AESCULAPIUS
747	🧑🏿‍⚕️	人物	肤色变体（右键）	🧑🏿‍⚕️	未直接列在现有 Emoji 网格	1f9d1-1f3ff-200d-2695.png	是	U+1F9D1 U+1F3FF U+200D U+2695 U+FE0F	People & Body	person-role	fully-qualified	成年人、较深肤色、Staff的Aesculapius	ADULT / DARK SKIN TONE / STAFF OF AESCULAPIUS
748	👨‍⚕️	人物	主网格	👨‍⚕️	Emoji·表情与人物 / 人物与角色	1f468-200d-2695.png	是	U+1F468 U+200D U+2695 U+FE0F	People & Body	person-role	fully-qualified	男医生	MAN / STAFF OF AESCULAPIUS
749	👨🏻‍⚕️	人物	肤色变体（右键）	👨🏻‍⚕️	未直接列在现有 Emoji 网格	1f468-1f3fb-200d-2695.png	是	U+1F468 U+1F3FB U+200D U+2695 U+FE0F	People & Body	person-role	fully-qualified	男性、较浅肤色、Staff的Aesculapius	MAN / LIGHT SKIN TONE / STAFF OF AESCULAPIUS
750	👨🏼‍⚕️	人物	肤色变体（右键）	👨🏼‍⚕️	未直接列在现有 Emoji 网格	1f468-1f3fc-200d-2695.png	是	U+1F468 U+1F3FC U+200D U+2695 U+FE0F	People & Body	person-role	fully-qualified	男性、中等偏浅肤色、Staff的Aesculapius	MAN / MEDIUM-LIGHT SKIN TONE / STAFF OF AESCULAPIUS
751	👨🏽‍⚕️	人物	肤色变体（右键）	👨🏽‍⚕️	未直接列在现有 Emoji 网格	1f468-1f3fd-200d-2695.png	是	U+1F468 U+1F3FD U+200D U+2695 U+FE0F	People & Body	person-role	fully-qualified	男性、中等肤色、Staff的Aesculapius	MAN / MEDIUM SKIN TONE / STAFF OF AESCULAPIUS
752	👨🏾‍⚕️	人物	肤色变体（右键）	👨🏾‍⚕️	未直接列在现有 Emoji 网格	1f468-1f3fe-200d-2695.png	是	U+1F468 U+1F3FE U+200D U+2695 U+FE0F	People & Body	person-role	fully-qualified	男性、中等偏深肤色、Staff的Aesculapius	MAN / MEDIUM-DARK SKIN TONE / STAFF OF AESCULAPIUS
753	👨🏿‍⚕️	人物	肤色变体（右键）	👨🏿‍⚕️	未直接列在现有 Emoji 网格	1f468-1f3ff-200d-2695.png	是	U+1F468 U+1F3FF U+200D U+2695 U+FE0F	People & Body	person-role	fully-qualified	男性、较深肤色、Staff的Aesculapius	MAN / DARK SKIN TONE / STAFF OF AESCULAPIUS
754	👩‍⚕️	人物	主网格	👩‍⚕️	Emoji·表情与人物 / 第 13 行	1f469-200d-2695.png	是	U+1F469 U+200D U+2695 U+FE0F	People & Body	person-role	fully-qualified	女医生	WOMAN / STAFF OF AESCULAPIUS
755	👩🏻‍⚕️	人物	肤色变体（右键）	👩🏻‍⚕️	未直接列在现有 Emoji 网格	1f469-1f3fb-200d-2695.png	是	U+1F469 U+1F3FB U+200D U+2695 U+FE0F	People & Body	person-role	fully-qualified	女性、较浅肤色、Staff的Aesculapius	WOMAN / LIGHT SKIN TONE / STAFF OF AESCULAPIUS
756	👩🏼‍⚕️	人物	肤色变体（右键）	👩🏼‍⚕️	未直接列在现有 Emoji 网格	1f469-1f3fc-200d-2695.png	是	U+1F469 U+1F3FC U+200D U+2695 U+FE0F	People & Body	person-role	fully-qualified	女性、中等偏浅肤色、Staff的Aesculapius	WOMAN / MEDIUM-LIGHT SKIN TONE / STAFF OF AESCULAPIUS
757	👩🏽‍⚕️	人物	肤色变体（右键）	👩🏽‍⚕️	未直接列在现有 Emoji 网格	1f469-1f3fd-200d-2695.png	是	U+1F469 U+1F3FD U+200D U+2695 U+FE0F	People & Body	person-role	fully-qualified	女性、中等肤色、Staff的Aesculapius	WOMAN / MEDIUM SKIN TONE / STAFF OF AESCULAPIUS
758	👩🏾‍⚕️	人物	肤色变体（右键）	👩🏾‍⚕️	未直接列在现有 Emoji 网格	1f469-1f3fe-200d-2695.png	是	U+1F469 U+1F3FE U+200D U+2695 U+FE0F	People & Body	person-role	fully-qualified	女性、中等偏深肤色、Staff的Aesculapius	WOMAN / MEDIUM-DARK SKIN TONE / STAFF OF AESCULAPIUS
759	👩🏿‍⚕️	人物	肤色变体（右键）	👩🏿‍⚕️	未直接列在现有 Emoji 网格	1f469-1f3ff-200d-2695.png	是	U+1F469 U+1F3FF U+200D U+2695 U+FE0F	People & Body	person-role	fully-qualified	女性、较深肤色、Staff的Aesculapius	WOMAN / DARK SKIN TONE / STAFF OF AESCULAPIUS
760	🧑‍🎓	人物	主网格	🧑‍🎓	Emoji·符号与旗帜 / 第 28 行	1f9d1-200d-1f393.png	是	U+1F9D1 U+200D U+1F393	People & Body	person-role	fully-qualified	学生	ADULT / GRADUATION CAP
761	🧑🏻‍🎓	人物	肤色变体（右键）	🧑🏻‍🎓	未直接列在现有 Emoji 网格	1f9d1-1f3fb-200d-1f393.png	是	U+1F9D1 U+1F3FB U+200D U+1F393	People & Body	person-role	fully-qualified	成年人、较浅肤色、GraduationCap	ADULT / LIGHT SKIN TONE / GRADUATION CAP
762	🧑🏼‍🎓	人物	肤色变体（右键）	🧑🏼‍🎓	未直接列在现有 Emoji 网格	1f9d1-1f3fc-200d-1f393.png	是	U+1F9D1 U+1F3FC U+200D U+1F393	People & Body	person-role	fully-qualified	成年人、中等偏浅肤色、GraduationCap	ADULT / MEDIUM-LIGHT SKIN TONE / GRADUATION CAP
763	🧑🏽‍🎓	人物	肤色变体（右键）	🧑🏽‍🎓	未直接列在现有 Emoji 网格	1f9d1-1f3fd-200d-1f393.png	是	U+1F9D1 U+1F3FD U+200D U+1F393	People & Body	person-role	fully-qualified	成年人、中等肤色、GraduationCap	ADULT / MEDIUM SKIN TONE / GRADUATION CAP
764	🧑🏾‍🎓	人物	肤色变体（右键）	🧑🏾‍🎓	未直接列在现有 Emoji 网格	1f9d1-1f3fe-200d-1f393.png	是	U+1F9D1 U+1F3FE U+200D U+1F393	People & Body	person-role	fully-qualified	成年人、中等偏深肤色、GraduationCap	ADULT / MEDIUM-DARK SKIN TONE / GRADUATION CAP
765	🧑🏿‍🎓	人物	肤色变体（右键）	🧑🏿‍🎓	未直接列在现有 Emoji 网格	1f9d1-1f3ff-200d-1f393.png	是	U+1F9D1 U+1F3FF U+200D U+1F393	People & Body	person-role	fully-qualified	成年人、较深肤色、GraduationCap	ADULT / DARK SKIN TONE / GRADUATION CAP
766	👨‍🎓	人物	主网格	👨‍🎓	Emoji·表情与人物 / 人物与角色	1f468-200d-1f393.png	是	U+1F468 U+200D U+1F393	People & Body	person-role	fully-qualified	男学生	MAN / GRADUATION CAP
767	👨🏻‍🎓	人物	肤色变体（右键）	👨🏻‍🎓	未直接列在现有 Emoji 网格	1f468-1f3fb-200d-1f393.png	是	U+1F468 U+1F3FB U+200D U+1F393	People & Body	person-role	fully-qualified	男性、较浅肤色、GraduationCap	MAN / LIGHT SKIN TONE / GRADUATION CAP
768	👨🏼‍🎓	人物	肤色变体（右键）	👨🏼‍🎓	未直接列在现有 Emoji 网格	1f468-1f3fc-200d-1f393.png	是	U+1F468 U+1F3FC U+200D U+1F393	People & Body	person-role	fully-qualified	男性、中等偏浅肤色、GraduationCap	MAN / MEDIUM-LIGHT SKIN TONE / GRADUATION CAP
769	👨🏽‍🎓	人物	肤色变体（右键）	👨🏽‍🎓	未直接列在现有 Emoji 网格	1f468-1f3fd-200d-1f393.png	是	U+1F468 U+1F3FD U+200D U+1F393	People & Body	person-role	fully-qualified	男性、中等肤色、GraduationCap	MAN / MEDIUM SKIN TONE / GRADUATION CAP
770	👨🏾‍🎓	人物	肤色变体（右键）	👨🏾‍🎓	未直接列在现有 Emoji 网格	1f468-1f3fe-200d-1f393.png	是	U+1F468 U+1F3FE U+200D U+1F393	People & Body	person-role	fully-qualified	男性、中等偏深肤色、GraduationCap	MAN / MEDIUM-DARK SKIN TONE / GRADUATION CAP
771	👨🏿‍🎓	人物	肤色变体（右键）	👨🏿‍🎓	未直接列在现有 Emoji 网格	1f468-1f3ff-200d-1f393.png	是	U+1F468 U+1F3FF U+200D U+1F393	People & Body	person-role	fully-qualified	男性、较深肤色、GraduationCap	MAN / DARK SKIN TONE / GRADUATION CAP
772	👩‍🎓	人物	主网格	👩‍🎓	Emoji·表情与人物 / 第 11 行	1f469-200d-1f393.png	是	U+1F469 U+200D U+1F393	People & Body	person-role	fully-qualified	女学生	WOMAN / GRADUATION CAP
773	👩🏻‍🎓	人物	肤色变体（右键）	👩🏻‍🎓	未直接列在现有 Emoji 网格	1f469-1f3fb-200d-1f393.png	是	U+1F469 U+1F3FB U+200D U+1F393	People & Body	person-role	fully-qualified	女性、较浅肤色、GraduationCap	WOMAN / LIGHT SKIN TONE / GRADUATION CAP
774	👩🏼‍🎓	人物	肤色变体（右键）	👩🏼‍🎓	未直接列在现有 Emoji 网格	1f469-1f3fc-200d-1f393.png	是	U+1F469 U+1F3FC U+200D U+1F393	People & Body	person-role	fully-qualified	女性、中等偏浅肤色、GraduationCap	WOMAN / MEDIUM-LIGHT SKIN TONE / GRADUATION CAP
775	👩🏽‍🎓	人物	肤色变体（右键）	👩🏽‍🎓	未直接列在现有 Emoji 网格	1f469-1f3fd-200d-1f393.png	是	U+1F469 U+1F3FD U+200D U+1F393	People & Body	person-role	fully-qualified	女性、中等肤色、GraduationCap	WOMAN / MEDIUM SKIN TONE / GRADUATION CAP
776	👩🏾‍🎓	人物	肤色变体（右键）	👩🏾‍🎓	未直接列在现有 Emoji 网格	1f469-1f3fe-200d-1f393.png	是	U+1F469 U+1F3FE U+200D U+1F393	People & Body	person-role	fully-qualified	女性、中等偏深肤色、GraduationCap	WOMAN / MEDIUM-DARK SKIN TONE / GRADUATION CAP
777	👩🏿‍🎓	人物	肤色变体（右键）	👩🏿‍🎓	未直接列在现有 Emoji 网格	1f469-1f3ff-200d-1f393.png	是	U+1F469 U+1F3FF U+200D U+1F393	People & Body	person-role	fully-qualified	女性、较深肤色、GraduationCap	WOMAN / DARK SKIN TONE / GRADUATION CAP
778	🧑‍🏫	人物	主网格	🧑‍🏫	Emoji·旅行与物品 / 其他旅行与物品	1f9d1-200d-1f3eb.png	是	U+1F9D1 U+200D U+1F3EB	People & Body	person-role	fully-qualified	老师	ADULT / SCHOOL
779	🧑🏻‍🏫	人物	肤色变体（右键）	🧑🏻‍🏫	未直接列在现有 Emoji 网格	1f9d1-1f3fb-200d-1f3eb.png	是	U+1F9D1 U+1F3FB U+200D U+1F3EB	People & Body	person-role	fully-qualified	成年人、较浅肤色、School	ADULT / LIGHT SKIN TONE / SCHOOL
780	🧑🏼‍🏫	人物	肤色变体（右键）	🧑🏼‍🏫	未直接列在现有 Emoji 网格	1f9d1-1f3fc-200d-1f3eb.png	是	U+1F9D1 U+1F3FC U+200D U+1F3EB	People & Body	person-role	fully-qualified	成年人、中等偏浅肤色、School	ADULT / MEDIUM-LIGHT SKIN TONE / SCHOOL
781	🧑🏽‍🏫	人物	肤色变体（右键）	🧑🏽‍🏫	未直接列在现有 Emoji 网格	1f9d1-1f3fd-200d-1f3eb.png	是	U+1F9D1 U+1F3FD U+200D U+1F3EB	People & Body	person-role	fully-qualified	成年人、中等肤色、School	ADULT / MEDIUM SKIN TONE / SCHOOL
782	🧑🏾‍🏫	人物	肤色变体（右键）	🧑🏾‍🏫	未直接列在现有 Emoji 网格	1f9d1-1f3fe-200d-1f3eb.png	是	U+1F9D1 U+1F3FE U+200D U+1F3EB	People & Body	person-role	fully-qualified	成年人、中等偏深肤色、School	ADULT / MEDIUM-DARK SKIN TONE / SCHOOL
783	🧑🏿‍🏫	人物	肤色变体（右键）	🧑🏿‍🏫	未直接列在现有 Emoji 网格	1f9d1-1f3ff-200d-1f3eb.png	是	U+1F9D1 U+1F3FF U+200D U+1F3EB	People & Body	person-role	fully-qualified	成年人、较深肤色、School	ADULT / DARK SKIN TONE / SCHOOL
784	👨‍🏫	人物	主网格	👨‍🏫	Emoji·表情与人物 / 人物与角色	1f468-200d-1f3eb.png	是	U+1F468 U+200D U+1F3EB	People & Body	person-role	fully-qualified	男老师	MAN / SCHOOL
785	👨🏻‍🏫	人物	肤色变体（右键）	👨🏻‍🏫	未直接列在现有 Emoji 网格	1f468-1f3fb-200d-1f3eb.png	是	U+1F468 U+1F3FB U+200D U+1F3EB	People & Body	person-role	fully-qualified	男性、较浅肤色、School	MAN / LIGHT SKIN TONE / SCHOOL
786	👨🏼‍🏫	人物	肤色变体（右键）	👨🏼‍🏫	未直接列在现有 Emoji 网格	1f468-1f3fc-200d-1f3eb.png	是	U+1F468 U+1F3FC U+200D U+1F3EB	People & Body	person-role	fully-qualified	男性、中等偏浅肤色、School	MAN / MEDIUM-LIGHT SKIN TONE / SCHOOL
787	👨🏽‍🏫	人物	肤色变体（右键）	👨🏽‍🏫	未直接列在现有 Emoji 网格	1f468-1f3fd-200d-1f3eb.png	是	U+1F468 U+1F3FD U+200D U+1F3EB	People & Body	person-role	fully-qualified	男性、中等肤色、School	MAN / MEDIUM SKIN TONE / SCHOOL
788	👨🏾‍🏫	人物	肤色变体（右键）	👨🏾‍🏫	未直接列在现有 Emoji 网格	1f468-1f3fe-200d-1f3eb.png	是	U+1F468 U+1F3FE U+200D U+1F3EB	People & Body	person-role	fully-qualified	男性、中等偏深肤色、School	MAN / MEDIUM-DARK SKIN TONE / SCHOOL
789	👨🏿‍🏫	人物	肤色变体（右键）	👨🏿‍🏫	未直接列在现有 Emoji 网格	1f468-1f3ff-200d-1f3eb.png	是	U+1F468 U+1F3FF U+200D U+1F3EB	People & Body	person-role	fully-qualified	男性、较深肤色、School	MAN / DARK SKIN TONE / SCHOOL
790	👩‍🏫	人物	主网格	👩‍🏫	Emoji·表情与人物 / 第 11 行	1f469-200d-1f3eb.png	是	U+1F469 U+200D U+1F3EB	People & Body	person-role	fully-qualified	女老师	WOMAN / SCHOOL
791	👩🏻‍🏫	人物	肤色变体（右键）	👩🏻‍🏫	未直接列在现有 Emoji 网格	1f469-1f3fb-200d-1f3eb.png	是	U+1F469 U+1F3FB U+200D U+1F3EB	People & Body	person-role	fully-qualified	女性、较浅肤色、School	WOMAN / LIGHT SKIN TONE / SCHOOL
792	👩🏼‍🏫	人物	肤色变体（右键）	👩🏼‍🏫	未直接列在现有 Emoji 网格	1f469-1f3fc-200d-1f3eb.png	是	U+1F469 U+1F3FC U+200D U+1F3EB	People & Body	person-role	fully-qualified	女性、中等偏浅肤色、School	WOMAN / MEDIUM-LIGHT SKIN TONE / SCHOOL
793	👩🏽‍🏫	人物	肤色变体（右键）	👩🏽‍🏫	未直接列在现有 Emoji 网格	1f469-1f3fd-200d-1f3eb.png	是	U+1F469 U+1F3FD U+200D U+1F3EB	People & Body	person-role	fully-qualified	女性、中等肤色、School	WOMAN / MEDIUM SKIN TONE / SCHOOL
794	👩🏾‍🏫	人物	肤色变体（右键）	👩🏾‍🏫	未直接列在现有 Emoji 网格	1f469-1f3fe-200d-1f3eb.png	是	U+1F469 U+1F3FE U+200D U+1F3EB	People & Body	person-role	fully-qualified	女性、中等偏深肤色、School	WOMAN / MEDIUM-DARK SKIN TONE / SCHOOL
795	👩🏿‍🏫	人物	肤色变体（右键）	👩🏿‍🏫	未直接列在现有 Emoji 网格	1f469-1f3ff-200d-1f3eb.png	是	U+1F469 U+1F3FF U+200D U+1F3EB	People & Body	person-role	fully-qualified	女性、较深肤色、School	WOMAN / DARK SKIN TONE / SCHOOL
796	🧑‍⚖️	人物	主网格	🧑‍⚖️	Emoji·符号与旗帜 / 第 28 行	1f9d1-200d-2696.png	是	U+1F9D1 U+200D U+2696 U+FE0F	People & Body	person-role	fully-qualified	法官	ADULT / SCALES
797	🧑🏻‍⚖️	人物	肤色变体（右键）	🧑🏻‍⚖️	未直接列在现有 Emoji 网格	1f9d1-1f3fb-200d-2696.png	是	U+1F9D1 U+1F3FB U+200D U+2696 U+FE0F	People & Body	person-role	fully-qualified	成年人、较浅肤色、Scales	ADULT / LIGHT SKIN TONE / SCALES
798	🧑🏼‍⚖️	人物	肤色变体（右键）	🧑🏼‍⚖️	未直接列在现有 Emoji 网格	1f9d1-1f3fc-200d-2696.png	是	U+1F9D1 U+1F3FC U+200D U+2696 U+FE0F	People & Body	person-role	fully-qualified	成年人、中等偏浅肤色、Scales	ADULT / MEDIUM-LIGHT SKIN TONE / SCALES
799	🧑🏽‍⚖️	人物	肤色变体（右键）	🧑🏽‍⚖️	未直接列在现有 Emoji 网格	1f9d1-1f3fd-200d-2696.png	是	U+1F9D1 U+1F3FD U+200D U+2696 U+FE0F	People & Body	person-role	fully-qualified	成年人、中等肤色、Scales	ADULT / MEDIUM SKIN TONE / SCALES
800	🧑🏾‍⚖️	人物	肤色变体（右键）	🧑🏾‍⚖️	未直接列在现有 Emoji 网格	1f9d1-1f3fe-200d-2696.png	是	U+1F9D1 U+1F3FE U+200D U+2696 U+FE0F	People & Body	person-role	fully-qualified	成年人、中等偏深肤色、Scales	ADULT / MEDIUM-DARK SKIN TONE / SCALES
801	🧑🏿‍⚖️	人物	肤色变体（右键）	🧑🏿‍⚖️	未直接列在现有 Emoji 网格	1f9d1-1f3ff-200d-2696.png	是	U+1F9D1 U+1F3FF U+200D U+2696 U+FE0F	People & Body	person-role	fully-qualified	成年人、较深肤色、Scales	ADULT / DARK SKIN TONE / SCALES
802	👨‍⚖️	人物	主网格	👨‍⚖️	Emoji·表情与人物 / 人物与角色	1f468-200d-2696.png	是	U+1F468 U+200D U+2696 U+FE0F	People & Body	person-role	fully-qualified	男法官	MAN / SCALES
803	👨🏻‍⚖️	人物	肤色变体（右键）	👨🏻‍⚖️	未直接列在现有 Emoji 网格	1f468-1f3fb-200d-2696.png	是	U+1F468 U+1F3FB U+200D U+2696 U+FE0F	People & Body	person-role	fully-qualified	男性、较浅肤色、Scales	MAN / LIGHT SKIN TONE / SCALES
804	👨🏼‍⚖️	人物	肤色变体（右键）	👨🏼‍⚖️	未直接列在现有 Emoji 网格	1f468-1f3fc-200d-2696.png	是	U+1F468 U+1F3FC U+200D U+2696 U+FE0F	People & Body	person-role	fully-qualified	男性、中等偏浅肤色、Scales	MAN / MEDIUM-LIGHT SKIN TONE / SCALES
805	👨🏽‍⚖️	人物	肤色变体（右键）	👨🏽‍⚖️	未直接列在现有 Emoji 网格	1f468-1f3fd-200d-2696.png	是	U+1F468 U+1F3FD U+200D U+2696 U+FE0F	People & Body	person-role	fully-qualified	男性、中等肤色、Scales	MAN / MEDIUM SKIN TONE / SCALES
806	👨🏾‍⚖️	人物	肤色变体（右键）	👨🏾‍⚖️	未直接列在现有 Emoji 网格	1f468-1f3fe-200d-2696.png	是	U+1F468 U+1F3FE U+200D U+2696 U+FE0F	People & Body	person-role	fully-qualified	男性、中等偏深肤色、Scales	MAN / MEDIUM-DARK SKIN TONE / SCALES
807	👨🏿‍⚖️	人物	肤色变体（右键）	👨🏿‍⚖️	未直接列在现有 Emoji 网格	1f468-1f3ff-200d-2696.png	是	U+1F468 U+1F3FF U+200D U+2696 U+FE0F	People & Body	person-role	fully-qualified	男性、较深肤色、Scales	MAN / DARK SKIN TONE / SCALES
808	👩‍⚖️	人物	主网格	👩‍⚖️	Emoji·表情与人物 / 第 13 行	1f469-200d-2696.png	是	U+1F469 U+200D U+2696 U+FE0F	People & Body	person-role	fully-qualified	女法官	WOMAN / SCALES
809	👩🏻‍⚖️	人物	肤色变体（右键）	👩🏻‍⚖️	未直接列在现有 Emoji 网格	1f469-1f3fb-200d-2696.png	是	U+1F469 U+1F3FB U+200D U+2696 U+FE0F	People & Body	person-role	fully-qualified	女性、较浅肤色、Scales	WOMAN / LIGHT SKIN TONE / SCALES
810	👩🏼‍⚖️	人物	肤色变体（右键）	👩🏼‍⚖️	未直接列在现有 Emoji 网格	1f469-1f3fc-200d-2696.png	是	U+1F469 U+1F3FC U+200D U+2696 U+FE0F	People & Body	person-role	fully-qualified	女性、中等偏浅肤色、Scales	WOMAN / MEDIUM-LIGHT SKIN TONE / SCALES
811	👩🏽‍⚖️	人物	肤色变体（右键）	👩🏽‍⚖️	未直接列在现有 Emoji 网格	1f469-1f3fd-200d-2696.png	是	U+1F469 U+1F3FD U+200D U+2696 U+FE0F	People & Body	person-role	fully-qualified	女性、中等肤色、Scales	WOMAN / MEDIUM SKIN TONE / SCALES
812	👩🏾‍⚖️	人物	肤色变体（右键）	👩🏾‍⚖️	未直接列在现有 Emoji 网格	1f469-1f3fe-200d-2696.png	是	U+1F469 U+1F3FE U+200D U+2696 U+FE0F	People & Body	person-role	fully-qualified	女性、中等偏深肤色、Scales	WOMAN / MEDIUM-DARK SKIN TONE / SCALES
813	👩🏿‍⚖️	人物	肤色变体（右键）	👩🏿‍⚖️	未直接列在现有 Emoji 网格	1f469-1f3ff-200d-2696.png	是	U+1F469 U+1F3FF U+200D U+2696 U+FE0F	People & Body	person-role	fully-qualified	女性、较深肤色、Scales	WOMAN / DARK SKIN TONE / SCALES
814	🧑‍🌾	人物	主网格	🧑‍🌾	Emoji·食物与活动 / 食物·主食与料理	1f9d1-200d-1f33e.png	是	U+1F9D1 U+200D U+1F33E	People & Body	person-role	fully-qualified	农民	ADULT / EAR OF RICE
815	🧑🏻‍🌾	人物	肤色变体（右键）	🧑🏻‍🌾	未直接列在现有 Emoji 网格	1f9d1-1f3fb-200d-1f33e.png	是	U+1F9D1 U+1F3FB U+200D U+1F33E	People & Body	person-role	fully-qualified	成年人、较浅肤色、Ear的Rice	ADULT / LIGHT SKIN TONE / EAR OF RICE
816	🧑🏼‍🌾	人物	肤色变体（右键）	🧑🏼‍🌾	未直接列在现有 Emoji 网格	1f9d1-1f3fc-200d-1f33e.png	是	U+1F9D1 U+1F3FC U+200D U+1F33E	People & Body	person-role	fully-qualified	成年人、中等偏浅肤色、Ear的Rice	ADULT / MEDIUM-LIGHT SKIN TONE / EAR OF RICE
817	🧑🏽‍🌾	人物	肤色变体（右键）	🧑🏽‍🌾	未直接列在现有 Emoji 网格	1f9d1-1f3fd-200d-1f33e.png	是	U+1F9D1 U+1F3FD U+200D U+1F33E	People & Body	person-role	fully-qualified	成年人、中等肤色、Ear的Rice	ADULT / MEDIUM SKIN TONE / EAR OF RICE
818	🧑🏾‍🌾	人物	肤色变体（右键）	🧑🏾‍🌾	未直接列在现有 Emoji 网格	1f9d1-1f3fe-200d-1f33e.png	是	U+1F9D1 U+1F3FE U+200D U+1F33E	People & Body	person-role	fully-qualified	成年人、中等偏深肤色、Ear的Rice	ADULT / MEDIUM-DARK SKIN TONE / EAR OF RICE
819	🧑🏿‍🌾	人物	肤色变体（右键）	🧑🏿‍🌾	未直接列在现有 Emoji 网格	1f9d1-1f3ff-200d-1f33e.png	是	U+1F9D1 U+1F3FF U+200D U+1F33E	People & Body	person-role	fully-qualified	成年人、较深肤色、Ear的Rice	ADULT / DARK SKIN TONE / EAR OF RICE
820	👨‍🌾	人物	主网格	👨‍🌾	Emoji·表情与人物 / 人物与角色	1f468-200d-1f33e.png	是	U+1F468 U+200D U+1F33E	People & Body	person-role	fully-qualified	农夫	MAN / EAR OF RICE
821	👨🏻‍🌾	人物	肤色变体（右键）	👨🏻‍🌾	未直接列在现有 Emoji 网格	1f468-1f3fb-200d-1f33e.png	是	U+1F468 U+1F3FB U+200D U+1F33E	People & Body	person-role	fully-qualified	男性、较浅肤色、Ear的Rice	MAN / LIGHT SKIN TONE / EAR OF RICE
822	👨🏼‍🌾	人物	肤色变体（右键）	👨🏼‍🌾	未直接列在现有 Emoji 网格	1f468-1f3fc-200d-1f33e.png	是	U+1F468 U+1F3FC U+200D U+1F33E	People & Body	person-role	fully-qualified	男性、中等偏浅肤色、Ear的Rice	MAN / MEDIUM-LIGHT SKIN TONE / EAR OF RICE
823	👨🏽‍🌾	人物	肤色变体（右键）	👨🏽‍🌾	未直接列在现有 Emoji 网格	1f468-1f3fd-200d-1f33e.png	是	U+1F468 U+1F3FD U+200D U+1F33E	People & Body	person-role	fully-qualified	男性、中等肤色、Ear的Rice	MAN / MEDIUM SKIN TONE / EAR OF RICE
824	👨🏾‍🌾	人物	肤色变体（右键）	👨🏾‍🌾	未直接列在现有 Emoji 网格	1f468-1f3fe-200d-1f33e.png	是	U+1F468 U+1F3FE U+200D U+1F33E	People & Body	person-role	fully-qualified	男性、中等偏深肤色、Ear的Rice	MAN / MEDIUM-DARK SKIN TONE / EAR OF RICE
825	👨🏿‍🌾	人物	肤色变体（右键）	👨🏿‍🌾	未直接列在现有 Emoji 网格	1f468-1f3ff-200d-1f33e.png	是	U+1F468 U+1F3FF U+200D U+1F33E	People & Body	person-role	fully-qualified	男性、较深肤色、Ear的Rice	MAN / DARK SKIN TONE / EAR OF RICE
826	👩‍🌾	人物	主网格	👩‍🌾	Emoji·表情与人物 / 第 11 行	1f469-200d-1f33e.png	是	U+1F469 U+200D U+1F33E	People & Body	person-role	fully-qualified	农妇	WOMAN / EAR OF RICE
827	👩🏻‍🌾	人物	肤色变体（右键）	👩🏻‍🌾	未直接列在现有 Emoji 网格	1f469-1f3fb-200d-1f33e.png	是	U+1F469 U+1F3FB U+200D U+1F33E	People & Body	person-role	fully-qualified	女性、较浅肤色、Ear的Rice	WOMAN / LIGHT SKIN TONE / EAR OF RICE
828	👩🏼‍🌾	人物	肤色变体（右键）	👩🏼‍🌾	未直接列在现有 Emoji 网格	1f469-1f3fc-200d-1f33e.png	是	U+1F469 U+1F3FC U+200D U+1F33E	People & Body	person-role	fully-qualified	女性、中等偏浅肤色、Ear的Rice	WOMAN / MEDIUM-LIGHT SKIN TONE / EAR OF RICE
829	👩🏽‍🌾	人物	肤色变体（右键）	👩🏽‍🌾	未直接列在现有 Emoji 网格	1f469-1f3fd-200d-1f33e.png	是	U+1F469 U+1F3FD U+200D U+1F33E	People & Body	person-role	fully-qualified	女性、中等肤色、Ear的Rice	WOMAN / MEDIUM SKIN TONE / EAR OF RICE
830	👩🏾‍🌾	人物	肤色变体（右键）	👩🏾‍🌾	未直接列在现有 Emoji 网格	1f469-1f3fe-200d-1f33e.png	是	U+1F469 U+1F3FE U+200D U+1F33E	People & Body	person-role	fully-qualified	女性、中等偏深肤色、Ear的Rice	WOMAN / MEDIUM-DARK SKIN TONE / EAR OF RICE
831	👩🏿‍🌾	人物	肤色变体（右键）	👩🏿‍🌾	未直接列在现有 Emoji 网格	1f469-1f3ff-200d-1f33e.png	是	U+1F469 U+1F3FF U+200D U+1F33E	People & Body	person-role	fully-qualified	女性、较深肤色、Ear的Rice	WOMAN / DARK SKIN TONE / EAR OF RICE
832	🧑‍🍳	人物	主网格	🧑‍🍳	Emoji·符号与旗帜 / 第 28 行	1f9d1-200d-1f373.png	是	U+1F9D1 U+200D U+1F373	People & Body	person-role	fully-qualified	厨师	ADULT / COOKING
833	🧑🏻‍🍳	人物	肤色变体（右键）	🧑🏻‍🍳	未直接列在现有 Emoji 网格	1f9d1-1f3fb-200d-1f373.png	是	U+1F9D1 U+1F3FB U+200D U+1F373	People & Body	person-role	fully-qualified	成年人、较浅肤色、Cooking	ADULT / LIGHT SKIN TONE / COOKING
834	🧑🏼‍🍳	人物	肤色变体（右键）	🧑🏼‍🍳	未直接列在现有 Emoji 网格	1f9d1-1f3fc-200d-1f373.png	是	U+1F9D1 U+1F3FC U+200D U+1F373	People & Body	person-role	fully-qualified	成年人、中等偏浅肤色、Cooking	ADULT / MEDIUM-LIGHT SKIN TONE / COOKING
835	🧑🏽‍🍳	人物	肤色变体（右键）	🧑🏽‍🍳	未直接列在现有 Emoji 网格	1f9d1-1f3fd-200d-1f373.png	是	U+1F9D1 U+1F3FD U+200D U+1F373	People & Body	person-role	fully-qualified	成年人、中等肤色、Cooking	ADULT / MEDIUM SKIN TONE / COOKING
836	🧑🏾‍🍳	人物	肤色变体（右键）	🧑🏾‍🍳	未直接列在现有 Emoji 网格	1f9d1-1f3fe-200d-1f373.png	是	U+1F9D1 U+1F3FE U+200D U+1F373	People & Body	person-role	fully-qualified	成年人、中等偏深肤色、Cooking	ADULT / MEDIUM-DARK SKIN TONE / COOKING
837	🧑🏿‍🍳	人物	肤色变体（右键）	🧑🏿‍🍳	未直接列在现有 Emoji 网格	1f9d1-1f3ff-200d-1f373.png	是	U+1F9D1 U+1F3FF U+200D U+1F373	People & Body	person-role	fully-qualified	成年人、较深肤色、Cooking	ADULT / DARK SKIN TONE / COOKING
838	👨‍🍳	人物	主网格	👨‍🍳	Emoji·表情与人物 / 人物与角色	1f468-200d-1f373.png	是	U+1F468 U+200D U+1F373	People & Body	person-role	fully-qualified	男厨师	MAN / COOKING
839	👨🏻‍🍳	人物	肤色变体（右键）	👨🏻‍🍳	未直接列在现有 Emoji 网格	1f468-1f3fb-200d-1f373.png	是	U+1F468 U+1F3FB U+200D U+1F373	People & Body	person-role	fully-qualified	男性、较浅肤色、Cooking	MAN / LIGHT SKIN TONE / COOKING
840	👨🏼‍🍳	人物	肤色变体（右键）	👨🏼‍🍳	未直接列在现有 Emoji 网格	1f468-1f3fc-200d-1f373.png	是	U+1F468 U+1F3FC U+200D U+1F373	People & Body	person-role	fully-qualified	男性、中等偏浅肤色、Cooking	MAN / MEDIUM-LIGHT SKIN TONE / COOKING
841	👨🏽‍🍳	人物	肤色变体（右键）	👨🏽‍🍳	未直接列在现有 Emoji 网格	1f468-1f3fd-200d-1f373.png	是	U+1F468 U+1F3FD U+200D U+1F373	People & Body	person-role	fully-qualified	男性、中等肤色、Cooking	MAN / MEDIUM SKIN TONE / COOKING
842	👨🏾‍🍳	人物	肤色变体（右键）	👨🏾‍🍳	未直接列在现有 Emoji 网格	1f468-1f3fe-200d-1f373.png	是	U+1F468 U+1F3FE U+200D U+1F373	People & Body	person-role	fully-qualified	男性、中等偏深肤色、Cooking	MAN / MEDIUM-DARK SKIN TONE / COOKING
843	👨🏿‍🍳	人物	肤色变体（右键）	👨🏿‍🍳	未直接列在现有 Emoji 网格	1f468-1f3ff-200d-1f373.png	是	U+1F468 U+1F3FF U+200D U+1F373	People & Body	person-role	fully-qualified	男性、较深肤色、Cooking	MAN / DARK SKIN TONE / COOKING
844	👩‍🍳	人物	主网格	👩‍🍳	Emoji·表情与人物 / 第 11 行	1f469-200d-1f373.png	是	U+1F469 U+200D U+1F373	People & Body	person-role	fully-qualified	女厨师	WOMAN / COOKING
845	👩🏻‍🍳	人物	肤色变体（右键）	👩🏻‍🍳	未直接列在现有 Emoji 网格	1f469-1f3fb-200d-1f373.png	是	U+1F469 U+1F3FB U+200D U+1F373	People & Body	person-role	fully-qualified	女性、较浅肤色、Cooking	WOMAN / LIGHT SKIN TONE / COOKING
846	👩🏼‍🍳	人物	肤色变体（右键）	👩🏼‍🍳	未直接列在现有 Emoji 网格	1f469-1f3fc-200d-1f373.png	是	U+1F469 U+1F3FC U+200D U+1F373	People & Body	person-role	fully-qualified	女性、中等偏浅肤色、Cooking	WOMAN / MEDIUM-LIGHT SKIN TONE / COOKING
847	👩🏽‍🍳	人物	肤色变体（右键）	👩🏽‍🍳	未直接列在现有 Emoji 网格	1f469-1f3fd-200d-1f373.png	是	U+1F469 U+1F3FD U+200D U+1F373	People & Body	person-role	fully-qualified	女性、中等肤色、Cooking	WOMAN / MEDIUM SKIN TONE / COOKING
848	👩🏾‍🍳	人物	肤色变体（右键）	👩🏾‍🍳	未直接列在现有 Emoji 网格	1f469-1f3fe-200d-1f373.png	是	U+1F469 U+1F3FE U+200D U+1F373	People & Body	person-role	fully-qualified	女性、中等偏深肤色、Cooking	WOMAN / MEDIUM-DARK SKIN TONE / COOKING
849	👩🏿‍🍳	人物	肤色变体（右键）	👩🏿‍🍳	未直接列在现有 Emoji 网格	1f469-1f3ff-200d-1f373.png	是	U+1F469 U+1F3FF U+200D U+1F373	People & Body	person-role	fully-qualified	女性、较深肤色、Cooking	WOMAN / DARK SKIN TONE / COOKING
850	🧑‍🔧	人物	主网格	🧑‍🔧	Emoji·旅行与物品 / 设备与工具	1f9d1-200d-1f527.png	是	U+1F9D1 U+200D U+1F527	People & Body	person-role	fully-qualified	技工	ADULT / WRENCH
851	🧑🏻‍🔧	人物	肤色变体（右键）	🧑🏻‍🔧	未直接列在现有 Emoji 网格	1f9d1-1f3fb-200d-1f527.png	是	U+1F9D1 U+1F3FB U+200D U+1F527	People & Body	person-role	fully-qualified	成年人、较浅肤色、Wrench	ADULT / LIGHT SKIN TONE / WRENCH
852	🧑🏼‍🔧	人物	肤色变体（右键）	🧑🏼‍🔧	未直接列在现有 Emoji 网格	1f9d1-1f3fc-200d-1f527.png	是	U+1F9D1 U+1F3FC U+200D U+1F527	People & Body	person-role	fully-qualified	成年人、中等偏浅肤色、Wrench	ADULT / MEDIUM-LIGHT SKIN TONE / WRENCH
853	🧑🏽‍🔧	人物	肤色变体（右键）	🧑🏽‍🔧	未直接列在现有 Emoji 网格	1f9d1-1f3fd-200d-1f527.png	是	U+1F9D1 U+1F3FD U+200D U+1F527	People & Body	person-role	fully-qualified	成年人、中等肤色、Wrench	ADULT / MEDIUM SKIN TONE / WRENCH
854	🧑🏾‍🔧	人物	肤色变体（右键）	🧑🏾‍🔧	未直接列在现有 Emoji 网格	1f9d1-1f3fe-200d-1f527.png	是	U+1F9D1 U+1F3FE U+200D U+1F527	People & Body	person-role	fully-qualified	成年人、中等偏深肤色、Wrench	ADULT / MEDIUM-DARK SKIN TONE / WRENCH
855	🧑🏿‍🔧	人物	肤色变体（右键）	🧑🏿‍🔧	未直接列在现有 Emoji 网格	1f9d1-1f3ff-200d-1f527.png	是	U+1F9D1 U+1F3FF U+200D U+1F527	People & Body	person-role	fully-qualified	成年人、较深肤色、Wrench	ADULT / DARK SKIN TONE / WRENCH
856	👨‍🔧	人物	主网格	👨‍🔧	Emoji·表情与人物 / 第 9 行	1f468-200d-1f527.png	是	U+1F468 U+200D U+1F527	People & Body	person-role	fully-qualified	男技工	MAN / WRENCH
857	👨🏻‍🔧	人物	肤色变体（右键）	👨🏻‍🔧	未直接列在现有 Emoji 网格	1f468-1f3fb-200d-1f527.png	是	U+1F468 U+1F3FB U+200D U+1F527	People & Body	person-role	fully-qualified	男性、较浅肤色、Wrench	MAN / LIGHT SKIN TONE / WRENCH
858	👨🏼‍🔧	人物	肤色变体（右键）	👨🏼‍🔧	未直接列在现有 Emoji 网格	1f468-1f3fc-200d-1f527.png	是	U+1F468 U+1F3FC U+200D U+1F527	People & Body	person-role	fully-qualified	男性、中等偏浅肤色、Wrench	MAN / MEDIUM-LIGHT SKIN TONE / WRENCH
859	👨🏽‍🔧	人物	肤色变体（右键）	👨🏽‍🔧	未直接列在现有 Emoji 网格	1f468-1f3fd-200d-1f527.png	是	U+1F468 U+1F3FD U+200D U+1F527	People & Body	person-role	fully-qualified	男性、中等肤色、Wrench	MAN / MEDIUM SKIN TONE / WRENCH
860	👨🏾‍🔧	人物	肤色变体（右键）	👨🏾‍🔧	未直接列在现有 Emoji 网格	1f468-1f3fe-200d-1f527.png	是	U+1F468 U+1F3FE U+200D U+1F527	People & Body	person-role	fully-qualified	男性、中等偏深肤色、Wrench	MAN / MEDIUM-DARK SKIN TONE / WRENCH
861	👨🏿‍🔧	人物	肤色变体（右键）	👨🏿‍🔧	未直接列在现有 Emoji 网格	1f468-1f3ff-200d-1f527.png	是	U+1F468 U+1F3FF U+200D U+1F527	People & Body	person-role	fully-qualified	男性、较深肤色、Wrench	MAN / DARK SKIN TONE / WRENCH
862	👩‍🔧	人物	主网格	👩‍🔧	Emoji·表情与人物 / 第 12 行	1f469-200d-1f527.png	是	U+1F469 U+200D U+1F527	People & Body	person-role	fully-qualified	女技工	WOMAN / WRENCH
863	👩🏻‍🔧	人物	肤色变体（右键）	👩🏻‍🔧	未直接列在现有 Emoji 网格	1f469-1f3fb-200d-1f527.png	是	U+1F469 U+1F3FB U+200D U+1F527	People & Body	person-role	fully-qualified	女性、较浅肤色、Wrench	WOMAN / LIGHT SKIN TONE / WRENCH
864	👩🏼‍🔧	人物	肤色变体（右键）	👩🏼‍🔧	未直接列在现有 Emoji 网格	1f469-1f3fc-200d-1f527.png	是	U+1F469 U+1F3FC U+200D U+1F527	People & Body	person-role	fully-qualified	女性、中等偏浅肤色、Wrench	WOMAN / MEDIUM-LIGHT SKIN TONE / WRENCH
865	👩🏽‍🔧	人物	肤色变体（右键）	👩🏽‍🔧	未直接列在现有 Emoji 网格	1f469-1f3fd-200d-1f527.png	是	U+1F469 U+1F3FD U+200D U+1F527	People & Body	person-role	fully-qualified	女性、中等肤色、Wrench	WOMAN / MEDIUM SKIN TONE / WRENCH
866	👩🏾‍🔧	人物	肤色变体（右键）	👩🏾‍🔧	未直接列在现有 Emoji 网格	1f469-1f3fe-200d-1f527.png	是	U+1F469 U+1F3FE U+200D U+1F527	People & Body	person-role	fully-qualified	女性、中等偏深肤色、Wrench	WOMAN / MEDIUM-DARK SKIN TONE / WRENCH
867	👩🏿‍🔧	人物	肤色变体（右键）	👩🏿‍🔧	未直接列在现有 Emoji 网格	1f469-1f3ff-200d-1f527.png	是	U+1F469 U+1F3FF U+200D U+1F527	People & Body	person-role	fully-qualified	女性、较深肤色、Wrench	WOMAN / DARK SKIN TONE / WRENCH
868	🧑‍🏭	人物	主网格	🧑‍🏭	Emoji·旅行与物品 / 其他旅行与物品	1f9d1-200d-1f3ed.png	是	U+1F9D1 U+200D U+1F3ED	People & Body	person-role	fully-qualified	工人	ADULT / FACTORY
869	🧑🏻‍🏭	人物	肤色变体（右键）	🧑🏻‍🏭	未直接列在现有 Emoji 网格	1f9d1-1f3fb-200d-1f3ed.png	是	U+1F9D1 U+1F3FB U+200D U+1F3ED	People & Body	person-role	fully-qualified	成年人、较浅肤色、Factory	ADULT / LIGHT SKIN TONE / FACTORY
870	🧑🏼‍🏭	人物	肤色变体（右键）	🧑🏼‍🏭	未直接列在现有 Emoji 网格	1f9d1-1f3fc-200d-1f3ed.png	是	U+1F9D1 U+1F3FC U+200D U+1F3ED	People & Body	person-role	fully-qualified	成年人、中等偏浅肤色、Factory	ADULT / MEDIUM-LIGHT SKIN TONE / FACTORY
871	🧑🏽‍🏭	人物	肤色变体（右键）	🧑🏽‍🏭	未直接列在现有 Emoji 网格	1f9d1-1f3fd-200d-1f3ed.png	是	U+1F9D1 U+1F3FD U+200D U+1F3ED	People & Body	person-role	fully-qualified	成年人、中等肤色、Factory	ADULT / MEDIUM SKIN TONE / FACTORY
872	🧑🏾‍🏭	人物	肤色变体（右键）	🧑🏾‍🏭	未直接列在现有 Emoji 网格	1f9d1-1f3fe-200d-1f3ed.png	是	U+1F9D1 U+1F3FE U+200D U+1F3ED	People & Body	person-role	fully-qualified	成年人、中等偏深肤色、Factory	ADULT / MEDIUM-DARK SKIN TONE / FACTORY
873	🧑🏿‍🏭	人物	肤色变体（右键）	🧑🏿‍🏭	未直接列在现有 Emoji 网格	1f9d1-1f3ff-200d-1f3ed.png	是	U+1F9D1 U+1F3FF U+200D U+1F3ED	People & Body	person-role	fully-qualified	成年人、较深肤色、Factory	ADULT / DARK SKIN TONE / FACTORY
874	👨‍🏭	人物	主网格	👨‍🏭	Emoji·表情与人物 / 人物与角色	1f468-200d-1f3ed.png	是	U+1F468 U+200D U+1F3ED	People & Body	person-role	fully-qualified	男工人	MAN / FACTORY
875	👨🏻‍🏭	人物	肤色变体（右键）	👨🏻‍🏭	未直接列在现有 Emoji 网格	1f468-1f3fb-200d-1f3ed.png	是	U+1F468 U+1F3FB U+200D U+1F3ED	People & Body	person-role	fully-qualified	男性、较浅肤色、Factory	MAN / LIGHT SKIN TONE / FACTORY
876	👨🏼‍🏭	人物	肤色变体（右键）	👨🏼‍🏭	未直接列在现有 Emoji 网格	1f468-1f3fc-200d-1f3ed.png	是	U+1F468 U+1F3FC U+200D U+1F3ED	People & Body	person-role	fully-qualified	男性、中等偏浅肤色、Factory	MAN / MEDIUM-LIGHT SKIN TONE / FACTORY
877	👨🏽‍🏭	人物	肤色变体（右键）	👨🏽‍🏭	未直接列在现有 Emoji 网格	1f468-1f3fd-200d-1f3ed.png	是	U+1F468 U+1F3FD U+200D U+1F3ED	People & Body	person-role	fully-qualified	男性、中等肤色、Factory	MAN / MEDIUM SKIN TONE / FACTORY
878	👨🏾‍🏭	人物	肤色变体（右键）	👨🏾‍🏭	未直接列在现有 Emoji 网格	1f468-1f3fe-200d-1f3ed.png	是	U+1F468 U+1F3FE U+200D U+1F3ED	People & Body	person-role	fully-qualified	男性、中等偏深肤色、Factory	MAN / MEDIUM-DARK SKIN TONE / FACTORY
879	👨🏿‍🏭	人物	肤色变体（右键）	👨🏿‍🏭	未直接列在现有 Emoji 网格	1f468-1f3ff-200d-1f3ed.png	是	U+1F468 U+1F3FF U+200D U+1F3ED	People & Body	person-role	fully-qualified	男性、较深肤色、Factory	MAN / DARK SKIN TONE / FACTORY
880	👩‍🏭	人物	主网格	👩‍🏭	Emoji·表情与人物 / 第 11 行	1f469-200d-1f3ed.png	是	U+1F469 U+200D U+1F3ED	People & Body	person-role	fully-qualified	女工人	WOMAN / FACTORY
881	👩🏻‍🏭	人物	肤色变体（右键）	👩🏻‍🏭	未直接列在现有 Emoji 网格	1f469-1f3fb-200d-1f3ed.png	是	U+1F469 U+1F3FB U+200D U+1F3ED	People & Body	person-role	fully-qualified	女性、较浅肤色、Factory	WOMAN / LIGHT SKIN TONE / FACTORY
882	👩🏼‍🏭	人物	肤色变体（右键）	👩🏼‍🏭	未直接列在现有 Emoji 网格	1f469-1f3fc-200d-1f3ed.png	是	U+1F469 U+1F3FC U+200D U+1F3ED	People & Body	person-role	fully-qualified	女性、中等偏浅肤色、Factory	WOMAN / MEDIUM-LIGHT SKIN TONE / FACTORY
883	👩🏽‍🏭	人物	肤色变体（右键）	👩🏽‍🏭	未直接列在现有 Emoji 网格	1f469-1f3fd-200d-1f3ed.png	是	U+1F469 U+1F3FD U+200D U+1F3ED	People & Body	person-role	fully-qualified	女性、中等肤色、Factory	WOMAN / MEDIUM SKIN TONE / FACTORY
884	👩🏾‍🏭	人物	肤色变体（右键）	👩🏾‍🏭	未直接列在现有 Emoji 网格	1f469-1f3fe-200d-1f3ed.png	是	U+1F469 U+1F3FE U+200D U+1F3ED	People & Body	person-role	fully-qualified	女性、中等偏深肤色、Factory	WOMAN / MEDIUM-DARK SKIN TONE / FACTORY
885	👩🏿‍🏭	人物	肤色变体（右键）	👩🏿‍🏭	未直接列在现有 Emoji 网格	1f469-1f3ff-200d-1f3ed.png	是	U+1F469 U+1F3FF U+200D U+1F3ED	People & Body	person-role	fully-qualified	女性、较深肤色、Factory	WOMAN / DARK SKIN TONE / FACTORY
886	🧑‍💼	人物	主网格	🧑‍💼	Emoji·符号与旗帜 / 第 28 行	1f9d1-200d-1f4bc.png	是	U+1F9D1 U+200D U+1F4BC	People & Body	person-role	fully-qualified	白领	ADULT / BRIEFCASE
887	🧑🏻‍💼	人物	肤色变体（右键）	🧑🏻‍💼	未直接列在现有 Emoji 网格	1f9d1-1f3fb-200d-1f4bc.png	是	U+1F9D1 U+1F3FB U+200D U+1F4BC	People & Body	person-role	fully-qualified	成年人、较浅肤色、Briefcase	ADULT / LIGHT SKIN TONE / BRIEFCASE
888	🧑🏼‍💼	人物	肤色变体（右键）	🧑🏼‍💼	未直接列在现有 Emoji 网格	1f9d1-1f3fc-200d-1f4bc.png	是	U+1F9D1 U+1F3FC U+200D U+1F4BC	People & Body	person-role	fully-qualified	成年人、中等偏浅肤色、Briefcase	ADULT / MEDIUM-LIGHT SKIN TONE / BRIEFCASE
889	🧑🏽‍💼	人物	肤色变体（右键）	🧑🏽‍💼	未直接列在现有 Emoji 网格	1f9d1-1f3fd-200d-1f4bc.png	是	U+1F9D1 U+1F3FD U+200D U+1F4BC	People & Body	person-role	fully-qualified	成年人、中等肤色、Briefcase	ADULT / MEDIUM SKIN TONE / BRIEFCASE
890	🧑🏾‍💼	人物	肤色变体（右键）	🧑🏾‍💼	未直接列在现有 Emoji 网格	1f9d1-1f3fe-200d-1f4bc.png	是	U+1F9D1 U+1F3FE U+200D U+1F4BC	People & Body	person-role	fully-qualified	成年人、中等偏深肤色、Briefcase	ADULT / MEDIUM-DARK SKIN TONE / BRIEFCASE
891	🧑🏿‍💼	人物	肤色变体（右键）	🧑🏿‍💼	未直接列在现有 Emoji 网格	1f9d1-1f3ff-200d-1f4bc.png	是	U+1F9D1 U+1F3FF U+200D U+1F4BC	People & Body	person-role	fully-qualified	成年人、较深肤色、Briefcase	ADULT / DARK SKIN TONE / BRIEFCASE
892	👨‍💼	人物	主网格	👨‍💼	Emoji·表情与人物 / 第 9 行	1f468-200d-1f4bc.png	是	U+1F468 U+200D U+1F4BC	People & Body	person-role	fully-qualified	男白领	MAN / BRIEFCASE
893	👨🏻‍💼	人物	肤色变体（右键）	👨🏻‍💼	未直接列在现有 Emoji 网格	1f468-1f3fb-200d-1f4bc.png	是	U+1F468 U+1F3FB U+200D U+1F4BC	People & Body	person-role	fully-qualified	男性、较浅肤色、Briefcase	MAN / LIGHT SKIN TONE / BRIEFCASE
894	👨🏼‍💼	人物	肤色变体（右键）	👨🏼‍💼	未直接列在现有 Emoji 网格	1f468-1f3fc-200d-1f4bc.png	是	U+1F468 U+1F3FC U+200D U+1F4BC	People & Body	person-role	fully-qualified	男性、中等偏浅肤色、Briefcase	MAN / MEDIUM-LIGHT SKIN TONE / BRIEFCASE
895	👨🏽‍💼	人物	肤色变体（右键）	👨🏽‍💼	未直接列在现有 Emoji 网格	1f468-1f3fd-200d-1f4bc.png	是	U+1F468 U+1F3FD U+200D U+1F4BC	People & Body	person-role	fully-qualified	男性、中等肤色、Briefcase	MAN / MEDIUM SKIN TONE / BRIEFCASE
896	👨🏾‍💼	人物	肤色变体（右键）	👨🏾‍💼	未直接列在现有 Emoji 网格	1f468-1f3fe-200d-1f4bc.png	是	U+1F468 U+1F3FE U+200D U+1F4BC	People & Body	person-role	fully-qualified	男性、中等偏深肤色、Briefcase	MAN / MEDIUM-DARK SKIN TONE / BRIEFCASE
897	👨🏿‍💼	人物	肤色变体（右键）	👨🏿‍💼	未直接列在现有 Emoji 网格	1f468-1f3ff-200d-1f4bc.png	是	U+1F468 U+1F3FF U+200D U+1F4BC	People & Body	person-role	fully-qualified	男性、较深肤色、Briefcase	MAN / DARK SKIN TONE / BRIEFCASE
898	👩‍💼	人物	主网格	👩‍💼	Emoji·表情与人物 / 第 12 行	1f469-200d-1f4bc.png	是	U+1F469 U+200D U+1F4BC	People & Body	person-role	fully-qualified	女白领	WOMAN / BRIEFCASE
899	👩🏻‍💼	人物	肤色变体（右键）	👩🏻‍💼	未直接列在现有 Emoji 网格	1f469-1f3fb-200d-1f4bc.png	是	U+1F469 U+1F3FB U+200D U+1F4BC	People & Body	person-role	fully-qualified	女性、较浅肤色、Briefcase	WOMAN / LIGHT SKIN TONE / BRIEFCASE
900	👩🏼‍💼	人物	肤色变体（右键）	👩🏼‍💼	未直接列在现有 Emoji 网格	1f469-1f3fc-200d-1f4bc.png	是	U+1F469 U+1F3FC U+200D U+1F4BC	People & Body	person-role	fully-qualified	女性、中等偏浅肤色、Briefcase	WOMAN / MEDIUM-LIGHT SKIN TONE / BRIEFCASE
901	👩🏽‍💼	人物	肤色变体（右键）	👩🏽‍💼	未直接列在现有 Emoji 网格	1f469-1f3fd-200d-1f4bc.png	是	U+1F469 U+1F3FD U+200D U+1F4BC	People & Body	person-role	fully-qualified	女性、中等肤色、Briefcase	WOMAN / MEDIUM SKIN TONE / BRIEFCASE
902	👩🏾‍💼	人物	肤色变体（右键）	👩🏾‍💼	未直接列在现有 Emoji 网格	1f469-1f3fe-200d-1f4bc.png	是	U+1F469 U+1F3FE U+200D U+1F4BC	People & Body	person-role	fully-qualified	女性、中等偏深肤色、Briefcase	WOMAN / MEDIUM-DARK SKIN TONE / BRIEFCASE
903	👩🏿‍💼	人物	肤色变体（右键）	👩🏿‍💼	未直接列在现有 Emoji 网格	1f469-1f3ff-200d-1f4bc.png	是	U+1F469 U+1F3FF U+200D U+1F4BC	People & Body	person-role	fully-qualified	女性、较深肤色、Briefcase	WOMAN / DARK SKIN TONE / BRIEFCASE
904	🧑‍🔬	人物	主网格	🧑‍🔬	Emoji·旅行与物品 / 设备与工具	1f9d1-200d-1f52c.png	是	U+1F9D1 U+200D U+1F52C	People & Body	person-role	fully-qualified	科学家	ADULT / MICROSCOPE
905	🧑🏻‍🔬	人物	肤色变体（右键）	🧑🏻‍🔬	未直接列在现有 Emoji 网格	1f9d1-1f3fb-200d-1f52c.png	是	U+1F9D1 U+1F3FB U+200D U+1F52C	People & Body	person-role	fully-qualified	成年人、较浅肤色、Microscope	ADULT / LIGHT SKIN TONE / MICROSCOPE
906	🧑🏼‍🔬	人物	肤色变体（右键）	🧑🏼‍🔬	未直接列在现有 Emoji 网格	1f9d1-1f3fc-200d-1f52c.png	是	U+1F9D1 U+1F3FC U+200D U+1F52C	People & Body	person-role	fully-qualified	成年人、中等偏浅肤色、Microscope	ADULT / MEDIUM-LIGHT SKIN TONE / MICROSCOPE
907	🧑🏽‍🔬	人物	肤色变体（右键）	🧑🏽‍🔬	未直接列在现有 Emoji 网格	1f9d1-1f3fd-200d-1f52c.png	是	U+1F9D1 U+1F3FD U+200D U+1F52C	People & Body	person-role	fully-qualified	成年人、中等肤色、Microscope	ADULT / MEDIUM SKIN TONE / MICROSCOPE
908	🧑🏾‍🔬	人物	肤色变体（右键）	🧑🏾‍🔬	未直接列在现有 Emoji 网格	1f9d1-1f3fe-200d-1f52c.png	是	U+1F9D1 U+1F3FE U+200D U+1F52C	People & Body	person-role	fully-qualified	成年人、中等偏深肤色、Microscope	ADULT / MEDIUM-DARK SKIN TONE / MICROSCOPE
909	🧑🏿‍🔬	人物	肤色变体（右键）	🧑🏿‍🔬	未直接列在现有 Emoji 网格	1f9d1-1f3ff-200d-1f52c.png	是	U+1F9D1 U+1F3FF U+200D U+1F52C	People & Body	person-role	fully-qualified	成年人、较深肤色、Microscope	ADULT / DARK SKIN TONE / MICROSCOPE
910	👨‍🔬	人物	主网格	👨‍🔬	Emoji·表情与人物 / 第 9 行	1f468-200d-1f52c.png	是	U+1F468 U+200D U+1F52C	People & Body	person-role	fully-qualified	男科学家	MAN / MICROSCOPE
911	👨🏻‍🔬	人物	肤色变体（右键）	👨🏻‍🔬	未直接列在现有 Emoji 网格	1f468-1f3fb-200d-1f52c.png	是	U+1F468 U+1F3FB U+200D U+1F52C	People & Body	person-role	fully-qualified	男性、较浅肤色、Microscope	MAN / LIGHT SKIN TONE / MICROSCOPE
912	👨🏼‍🔬	人物	肤色变体（右键）	👨🏼‍🔬	未直接列在现有 Emoji 网格	1f468-1f3fc-200d-1f52c.png	是	U+1F468 U+1F3FC U+200D U+1F52C	People & Body	person-role	fully-qualified	男性、中等偏浅肤色、Microscope	MAN / MEDIUM-LIGHT SKIN TONE / MICROSCOPE
913	👨🏽‍🔬	人物	肤色变体（右键）	👨🏽‍🔬	未直接列在现有 Emoji 网格	1f468-1f3fd-200d-1f52c.png	是	U+1F468 U+1F3FD U+200D U+1F52C	People & Body	person-role	fully-qualified	男性、中等肤色、Microscope	MAN / MEDIUM SKIN TONE / MICROSCOPE
914	👨🏾‍🔬	人物	肤色变体（右键）	👨🏾‍🔬	未直接列在现有 Emoji 网格	1f468-1f3fe-200d-1f52c.png	是	U+1F468 U+1F3FE U+200D U+1F52C	People & Body	person-role	fully-qualified	男性、中等偏深肤色、Microscope	MAN / MEDIUM-DARK SKIN TONE / MICROSCOPE
915	👨🏿‍🔬	人物	肤色变体（右键）	👨🏿‍🔬	未直接列在现有 Emoji 网格	1f468-1f3ff-200d-1f52c.png	是	U+1F468 U+1F3FF U+200D U+1F52C	People & Body	person-role	fully-qualified	男性、较深肤色、Microscope	MAN / DARK SKIN TONE / MICROSCOPE
916	👩‍🔬	人物	主网格	👩‍🔬	Emoji·表情与人物 / 第 12 行	1f469-200d-1f52c.png	是	U+1F469 U+200D U+1F52C	People & Body	person-role	fully-qualified	女科学家	WOMAN / MICROSCOPE
917	👩🏻‍🔬	人物	肤色变体（右键）	👩🏻‍🔬	未直接列在现有 Emoji 网格	1f469-1f3fb-200d-1f52c.png	是	U+1F469 U+1F3FB U+200D U+1F52C	People & Body	person-role	fully-qualified	女性、较浅肤色、Microscope	WOMAN / LIGHT SKIN TONE / MICROSCOPE
918	👩🏼‍🔬	人物	肤色变体（右键）	👩🏼‍🔬	未直接列在现有 Emoji 网格	1f469-1f3fc-200d-1f52c.png	是	U+1F469 U+1F3FC U+200D U+1F52C	People & Body	person-role	fully-qualified	女性、中等偏浅肤色、Microscope	WOMAN / MEDIUM-LIGHT SKIN TONE / MICROSCOPE
919	👩🏽‍🔬	人物	肤色变体（右键）	👩🏽‍🔬	未直接列在现有 Emoji 网格	1f469-1f3fd-200d-1f52c.png	是	U+1F469 U+1F3FD U+200D U+1F52C	People & Body	person-role	fully-qualified	女性、中等肤色、Microscope	WOMAN / MEDIUM SKIN TONE / MICROSCOPE
920	👩🏾‍🔬	人物	肤色变体（右键）	👩🏾‍🔬	未直接列在现有 Emoji 网格	1f469-1f3fe-200d-1f52c.png	是	U+1F469 U+1F3FE U+200D U+1F52C	People & Body	person-role	fully-qualified	女性、中等偏深肤色、Microscope	WOMAN / MEDIUM-DARK SKIN TONE / MICROSCOPE
921	👩🏿‍🔬	人物	肤色变体（右键）	👩🏿‍🔬	未直接列在现有 Emoji 网格	1f469-1f3ff-200d-1f52c.png	是	U+1F469 U+1F3FF U+200D U+1F52C	People & Body	person-role	fully-qualified	女性、较深肤色、Microscope	WOMAN / DARK SKIN TONE / MICROSCOPE
922	🧑‍💻	人物	主网格	🧑‍💻	Emoji·表情与人物 / 第 12 行	1f9d1-200d-1f4bb.png	是	U+1F9D1 U+200D U+1F4BB	People & Body	person-role	fully-qualified	程序员	ADULT / PERSONAL COMPUTER
923	🧑🏻‍💻	人物	肤色变体（右键）	🧑🏻‍💻	未直接列在现有 Emoji 网格	1f9d1-1f3fb-200d-1f4bb.png	是	U+1F9D1 U+1F3FB U+200D U+1F4BB	People & Body	person-role	fully-qualified	成年人、较浅肤色、个人电脑	ADULT / LIGHT SKIN TONE / PERSONAL COMPUTER
924	🧑🏼‍💻	人物	肤色变体（右键）	🧑🏼‍💻	未直接列在现有 Emoji 网格	1f9d1-1f3fc-200d-1f4bb.png	是	U+1F9D1 U+1F3FC U+200D U+1F4BB	People & Body	person-role	fully-qualified	成年人、中等偏浅肤色、个人电脑	ADULT / MEDIUM-LIGHT SKIN TONE / PERSONAL COMPUTER
925	🧑🏽‍💻	人物	肤色变体（右键）	🧑🏽‍💻	未直接列在现有 Emoji 网格	1f9d1-1f3fd-200d-1f4bb.png	是	U+1F9D1 U+1F3FD U+200D U+1F4BB	People & Body	person-role	fully-qualified	成年人、中等肤色、个人电脑	ADULT / MEDIUM SKIN TONE / PERSONAL COMPUTER
926	🧑🏾‍💻	人物	肤色变体（右键）	🧑🏾‍💻	未直接列在现有 Emoji 网格	1f9d1-1f3fe-200d-1f4bb.png	是	U+1F9D1 U+1F3FE U+200D U+1F4BB	People & Body	person-role	fully-qualified	成年人、中等偏深肤色、个人电脑	ADULT / MEDIUM-DARK SKIN TONE / PERSONAL COMPUTER
927	🧑🏿‍💻	人物	肤色变体（右键）	🧑🏿‍💻	未直接列在现有 Emoji 网格	1f9d1-1f3ff-200d-1f4bb.png	是	U+1F9D1 U+1F3FF U+200D U+1F4BB	People & Body	person-role	fully-qualified	成年人、较深肤色、个人电脑	ADULT / DARK SKIN TONE / PERSONAL COMPUTER
928	👨‍💻	人物	主网格	👨‍💻	Emoji·表情与人物 / 第 9 行	1f468-200d-1f4bb.png	是	U+1F468 U+200D U+1F4BB	People & Body	person-role	fully-qualified	男程序员	MAN / PERSONAL COMPUTER
929	👨🏻‍💻	人物	肤色变体（右键）	👨🏻‍💻	未直接列在现有 Emoji 网格	1f468-1f3fb-200d-1f4bb.png	是	U+1F468 U+1F3FB U+200D U+1F4BB	People & Body	person-role	fully-qualified	男性、较浅肤色、个人电脑	MAN / LIGHT SKIN TONE / PERSONAL COMPUTER
930	👨🏼‍💻	人物	肤色变体（右键）	👨🏼‍💻	未直接列在现有 Emoji 网格	1f468-1f3fc-200d-1f4bb.png	是	U+1F468 U+1F3FC U+200D U+1F4BB	People & Body	person-role	fully-qualified	男性、中等偏浅肤色、个人电脑	MAN / MEDIUM-LIGHT SKIN TONE / PERSONAL COMPUTER
931	👨🏽‍💻	人物	肤色变体（右键）	👨🏽‍💻	未直接列在现有 Emoji 网格	1f468-1f3fd-200d-1f4bb.png	是	U+1F468 U+1F3FD U+200D U+1F4BB	People & Body	person-role	fully-qualified	男性、中等肤色、个人电脑	MAN / MEDIUM SKIN TONE / PERSONAL COMPUTER
932	👨🏾‍💻	人物	肤色变体（右键）	👨🏾‍💻	未直接列在现有 Emoji 网格	1f468-1f3fe-200d-1f4bb.png	是	U+1F468 U+1F3FE U+200D U+1F4BB	People & Body	person-role	fully-qualified	男性、中等偏深肤色、个人电脑	MAN / MEDIUM-DARK SKIN TONE / PERSONAL COMPUTER
933	👨🏿‍💻	人物	肤色变体（右键）	👨🏿‍💻	未直接列在现有 Emoji 网格	1f468-1f3ff-200d-1f4bb.png	是	U+1F468 U+1F3FF U+200D U+1F4BB	People & Body	person-role	fully-qualified	男性、较深肤色、个人电脑	MAN / DARK SKIN TONE / PERSONAL COMPUTER
934	👩‍💻	人物	主网格	👩‍💻	Emoji·表情与人物 / 第 11 行	1f469-200d-1f4bb.png	是	U+1F469 U+200D U+1F4BB	People & Body	person-role	fully-qualified	女程序员	WOMAN / PERSONAL COMPUTER
935	👩🏻‍💻	人物	肤色变体（右键）	👩🏻‍💻	未直接列在现有 Emoji 网格	1f469-1f3fb-200d-1f4bb.png	是	U+1F469 U+1F3FB U+200D U+1F4BB	People & Body	person-role	fully-qualified	女性、较浅肤色、个人电脑	WOMAN / LIGHT SKIN TONE / PERSONAL COMPUTER
936	👩🏼‍💻	人物	肤色变体（右键）	👩🏼‍💻	未直接列在现有 Emoji 网格	1f469-1f3fc-200d-1f4bb.png	是	U+1F469 U+1F3FC U+200D U+1F4BB	People & Body	person-role	fully-qualified	女性、中等偏浅肤色、个人电脑	WOMAN / MEDIUM-LIGHT SKIN TONE / PERSONAL COMPUTER
937	👩🏽‍💻	人物	肤色变体（右键）	👩🏽‍💻	未直接列在现有 Emoji 网格	1f469-1f3fd-200d-1f4bb.png	是	U+1F469 U+1F3FD U+200D U+1F4BB	People & Body	person-role	fully-qualified	女性、中等肤色、个人电脑	WOMAN / MEDIUM SKIN TONE / PERSONAL COMPUTER
938	👩🏾‍💻	人物	肤色变体（右键）	👩🏾‍💻	未直接列在现有 Emoji 网格	1f469-1f3fe-200d-1f4bb.png	是	U+1F469 U+1F3FE U+200D U+1F4BB	People & Body	person-role	fully-qualified	女性、中等偏深肤色、个人电脑	WOMAN / MEDIUM-DARK SKIN TONE / PERSONAL COMPUTER
939	👩🏿‍💻	人物	肤色变体（右键）	👩🏿‍💻	未直接列在现有 Emoji 网格	1f469-1f3ff-200d-1f4bb.png	是	U+1F469 U+1F3FF U+200D U+1F4BB	People & Body	person-role	fully-qualified	女性、较深肤色、个人电脑	WOMAN / DARK SKIN TONE / PERSONAL COMPUTER
940	🧑‍🎤	人物	主网格	🧑‍🎤	Emoji·旅行与物品 / 设备与工具	1f9d1-200d-1f3a4.png	是	U+1F9D1 U+200D U+1F3A4	People & Body	person-role	fully-qualified	歌手	ADULT / MICROPHONE
941	🧑🏻‍🎤	人物	肤色变体（右键）	🧑🏻‍🎤	未直接列在现有 Emoji 网格	1f9d1-1f3fb-200d-1f3a4.png	是	U+1F9D1 U+1F3FB U+200D U+1F3A4	People & Body	person-role	fully-qualified	成年人、较浅肤色、Microphone	ADULT / LIGHT SKIN TONE / MICROPHONE
942	🧑🏼‍🎤	人物	肤色变体（右键）	🧑🏼‍🎤	未直接列在现有 Emoji 网格	1f9d1-1f3fc-200d-1f3a4.png	是	U+1F9D1 U+1F3FC U+200D U+1F3A4	People & Body	person-role	fully-qualified	成年人、中等偏浅肤色、Microphone	ADULT / MEDIUM-LIGHT SKIN TONE / MICROPHONE
943	🧑🏽‍🎤	人物	肤色变体（右键）	🧑🏽‍🎤	未直接列在现有 Emoji 网格	1f9d1-1f3fd-200d-1f3a4.png	是	U+1F9D1 U+1F3FD U+200D U+1F3A4	People & Body	person-role	fully-qualified	成年人、中等肤色、Microphone	ADULT / MEDIUM SKIN TONE / MICROPHONE
944	🧑🏾‍🎤	人物	肤色变体（右键）	🧑🏾‍🎤	未直接列在现有 Emoji 网格	1f9d1-1f3fe-200d-1f3a4.png	是	U+1F9D1 U+1F3FE U+200D U+1F3A4	People & Body	person-role	fully-qualified	成年人、中等偏深肤色、Microphone	ADULT / MEDIUM-DARK SKIN TONE / MICROPHONE
945	🧑🏿‍🎤	人物	肤色变体（右键）	🧑🏿‍🎤	未直接列在现有 Emoji 网格	1f9d1-1f3ff-200d-1f3a4.png	是	U+1F9D1 U+1F3FF U+200D U+1F3A4	People & Body	person-role	fully-qualified	成年人、较深肤色、Microphone	ADULT / DARK SKIN TONE / MICROPHONE
946	👨‍🎤	人物	主网格	👨‍🎤	Emoji·表情与人物 / 人物与角色	1f468-200d-1f3a4.png	是	U+1F468 U+200D U+1F3A4	People & Body	person-role	fully-qualified	男歌手	MAN / MICROPHONE
947	👨🏻‍🎤	人物	肤色变体（右键）	👨🏻‍🎤	未直接列在现有 Emoji 网格	1f468-1f3fb-200d-1f3a4.png	是	U+1F468 U+1F3FB U+200D U+1F3A4	People & Body	person-role	fully-qualified	男性、较浅肤色、Microphone	MAN / LIGHT SKIN TONE / MICROPHONE
948	👨🏼‍🎤	人物	肤色变体（右键）	👨🏼‍🎤	未直接列在现有 Emoji 网格	1f468-1f3fc-200d-1f3a4.png	是	U+1F468 U+1F3FC U+200D U+1F3A4	People & Body	person-role	fully-qualified	男性、中等偏浅肤色、Microphone	MAN / MEDIUM-LIGHT SKIN TONE / MICROPHONE
949	👨🏽‍🎤	人物	肤色变体（右键）	👨🏽‍🎤	未直接列在现有 Emoji 网格	1f468-1f3fd-200d-1f3a4.png	是	U+1F468 U+1F3FD U+200D U+1F3A4	People & Body	person-role	fully-qualified	男性、中等肤色、Microphone	MAN / MEDIUM SKIN TONE / MICROPHONE
950	👨🏾‍🎤	人物	肤色变体（右键）	👨🏾‍🎤	未直接列在现有 Emoji 网格	1f468-1f3fe-200d-1f3a4.png	是	U+1F468 U+1F3FE U+200D U+1F3A4	People & Body	person-role	fully-qualified	男性、中等偏深肤色、Microphone	MAN / MEDIUM-DARK SKIN TONE / MICROPHONE
951	👨🏿‍🎤	人物	肤色变体（右键）	👨🏿‍🎤	未直接列在现有 Emoji 网格	1f468-1f3ff-200d-1f3a4.png	是	U+1F468 U+1F3FF U+200D U+1F3A4	People & Body	person-role	fully-qualified	男性、较深肤色、Microphone	MAN / DARK SKIN TONE / MICROPHONE
952	👩‍🎤	人物	主网格	👩‍🎤	Emoji·表情与人物 / 第 11 行	1f469-200d-1f3a4.png	是	U+1F469 U+200D U+1F3A4	People & Body	person-role	fully-qualified	女歌手	WOMAN / MICROPHONE
953	👩🏻‍🎤	人物	肤色变体（右键）	👩🏻‍🎤	未直接列在现有 Emoji 网格	1f469-1f3fb-200d-1f3a4.png	是	U+1F469 U+1F3FB U+200D U+1F3A4	People & Body	person-role	fully-qualified	女性、较浅肤色、Microphone	WOMAN / LIGHT SKIN TONE / MICROPHONE
954	👩🏼‍🎤	人物	肤色变体（右键）	👩🏼‍🎤	未直接列在现有 Emoji 网格	1f469-1f3fc-200d-1f3a4.png	是	U+1F469 U+1F3FC U+200D U+1F3A4	People & Body	person-role	fully-qualified	女性、中等偏浅肤色、Microphone	WOMAN / MEDIUM-LIGHT SKIN TONE / MICROPHONE
955	👩🏽‍🎤	人物	肤色变体（右键）	👩🏽‍🎤	未直接列在现有 Emoji 网格	1f469-1f3fd-200d-1f3a4.png	是	U+1F469 U+1F3FD U+200D U+1F3A4	People & Body	person-role	fully-qualified	女性、中等肤色、Microphone	WOMAN / MEDIUM SKIN TONE / MICROPHONE
956	👩🏾‍🎤	人物	肤色变体（右键）	👩🏾‍🎤	未直接列在现有 Emoji 网格	1f469-1f3fe-200d-1f3a4.png	是	U+1F469 U+1F3FE U+200D U+1F3A4	People & Body	person-role	fully-qualified	女性、中等偏深肤色、Microphone	WOMAN / MEDIUM-DARK SKIN TONE / MICROPHONE
957	👩🏿‍🎤	人物	肤色变体（右键）	👩🏿‍🎤	未直接列在现有 Emoji 网格	1f469-1f3ff-200d-1f3a4.png	是	U+1F469 U+1F3FF U+200D U+1F3A4	People & Body	person-role	fully-qualified	女性、较深肤色、Microphone	WOMAN / DARK SKIN TONE / MICROPHONE
958	🧑‍🎨	人物	主网格	🧑‍🎨	Emoji·食物与活动 / 活动与娱乐	1f9d1-200d-1f3a8.png	是	U+1F9D1 U+200D U+1F3A8	People & Body	person-role	fully-qualified	艺术家	ADULT / ARTIST PALETTE
959	🧑🏻‍🎨	人物	肤色变体（右键）	🧑🏻‍🎨	未直接列在现有 Emoji 网格	1f9d1-1f3fb-200d-1f3a8.png	是	U+1F9D1 U+1F3FB U+200D U+1F3A8	People & Body	person-role	fully-qualified	成年人、较浅肤色、艺术家Palette	ADULT / LIGHT SKIN TONE / ARTIST PALETTE
960	🧑🏼‍🎨	人物	肤色变体（右键）	🧑🏼‍🎨	未直接列在现有 Emoji 网格	1f9d1-1f3fc-200d-1f3a8.png	是	U+1F9D1 U+1F3FC U+200D U+1F3A8	People & Body	person-role	fully-qualified	成年人、中等偏浅肤色、艺术家Palette	ADULT / MEDIUM-LIGHT SKIN TONE / ARTIST PALETTE
961	🧑🏽‍🎨	人物	肤色变体（右键）	🧑🏽‍🎨	未直接列在现有 Emoji 网格	1f9d1-1f3fd-200d-1f3a8.png	是	U+1F9D1 U+1F3FD U+200D U+1F3A8	People & Body	person-role	fully-qualified	成年人、中等肤色、艺术家Palette	ADULT / MEDIUM SKIN TONE / ARTIST PALETTE
962	🧑🏾‍🎨	人物	肤色变体（右键）	🧑🏾‍🎨	未直接列在现有 Emoji 网格	1f9d1-1f3fe-200d-1f3a8.png	是	U+1F9D1 U+1F3FE U+200D U+1F3A8	People & Body	person-role	fully-qualified	成年人、中等偏深肤色、艺术家Palette	ADULT / MEDIUM-DARK SKIN TONE / ARTIST PALETTE
963	🧑🏿‍🎨	人物	肤色变体（右键）	🧑🏿‍🎨	未直接列在现有 Emoji 网格	1f9d1-1f3ff-200d-1f3a8.png	是	U+1F9D1 U+1F3FF U+200D U+1F3A8	People & Body	person-role	fully-qualified	成年人、较深肤色、艺术家Palette	ADULT / DARK SKIN TONE / ARTIST PALETTE
964	👨‍🎨	人物	主网格	👨‍🎨	Emoji·表情与人物 / 人物与角色	1f468-200d-1f3a8.png	是	U+1F468 U+200D U+1F3A8	People & Body	person-role	fully-qualified	男艺术家	MAN / ARTIST PALETTE
965	👨🏻‍🎨	人物	肤色变体（右键）	👨🏻‍🎨	未直接列在现有 Emoji 网格	1f468-1f3fb-200d-1f3a8.png	是	U+1F468 U+1F3FB U+200D U+1F3A8	People & Body	person-role	fully-qualified	男性、较浅肤色、艺术家Palette	MAN / LIGHT SKIN TONE / ARTIST PALETTE
966	👨🏼‍🎨	人物	肤色变体（右键）	👨🏼‍🎨	未直接列在现有 Emoji 网格	1f468-1f3fc-200d-1f3a8.png	是	U+1F468 U+1F3FC U+200D U+1F3A8	People & Body	person-role	fully-qualified	男性、中等偏浅肤色、艺术家Palette	MAN / MEDIUM-LIGHT SKIN TONE / ARTIST PALETTE
967	👨🏽‍🎨	人物	肤色变体（右键）	👨🏽‍🎨	未直接列在现有 Emoji 网格	1f468-1f3fd-200d-1f3a8.png	是	U+1F468 U+1F3FD U+200D U+1F3A8	People & Body	person-role	fully-qualified	男性、中等肤色、艺术家Palette	MAN / MEDIUM SKIN TONE / ARTIST PALETTE
968	👨🏾‍🎨	人物	肤色变体（右键）	👨🏾‍🎨	未直接列在现有 Emoji 网格	1f468-1f3fe-200d-1f3a8.png	是	U+1F468 U+1F3FE U+200D U+1F3A8	People & Body	person-role	fully-qualified	男性、中等偏深肤色、艺术家Palette	MAN / MEDIUM-DARK SKIN TONE / ARTIST PALETTE
969	👨🏿‍🎨	人物	肤色变体（右键）	👨🏿‍🎨	未直接列在现有 Emoji 网格	1f468-1f3ff-200d-1f3a8.png	是	U+1F468 U+1F3FF U+200D U+1F3A8	People & Body	person-role	fully-qualified	男性、较深肤色、艺术家Palette	MAN / DARK SKIN TONE / ARTIST PALETTE
970	👩‍🎨	人物	主网格	👩‍🎨	Emoji·表情与人物 / 第 11 行	1f469-200d-1f3a8.png	是	U+1F469 U+200D U+1F3A8	People & Body	person-role	fully-qualified	女艺术家	WOMAN / ARTIST PALETTE
971	👩🏻‍🎨	人物	肤色变体（右键）	👩🏻‍🎨	未直接列在现有 Emoji 网格	1f469-1f3fb-200d-1f3a8.png	是	U+1F469 U+1F3FB U+200D U+1F3A8	People & Body	person-role	fully-qualified	女性、较浅肤色、艺术家Palette	WOMAN / LIGHT SKIN TONE / ARTIST PALETTE
972	👩🏼‍🎨	人物	肤色变体（右键）	👩🏼‍🎨	未直接列在现有 Emoji 网格	1f469-1f3fc-200d-1f3a8.png	是	U+1F469 U+1F3FC U+200D U+1F3A8	People & Body	person-role	fully-qualified	女性、中等偏浅肤色、艺术家Palette	WOMAN / MEDIUM-LIGHT SKIN TONE / ARTIST PALETTE
973	👩🏽‍🎨	人物	肤色变体（右键）	👩🏽‍🎨	未直接列在现有 Emoji 网格	1f469-1f3fd-200d-1f3a8.png	是	U+1F469 U+1F3FD U+200D U+1F3A8	People & Body	person-role	fully-qualified	女性、中等肤色、艺术家Palette	WOMAN / MEDIUM SKIN TONE / ARTIST PALETTE
974	👩🏾‍🎨	人物	肤色变体（右键）	👩🏾‍🎨	未直接列在现有 Emoji 网格	1f469-1f3fe-200d-1f3a8.png	是	U+1F469 U+1F3FE U+200D U+1F3A8	People & Body	person-role	fully-qualified	女性、中等偏深肤色、艺术家Palette	WOMAN / MEDIUM-DARK SKIN TONE / ARTIST PALETTE
975	👩🏿‍🎨	人物	肤色变体（右键）	👩🏿‍🎨	未直接列在现有 Emoji 网格	1f469-1f3ff-200d-1f3a8.png	是	U+1F469 U+1F3FF U+200D U+1F3A8	People & Body	person-role	fully-qualified	女性、较深肤色、艺术家Palette	WOMAN / DARK SKIN TONE / ARTIST PALETTE
976	🧑‍✈️	人物	主网格	🧑‍✈️	Emoji·旅行与物品 / 交通工具	1f9d1-200d-2708.png	是	U+1F9D1 U+200D U+2708 U+FE0F	People & Body	person-role	fully-qualified	飞行员	ADULT / AIRPLANE
977	🧑🏻‍✈️	人物	肤色变体（右键）	🧑🏻‍✈️	未直接列在现有 Emoji 网格	1f9d1-1f3fb-200d-2708.png	是	U+1F9D1 U+1F3FB U+200D U+2708 U+FE0F	People & Body	person-role	fully-qualified	成年人、较浅肤色、Airplane	ADULT / LIGHT SKIN TONE / AIRPLANE
978	🧑🏼‍✈️	人物	肤色变体（右键）	🧑🏼‍✈️	未直接列在现有 Emoji 网格	1f9d1-1f3fc-200d-2708.png	是	U+1F9D1 U+1F3FC U+200D U+2708 U+FE0F	People & Body	person-role	fully-qualified	成年人、中等偏浅肤色、Airplane	ADULT / MEDIUM-LIGHT SKIN TONE / AIRPLANE
979	🧑🏽‍✈️	人物	肤色变体（右键）	🧑🏽‍✈️	未直接列在现有 Emoji 网格	1f9d1-1f3fd-200d-2708.png	是	U+1F9D1 U+1F3FD U+200D U+2708 U+FE0F	People & Body	person-role	fully-qualified	成年人、中等肤色、Airplane	ADULT / MEDIUM SKIN TONE / AIRPLANE
980	🧑🏾‍✈️	人物	肤色变体（右键）	🧑🏾‍✈️	未直接列在现有 Emoji 网格	1f9d1-1f3fe-200d-2708.png	是	U+1F9D1 U+1F3FE U+200D U+2708 U+FE0F	People & Body	person-role	fully-qualified	成年人、中等偏深肤色、Airplane	ADULT / MEDIUM-DARK SKIN TONE / AIRPLANE
981	🧑🏿‍✈️	人物	肤色变体（右键）	🧑🏿‍✈️	未直接列在现有 Emoji 网格	1f9d1-1f3ff-200d-2708.png	是	U+1F9D1 U+1F3FF U+200D U+2708 U+FE0F	People & Body	person-role	fully-qualified	成年人、较深肤色、Airplane	ADULT / DARK SKIN TONE / AIRPLANE
982	👨‍✈️	人物	主网格	👨‍✈️	Emoji·表情与人物 / 人物与角色	1f468-200d-2708.png	是	U+1F468 U+200D U+2708 U+FE0F	People & Body	person-role	fully-qualified	男飞行员	MAN / AIRPLANE
983	👨🏻‍✈️	人物	肤色变体（右键）	👨🏻‍✈️	未直接列在现有 Emoji 网格	1f468-1f3fb-200d-2708.png	是	U+1F468 U+1F3FB U+200D U+2708 U+FE0F	People & Body	person-role	fully-qualified	男性、较浅肤色、Airplane	MAN / LIGHT SKIN TONE / AIRPLANE
984	👨🏼‍✈️	人物	肤色变体（右键）	👨🏼‍✈️	未直接列在现有 Emoji 网格	1f468-1f3fc-200d-2708.png	是	U+1F468 U+1F3FC U+200D U+2708 U+FE0F	People & Body	person-role	fully-qualified	男性、中等偏浅肤色、Airplane	MAN / MEDIUM-LIGHT SKIN TONE / AIRPLANE
985	👨🏽‍✈️	人物	肤色变体（右键）	👨🏽‍✈️	未直接列在现有 Emoji 网格	1f468-1f3fd-200d-2708.png	是	U+1F468 U+1F3FD U+200D U+2708 U+FE0F	People & Body	person-role	fully-qualified	男性、中等肤色、Airplane	MAN / MEDIUM SKIN TONE / AIRPLANE
986	👨🏾‍✈️	人物	肤色变体（右键）	👨🏾‍✈️	未直接列在现有 Emoji 网格	1f468-1f3fe-200d-2708.png	是	U+1F468 U+1F3FE U+200D U+2708 U+FE0F	People & Body	person-role	fully-qualified	男性、中等偏深肤色、Airplane	MAN / MEDIUM-DARK SKIN TONE / AIRPLANE
987	👨🏿‍✈️	人物	肤色变体（右键）	👨🏿‍✈️	未直接列在现有 Emoji 网格	1f468-1f3ff-200d-2708.png	是	U+1F468 U+1F3FF U+200D U+2708 U+FE0F	People & Body	person-role	fully-qualified	男性、较深肤色、Airplane	MAN / DARK SKIN TONE / AIRPLANE
988	👩‍✈️	人物	主网格	👩‍✈️	Emoji·表情与人物 / 第 13 行	1f469-200d-2708.png	是	U+1F469 U+200D U+2708 U+FE0F	People & Body	person-role	fully-qualified	女飞行员	WOMAN / AIRPLANE
989	👩🏻‍✈️	人物	肤色变体（右键）	👩🏻‍✈️	未直接列在现有 Emoji 网格	1f469-1f3fb-200d-2708.png	是	U+1F469 U+1F3FB U+200D U+2708 U+FE0F	People & Body	person-role	fully-qualified	女性、较浅肤色、Airplane	WOMAN / LIGHT SKIN TONE / AIRPLANE
990	👩🏼‍✈️	人物	肤色变体（右键）	👩🏼‍✈️	未直接列在现有 Emoji 网格	1f469-1f3fc-200d-2708.png	是	U+1F469 U+1F3FC U+200D U+2708 U+FE0F	People & Body	person-role	fully-qualified	女性、中等偏浅肤色、Airplane	WOMAN / MEDIUM-LIGHT SKIN TONE / AIRPLANE
991	👩🏽‍✈️	人物	肤色变体（右键）	👩🏽‍✈️	未直接列在现有 Emoji 网格	1f469-1f3fd-200d-2708.png	是	U+1F469 U+1F3FD U+200D U+2708 U+FE0F	People & Body	person-role	fully-qualified	女性、中等肤色、Airplane	WOMAN / MEDIUM SKIN TONE / AIRPLANE
992	👩🏾‍✈️	人物	肤色变体（右键）	👩🏾‍✈️	未直接列在现有 Emoji 网格	1f469-1f3fe-200d-2708.png	是	U+1F469 U+1F3FE U+200D U+2708 U+FE0F	People & Body	person-role	fully-qualified	女性、中等偏深肤色、Airplane	WOMAN / MEDIUM-DARK SKIN TONE / AIRPLANE
993	👩🏿‍✈️	人物	肤色变体（右键）	👩🏿‍✈️	未直接列在现有 Emoji 网格	1f469-1f3ff-200d-2708.png	是	U+1F469 U+1F3FF U+200D U+2708 U+FE0F	People & Body	person-role	fully-qualified	女性、较深肤色、Airplane	WOMAN / DARK SKIN TONE / AIRPLANE
994	🧑‍🚀	人物	主网格	🧑‍🚀	Emoji·旅行与物品 / 交通工具	1f9d1-200d-1f680.png	是	U+1F9D1 U+200D U+1F680	People & Body	person-role	fully-qualified	宇航员	ADULT / ROCKET
995	🧑🏻‍🚀	人物	肤色变体（右键）	🧑🏻‍🚀	未直接列在现有 Emoji 网格	1f9d1-1f3fb-200d-1f680.png	是	U+1F9D1 U+1F3FB U+200D U+1F680	People & Body	person-role	fully-qualified	成年人、较浅肤色、Rocket	ADULT / LIGHT SKIN TONE / ROCKET
996	🧑🏼‍🚀	人物	肤色变体（右键）	🧑🏼‍🚀	未直接列在现有 Emoji 网格	1f9d1-1f3fc-200d-1f680.png	是	U+1F9D1 U+1F3FC U+200D U+1F680	People & Body	person-role	fully-qualified	成年人、中等偏浅肤色、Rocket	ADULT / MEDIUM-LIGHT SKIN TONE / ROCKET
997	🧑🏽‍🚀	人物	肤色变体（右键）	🧑🏽‍🚀	未直接列在现有 Emoji 网格	1f9d1-1f3fd-200d-1f680.png	是	U+1F9D1 U+1F3FD U+200D U+1F680	People & Body	person-role	fully-qualified	成年人、中等肤色、Rocket	ADULT / MEDIUM SKIN TONE / ROCKET
998	🧑🏾‍🚀	人物	肤色变体（右键）	🧑🏾‍🚀	未直接列在现有 Emoji 网格	1f9d1-1f3fe-200d-1f680.png	是	U+1F9D1 U+1F3FE U+200D U+1F680	People & Body	person-role	fully-qualified	成年人、中等偏深肤色、Rocket	ADULT / MEDIUM-DARK SKIN TONE / ROCKET
999	🧑🏿‍🚀	人物	肤色变体（右键）	🧑🏿‍🚀	未直接列在现有 Emoji 网格	1f9d1-1f3ff-200d-1f680.png	是	U+1F9D1 U+1F3FF U+200D U+1F680	People & Body	person-role	fully-qualified	成年人、较深肤色、Rocket	ADULT / DARK SKIN TONE / ROCKET
1000	👨‍🚀	人物	主网格	👨‍🚀	Emoji·表情与人物 / 第 9 行	1f468-200d-1f680.png	是	U+1F468 U+200D U+1F680	People & Body	person-role	fully-qualified	男宇航员	MAN / ROCKET
1001	👨🏻‍🚀	人物	肤色变体（右键）	👨🏻‍🚀	未直接列在现有 Emoji 网格	1f468-1f3fb-200d-1f680.png	是	U+1F468 U+1F3FB U+200D U+1F680	People & Body	person-role	fully-qualified	男性、较浅肤色、Rocket	MAN / LIGHT SKIN TONE / ROCKET
1002	👨🏼‍🚀	人物	肤色变体（右键）	👨🏼‍🚀	未直接列在现有 Emoji 网格	1f468-1f3fc-200d-1f680.png	是	U+1F468 U+1F3FC U+200D U+1F680	People & Body	person-role	fully-qualified	男性、中等偏浅肤色、Rocket	MAN / MEDIUM-LIGHT SKIN TONE / ROCKET
1003	👨🏽‍🚀	人物	肤色变体（右键）	👨🏽‍🚀	未直接列在现有 Emoji 网格	1f468-1f3fd-200d-1f680.png	是	U+1F468 U+1F3FD U+200D U+1F680	People & Body	person-role	fully-qualified	男性、中等肤色、Rocket	MAN / MEDIUM SKIN TONE / ROCKET
1004	👨🏾‍🚀	人物	肤色变体（右键）	👨🏾‍🚀	未直接列在现有 Emoji 网格	1f468-1f3fe-200d-1f680.png	是	U+1F468 U+1F3FE U+200D U+1F680	People & Body	person-role	fully-qualified	男性、中等偏深肤色、Rocket	MAN / MEDIUM-DARK SKIN TONE / ROCKET
1005	👨🏿‍🚀	人物	肤色变体（右键）	👨🏿‍🚀	未直接列在现有 Emoji 网格	1f468-1f3ff-200d-1f680.png	是	U+1F468 U+1F3FF U+200D U+1F680	People & Body	person-role	fully-qualified	男性、较深肤色、Rocket	MAN / DARK SKIN TONE / ROCKET
1006	👩‍🚀	人物	主网格	👩‍🚀	Emoji·表情与人物 / 第 12 行	1f469-200d-1f680.png	是	U+1F469 U+200D U+1F680	People & Body	person-role	fully-qualified	女宇航员	WOMAN / ROCKET
1007	👩🏻‍🚀	人物	肤色变体（右键）	👩🏻‍🚀	未直接列在现有 Emoji 网格	1f469-1f3fb-200d-1f680.png	是	U+1F469 U+1F3FB U+200D U+1F680	People & Body	person-role	fully-qualified	女性、较浅肤色、Rocket	WOMAN / LIGHT SKIN TONE / ROCKET
1008	👩🏼‍🚀	人物	肤色变体（右键）	👩🏼‍🚀	未直接列在现有 Emoji 网格	1f469-1f3fc-200d-1f680.png	是	U+1F469 U+1F3FC U+200D U+1F680	People & Body	person-role	fully-qualified	女性、中等偏浅肤色、Rocket	WOMAN / MEDIUM-LIGHT SKIN TONE / ROCKET
1009	👩🏽‍🚀	人物	肤色变体（右键）	👩🏽‍🚀	未直接列在现有 Emoji 网格	1f469-1f3fd-200d-1f680.png	是	U+1F469 U+1F3FD U+200D U+1F680	People & Body	person-role	fully-qualified	女性、中等肤色、Rocket	WOMAN / MEDIUM SKIN TONE / ROCKET
1010	👩🏾‍🚀	人物	肤色变体（右键）	👩🏾‍🚀	未直接列在现有 Emoji 网格	1f469-1f3fe-200d-1f680.png	是	U+1F469 U+1F3FE U+200D U+1F680	People & Body	person-role	fully-qualified	女性、中等偏深肤色、Rocket	WOMAN / MEDIUM-DARK SKIN TONE / ROCKET
1011	👩🏿‍🚀	人物	肤色变体（右键）	👩🏿‍🚀	未直接列在现有 Emoji 网格	1f469-1f3ff-200d-1f680.png	是	U+1F469 U+1F3FF U+200D U+1F680	People & Body	person-role	fully-qualified	女性、较深肤色、Rocket	WOMAN / DARK SKIN TONE / ROCKET
1012	🧑‍🚒	人物	主网格	🧑‍🚒	Emoji·动物与自然 / 自然与其他	1f9d1-200d-1f692.png	是	U+1F9D1 U+200D U+1F692	People & Body	person-role	fully-qualified	消防员	ADULT / FIRE ENGINE
1013	🧑🏻‍🚒	人物	肤色变体（右键）	🧑🏻‍🚒	未直接列在现有 Emoji 网格	1f9d1-1f3fb-200d-1f692.png	是	U+1F9D1 U+1F3FB U+200D U+1F692	People & Body	person-role	fully-qualified	成年人、较浅肤色、FireEngine	ADULT / LIGHT SKIN TONE / FIRE ENGINE
1014	🧑🏼‍🚒	人物	肤色变体（右键）	🧑🏼‍🚒	未直接列在现有 Emoji 网格	1f9d1-1f3fc-200d-1f692.png	是	U+1F9D1 U+1F3FC U+200D U+1F692	People & Body	person-role	fully-qualified	成年人、中等偏浅肤色、FireEngine	ADULT / MEDIUM-LIGHT SKIN TONE / FIRE ENGINE
1015	🧑🏽‍🚒	人物	肤色变体（右键）	🧑🏽‍🚒	未直接列在现有 Emoji 网格	1f9d1-1f3fd-200d-1f692.png	是	U+1F9D1 U+1F3FD U+200D U+1F692	People & Body	person-role	fully-qualified	成年人、中等肤色、FireEngine	ADULT / MEDIUM SKIN TONE / FIRE ENGINE
1016	🧑🏾‍🚒	人物	肤色变体（右键）	🧑🏾‍🚒	未直接列在现有 Emoji 网格	1f9d1-1f3fe-200d-1f692.png	是	U+1F9D1 U+1F3FE U+200D U+1F692	People & Body	person-role	fully-qualified	成年人、中等偏深肤色、FireEngine	ADULT / MEDIUM-DARK SKIN TONE / FIRE ENGINE
1017	🧑🏿‍🚒	人物	肤色变体（右键）	🧑🏿‍🚒	未直接列在现有 Emoji 网格	1f9d1-1f3ff-200d-1f692.png	是	U+1F9D1 U+1F3FF U+200D U+1F692	People & Body	person-role	fully-qualified	成年人、较深肤色、FireEngine	ADULT / DARK SKIN TONE / FIRE ENGINE
1018	👨‍🚒	人物	主网格	👨‍🚒	Emoji·表情与人物 / 第 9 行	1f468-200d-1f692.png	是	U+1F468 U+200D U+1F692	People & Body	person-role	fully-qualified	男消防员	MAN / FIRE ENGINE
1019	👨🏻‍🚒	人物	肤色变体（右键）	👨🏻‍🚒	未直接列在现有 Emoji 网格	1f468-1f3fb-200d-1f692.png	是	U+1F468 U+1F3FB U+200D U+1F692	People & Body	person-role	fully-qualified	男性、较浅肤色、FireEngine	MAN / LIGHT SKIN TONE / FIRE ENGINE
1020	👨🏼‍🚒	人物	肤色变体（右键）	👨🏼‍🚒	未直接列在现有 Emoji 网格	1f468-1f3fc-200d-1f692.png	是	U+1F468 U+1F3FC U+200D U+1F692	People & Body	person-role	fully-qualified	男性、中等偏浅肤色、FireEngine	MAN / MEDIUM-LIGHT SKIN TONE / FIRE ENGINE
1021	👨🏽‍🚒	人物	肤色变体（右键）	👨🏽‍🚒	未直接列在现有 Emoji 网格	1f468-1f3fd-200d-1f692.png	是	U+1F468 U+1F3FD U+200D U+1F692	People & Body	person-role	fully-qualified	男性、中等肤色、FireEngine	MAN / MEDIUM SKIN TONE / FIRE ENGINE
1022	👨🏾‍🚒	人物	肤色变体（右键）	👨🏾‍🚒	未直接列在现有 Emoji 网格	1f468-1f3fe-200d-1f692.png	是	U+1F468 U+1F3FE U+200D U+1F692	People & Body	person-role	fully-qualified	男性、中等偏深肤色、FireEngine	MAN / MEDIUM-DARK SKIN TONE / FIRE ENGINE
1023	👨🏿‍🚒	人物	肤色变体（右键）	👨🏿‍🚒	未直接列在现有 Emoji 网格	1f468-1f3ff-200d-1f692.png	是	U+1F468 U+1F3FF U+200D U+1F692	People & Body	person-role	fully-qualified	男性、较深肤色、FireEngine	MAN / DARK SKIN TONE / FIRE ENGINE
1024	👩‍🚒	人物	主网格	👩‍🚒	Emoji·表情与人物 / 第 12 行	1f469-200d-1f692.png	是	U+1F469 U+200D U+1F692	People & Body	person-role	fully-qualified	女消防员	WOMAN / FIRE ENGINE
1025	👩🏻‍🚒	人物	肤色变体（右键）	👩🏻‍🚒	未直接列在现有 Emoji 网格	1f469-1f3fb-200d-1f692.png	是	U+1F469 U+1F3FB U+200D U+1F692	People & Body	person-role	fully-qualified	女性、较浅肤色、FireEngine	WOMAN / LIGHT SKIN TONE / FIRE ENGINE
1026	👩🏼‍🚒	人物	肤色变体（右键）	👩🏼‍🚒	未直接列在现有 Emoji 网格	1f469-1f3fc-200d-1f692.png	是	U+1F469 U+1F3FC U+200D U+1F692	People & Body	person-role	fully-qualified	女性、中等偏浅肤色、FireEngine	WOMAN / MEDIUM-LIGHT SKIN TONE / FIRE ENGINE
1027	👩🏽‍🚒	人物	肤色变体（右键）	👩🏽‍🚒	未直接列在现有 Emoji 网格	1f469-1f3fd-200d-1f692.png	是	U+1F469 U+1F3FD U+200D U+1F692	People & Body	person-role	fully-qualified	女性、中等肤色、FireEngine	WOMAN / MEDIUM SKIN TONE / FIRE ENGINE
1028	👩🏾‍🚒	人物	肤色变体（右键）	👩🏾‍🚒	未直接列在现有 Emoji 网格	1f469-1f3fe-200d-1f692.png	是	U+1F469 U+1F3FE U+200D U+1F692	People & Body	person-role	fully-qualified	女性、中等偏深肤色、FireEngine	WOMAN / MEDIUM-DARK SKIN TONE / FIRE ENGINE
1029	👩🏿‍🚒	人物	肤色变体（右键）	👩🏿‍🚒	未直接列在现有 Emoji 网格	1f469-1f3ff-200d-1f692.png	是	U+1F469 U+1F3FF U+200D U+1F692	People & Body	person-role	fully-qualified	女性、较深肤色、FireEngine	WOMAN / DARK SKIN TONE / FIRE ENGINE
1030	👮	人物	主网格	👮	Emoji·符号与旗帜 / 第 40 行	1f46e.png	是	U+1F46E	People & Body	person-role	fully-qualified	警察	POLICE OFFICER
1031	👮🏻	人物	肤色变体（右键）	👮🏻	未直接列在现有 Emoji 网格	1f46e-1f3fb.png	是	U+1F46E U+1F3FB	People & Body	person-role	fully-qualified	警察人员、较浅肤色	POLICE OFFICER / LIGHT SKIN TONE
1032	👮🏼	人物	肤色变体（右键）	👮🏼	未直接列在现有 Emoji 网格	1f46e-1f3fc.png	是	U+1F46E U+1F3FC	People & Body	person-role	fully-qualified	警察人员、中等偏浅肤色	POLICE OFFICER / MEDIUM-LIGHT SKIN TONE
1033	👮🏽	人物	肤色变体（右键）	👮🏽	未直接列在现有 Emoji 网格	1f46e-1f3fd.png	是	U+1F46E U+1F3FD	People & Body	person-role	fully-qualified	警察人员、中等肤色	POLICE OFFICER / MEDIUM SKIN TONE
1034	👮🏾	人物	肤色变体（右键）	👮🏾	未直接列在现有 Emoji 网格	1f46e-1f3fe.png	是	U+1F46E U+1F3FE	People & Body	person-role	fully-qualified	警察人员、中等偏深肤色	POLICE OFFICER / MEDIUM-DARK SKIN TONE
1035	👮🏿	人物	肤色变体（右键）	👮🏿	未直接列在现有 Emoji 网格	1f46e-1f3ff.png	是	U+1F46E U+1F3FF	People & Body	person-role	fully-qualified	警察人员、较深肤色	POLICE OFFICER / DARK SKIN TONE
1036	👮‍♂️	人物	主网格	👮‍♂️	Emoji·符号与旗帜 / 第 29 行	1f46e-200d-2642.png	是	U+1F46E U+200D U+2642 U+FE0F	People & Body	person-role	fully-qualified	男警察	POLICE OFFICER / MALE SIGN
1037	👮🏻‍♂️	人物	肤色变体（右键）	👮🏻‍♂️	未直接列在现有 Emoji 网格	1f46e-1f3fb-200d-2642.png	是	U+1F46E U+1F3FB U+200D U+2642 U+FE0F	People & Body	person-role	fully-qualified	警察人员、较浅肤色、男性符号	POLICE OFFICER / LIGHT SKIN TONE / MALE SIGN
1038	👮🏼‍♂️	人物	肤色变体（右键）	👮🏼‍♂️	未直接列在现有 Emoji 网格	1f46e-1f3fc-200d-2642.png	是	U+1F46E U+1F3FC U+200D U+2642 U+FE0F	People & Body	person-role	fully-qualified	警察人员、中等偏浅肤色、男性符号	POLICE OFFICER / MEDIUM-LIGHT SKIN TONE / MALE SIGN
1039	👮🏽‍♂️	人物	肤色变体（右键）	👮🏽‍♂️	未直接列在现有 Emoji 网格	1f46e-1f3fd-200d-2642.png	是	U+1F46E U+1F3FD U+200D U+2642 U+FE0F	People & Body	person-role	fully-qualified	警察人员、中等肤色、男性符号	POLICE OFFICER / MEDIUM SKIN TONE / MALE SIGN
1040	👮🏾‍♂️	人物	肤色变体（右键）	👮🏾‍♂️	未直接列在现有 Emoji 网格	1f46e-1f3fe-200d-2642.png	是	U+1F46E U+1F3FE U+200D U+2642 U+FE0F	People & Body	person-role	fully-qualified	警察人员、中等偏深肤色、男性符号	POLICE OFFICER / MEDIUM-DARK SKIN TONE / MALE SIGN
1041	👮🏿‍♂️	人物	肤色变体（右键）	👮🏿‍♂️	未直接列在现有 Emoji 网格	1f46e-1f3ff-200d-2642.png	是	U+1F46E U+1F3FF U+200D U+2642 U+FE0F	People & Body	person-role	fully-qualified	警察人员、较深肤色、男性符号	POLICE OFFICER / DARK SKIN TONE / MALE SIGN
1042	👮‍♀️	人物	主网格	👮‍♀️	Emoji·符号与旗帜 / 第 29 行	1f46e-200d-2640.png	是	U+1F46E U+200D U+2640 U+FE0F	People & Body	person-role	fully-qualified	女警察	POLICE OFFICER / FEMALE SIGN
1043	👮🏻‍♀️	人物	肤色变体（右键）	👮🏻‍♀️	未直接列在现有 Emoji 网格	1f46e-1f3fb-200d-2640.png	是	U+1F46E U+1F3FB U+200D U+2640 U+FE0F	People & Body	person-role	fully-qualified	警察人员、较浅肤色、女性符号	POLICE OFFICER / LIGHT SKIN TONE / FEMALE SIGN
1044	👮🏼‍♀️	人物	肤色变体（右键）	👮🏼‍♀️	未直接列在现有 Emoji 网格	1f46e-1f3fc-200d-2640.png	是	U+1F46E U+1F3FC U+200D U+2640 U+FE0F	People & Body	person-role	fully-qualified	警察人员、中等偏浅肤色、女性符号	POLICE OFFICER / MEDIUM-LIGHT SKIN TONE / FEMALE SIGN
1045	👮🏽‍♀️	人物	肤色变体（右键）	👮🏽‍♀️	未直接列在现有 Emoji 网格	1f46e-1f3fd-200d-2640.png	是	U+1F46E U+1F3FD U+200D U+2640 U+FE0F	People & Body	person-role	fully-qualified	警察人员、中等肤色、女性符号	POLICE OFFICER / MEDIUM SKIN TONE / FEMALE SIGN
1046	👮🏾‍♀️	人物	肤色变体（右键）	👮🏾‍♀️	未直接列在现有 Emoji 网格	1f46e-1f3fe-200d-2640.png	是	U+1F46E U+1F3FE U+200D U+2640 U+FE0F	People & Body	person-role	fully-qualified	警察人员、中等偏深肤色、女性符号	POLICE OFFICER / MEDIUM-DARK SKIN TONE / FEMALE SIGN
1047	👮🏿‍♀️	人物	肤色变体（右键）	👮🏿‍♀️	未直接列在现有 Emoji 网格	1f46e-1f3ff-200d-2640.png	是	U+1F46E U+1F3FF U+200D U+2640 U+FE0F	People & Body	person-role	fully-qualified	警察人员、较深肤色、女性符号	POLICE OFFICER / DARK SKIN TONE / FEMALE SIGN
1048	🕵️	人物	主网格	🕵️	Emoji·符号与旗帜 / 第 42 行	1f575.png	是	U+1F575 U+FE0F	People & Body	person-role	fully-qualified	侦探	SLEUTH OR SPY
1049	🕵	人物	呈现别名（不重复显示）	🕵️	Emoji·符号与旗帜 / 第 42 行	1f575.png	是	U+1F575	People & Body	person-role	unqualified	侦探	SLEUTH OR SPY
1050	🕵🏻	人物	肤色变体（右键）	🕵🏻	未直接列在现有 Emoji 网格	1f575-1f3fb.png	是	U+1F575 U+1F3FB	People & Body	person-role	fully-qualified	Sleuth或Spy、较浅肤色	SLEUTH OR SPY / LIGHT SKIN TONE
1051	🕵🏼	人物	肤色变体（右键）	🕵🏼	未直接列在现有 Emoji 网格	1f575-1f3fc.png	是	U+1F575 U+1F3FC	People & Body	person-role	fully-qualified	Sleuth或Spy、中等偏浅肤色	SLEUTH OR SPY / MEDIUM-LIGHT SKIN TONE
1052	🕵🏽	人物	肤色变体（右键）	🕵🏽	未直接列在现有 Emoji 网格	1f575-1f3fd.png	是	U+1F575 U+1F3FD	People & Body	person-role	fully-qualified	Sleuth或Spy、中等肤色	SLEUTH OR SPY / MEDIUM SKIN TONE
1053	🕵🏾	人物	肤色变体（右键）	🕵🏾	未直接列在现有 Emoji 网格	1f575-1f3fe.png	是	U+1F575 U+1F3FE	People & Body	person-role	fully-qualified	Sleuth或Spy、中等偏深肤色	SLEUTH OR SPY / MEDIUM-DARK SKIN TONE
1054	🕵🏿	人物	肤色变体（右键）	🕵🏿	未直接列在现有 Emoji 网格	1f575-1f3ff.png	是	U+1F575 U+1F3FF	People & Body	person-role	fully-qualified	Sleuth或Spy、较深肤色	SLEUTH OR SPY / DARK SKIN TONE
1055	🕵️‍♂️	人物	主网格	🕵️‍♂️	Emoji·符号与旗帜 / 第 33 行	1f575-200d-2642.png	是	U+1F575 U+FE0F U+200D U+2642 U+FE0F	People & Body	person-role	fully-qualified	男侦探	SLEUTH OR SPY / MALE SIGN
1056	🕵🏻‍♂️	人物	肤色变体（右键）	🕵🏻‍♂️	Emoji·符号与旗帜 / 第 33 行	1f575-1f3fb-200d-2642.png	是	U+1F575 U+1F3FB U+200D U+2642 U+FE0F	People & Body	person-role	fully-qualified	Sleuth或Spy、较浅肤色、男性符号	SLEUTH OR SPY / LIGHT SKIN TONE / MALE SIGN
1057	🕵🏼‍♂️	人物	肤色变体（右键）	🕵🏼‍♂️	未直接列在现有 Emoji 网格	1f575-1f3fc-200d-2642.png	是	U+1F575 U+1F3FC U+200D U+2642 U+FE0F	People & Body	person-role	fully-qualified	Sleuth或Spy、中等偏浅肤色、男性符号	SLEUTH OR SPY / MEDIUM-LIGHT SKIN TONE / MALE SIGN
1058	🕵🏽‍♂️	人物	肤色变体（右键）	🕵🏽‍♂️	未直接列在现有 Emoji 网格	1f575-1f3fd-200d-2642.png	是	U+1F575 U+1F3FD U+200D U+2642 U+FE0F	People & Body	person-role	fully-qualified	Sleuth或Spy、中等肤色、男性符号	SLEUTH OR SPY / MEDIUM SKIN TONE / MALE SIGN
1059	🕵🏾‍♂️	人物	肤色变体（右键）	🕵🏾‍♂️	未直接列在现有 Emoji 网格	1f575-1f3fe-200d-2642.png	是	U+1F575 U+1F3FE U+200D U+2642 U+FE0F	People & Body	person-role	fully-qualified	Sleuth或Spy、中等偏深肤色、男性符号	SLEUTH OR SPY / MEDIUM-DARK SKIN TONE / MALE SIGN
1060	🕵🏿‍♂️	人物	肤色变体（右键）	🕵🏿‍♂️	未直接列在现有 Emoji 网格	1f575-1f3ff-200d-2642.png	是	U+1F575 U+1F3FF U+200D U+2642 U+FE0F	People & Body	person-role	fully-qualified	Sleuth或Spy、较深肤色、男性符号	SLEUTH OR SPY / DARK SKIN TONE / MALE SIGN
1061	🕵️‍♀️	人物	主网格	🕵️‍♀️	Emoji·符号与旗帜 / 第 33 行	1f575-200d-2640.png	是	U+1F575 U+FE0F U+200D U+2640 U+FE0F	People & Body	person-role	fully-qualified	女侦探	SLEUTH OR SPY / FEMALE SIGN
1062	🕵🏻‍♀️	人物	肤色变体（右键）	🕵🏻‍♀️	Emoji·符号与旗帜 / 第 33 行	1f575-1f3fb-200d-2640.png	是	U+1F575 U+1F3FB U+200D U+2640 U+FE0F	People & Body	person-role	fully-qualified	Sleuth或Spy、较浅肤色、女性符号	SLEUTH OR SPY / LIGHT SKIN TONE / FEMALE SIGN
1063	🕵🏼‍♀️	人物	肤色变体（右键）	🕵🏼‍♀️	未直接列在现有 Emoji 网格	1f575-1f3fc-200d-2640.png	是	U+1F575 U+1F3FC U+200D U+2640 U+FE0F	People & Body	person-role	fully-qualified	Sleuth或Spy、中等偏浅肤色、女性符号	SLEUTH OR SPY / MEDIUM-LIGHT SKIN TONE / FEMALE SIGN
1064	🕵🏽‍♀️	人物	肤色变体（右键）	🕵🏽‍♀️	未直接列在现有 Emoji 网格	1f575-1f3fd-200d-2640.png	是	U+1F575 U+1F3FD U+200D U+2640 U+FE0F	People & Body	person-role	fully-qualified	Sleuth或Spy、中等肤色、女性符号	SLEUTH OR SPY / MEDIUM SKIN TONE / FEMALE SIGN
1065	🕵🏾‍♀️	人物	肤色变体（右键）	🕵🏾‍♀️	未直接列在现有 Emoji 网格	1f575-1f3fe-200d-2640.png	是	U+1F575 U+1F3FE U+200D U+2640 U+FE0F	People & Body	person-role	fully-qualified	Sleuth或Spy、中等偏深肤色、女性符号	SLEUTH OR SPY / MEDIUM-DARK SKIN TONE / FEMALE SIGN
1066	🕵🏿‍♀️	人物	肤色变体（右键）	🕵🏿‍♀️	未直接列在现有 Emoji 网格	1f575-1f3ff-200d-2640.png	是	U+1F575 U+1F3FF U+200D U+2640 U+FE0F	People & Body	person-role	fully-qualified	Sleuth或Spy、较深肤色、女性符号	SLEUTH OR SPY / DARK SKIN TONE / FEMALE SIGN
1067	💂	人物	主网格	💂	Emoji·表情与人物 / 第 17 行	1f482.png	是	U+1F482	People & Body	person-role	fully-qualified	卫兵	GUARDSMAN
1068	💂🏻	人物	肤色变体（右键）	💂🏻	未直接列在现有 Emoji 网格	1f482-1f3fb.png	是	U+1F482 U+1F3FB	People & Body	person-role	fully-qualified	Guardsman、较浅肤色	GUARDSMAN / LIGHT SKIN TONE
1069	💂🏼	人物	肤色变体（右键）	💂🏼	未直接列在现有 Emoji 网格	1f482-1f3fc.png	是	U+1F482 U+1F3FC	People & Body	person-role	fully-qualified	Guardsman、中等偏浅肤色	GUARDSMAN / MEDIUM-LIGHT SKIN TONE
1070	💂🏽	人物	肤色变体（右键）	💂🏽	未直接列在现有 Emoji 网格	1f482-1f3fd.png	是	U+1F482 U+1F3FD	People & Body	person-role	fully-qualified	Guardsman、中等肤色	GUARDSMAN / MEDIUM SKIN TONE
1071	💂🏾	人物	肤色变体（右键）	💂🏾	未直接列在现有 Emoji 网格	1f482-1f3fe.png	是	U+1F482 U+1F3FE	People & Body	person-role	fully-qualified	Guardsman、中等偏深肤色	GUARDSMAN / MEDIUM-DARK SKIN TONE
1072	💂🏿	人物	肤色变体（右键）	💂🏿	未直接列在现有 Emoji 网格	1f482-1f3ff.png	是	U+1F482 U+1F3FF	People & Body	person-role	fully-qualified	Guardsman、较深肤色	GUARDSMAN / DARK SKIN TONE
1073	💂‍♂️	人物	主网格	💂‍♂️	Emoji·表情与人物 / 第 14 行	1f482-200d-2642.png	是	U+1F482 U+200D U+2642 U+FE0F	People & Body	person-role	fully-qualified	男卫兵	GUARDSMAN / MALE SIGN
1074	💂🏻‍♂️	人物	肤色变体（右键）	💂🏻‍♂️	未直接列在现有 Emoji 网格	1f482-1f3fb-200d-2642.png	是	U+1F482 U+1F3FB U+200D U+2642 U+FE0F	People & Body	person-role	fully-qualified	Guardsman、较浅肤色、男性符号	GUARDSMAN / LIGHT SKIN TONE / MALE SIGN
1075	💂🏼‍♂️	人物	肤色变体（右键）	💂🏼‍♂️	未直接列在现有 Emoji 网格	1f482-1f3fc-200d-2642.png	是	U+1F482 U+1F3FC U+200D U+2642 U+FE0F	People & Body	person-role	fully-qualified	Guardsman、中等偏浅肤色、男性符号	GUARDSMAN / MEDIUM-LIGHT SKIN TONE / MALE SIGN
1076	💂🏽‍♂️	人物	肤色变体（右键）	💂🏽‍♂️	未直接列在现有 Emoji 网格	1f482-1f3fd-200d-2642.png	是	U+1F482 U+1F3FD U+200D U+2642 U+FE0F	People & Body	person-role	fully-qualified	Guardsman、中等肤色、男性符号	GUARDSMAN / MEDIUM SKIN TONE / MALE SIGN
1077	💂🏾‍♂️	人物	肤色变体（右键）	💂🏾‍♂️	未直接列在现有 Emoji 网格	1f482-1f3fe-200d-2642.png	是	U+1F482 U+1F3FE U+200D U+2642 U+FE0F	People & Body	person-role	fully-qualified	Guardsman、中等偏深肤色、男性符号	GUARDSMAN / MEDIUM-DARK SKIN TONE / MALE SIGN
1078	💂🏿‍♂️	人物	肤色变体（右键）	💂🏿‍♂️	未直接列在现有 Emoji 网格	1f482-1f3ff-200d-2642.png	是	U+1F482 U+1F3FF U+200D U+2642 U+FE0F	People & Body	person-role	fully-qualified	Guardsman、较深肤色、男性符号	GUARDSMAN / DARK SKIN TONE / MALE SIGN
1079	💂‍♀️	人物	主网格	💂‍♀️	Emoji·表情与人物 / 第 14 行	1f482-200d-2640.png	是	U+1F482 U+200D U+2640 U+FE0F	People & Body	person-role	fully-qualified	女卫兵	GUARDSMAN / FEMALE SIGN
1080	💂🏻‍♀️	人物	肤色变体（右键）	💂🏻‍♀️	未直接列在现有 Emoji 网格	1f482-1f3fb-200d-2640.png	是	U+1F482 U+1F3FB U+200D U+2640 U+FE0F	People & Body	person-role	fully-qualified	Guardsman、较浅肤色、女性符号	GUARDSMAN / LIGHT SKIN TONE / FEMALE SIGN
1081	💂🏼‍♀️	人物	肤色变体（右键）	💂🏼‍♀️	未直接列在现有 Emoji 网格	1f482-1f3fc-200d-2640.png	是	U+1F482 U+1F3FC U+200D U+2640 U+FE0F	People & Body	person-role	fully-qualified	Guardsman、中等偏浅肤色、女性符号	GUARDSMAN / MEDIUM-LIGHT SKIN TONE / FEMALE SIGN
1082	💂🏽‍♀️	人物	肤色变体（右键）	💂🏽‍♀️	未直接列在现有 Emoji 网格	1f482-1f3fd-200d-2640.png	是	U+1F482 U+1F3FD U+200D U+2640 U+FE0F	People & Body	person-role	fully-qualified	Guardsman、中等肤色、女性符号	GUARDSMAN / MEDIUM SKIN TONE / FEMALE SIGN
1083	💂🏾‍♀️	人物	肤色变体（右键）	💂🏾‍♀️	未直接列在现有 Emoji 网格	1f482-1f3fe-200d-2640.png	是	U+1F482 U+1F3FE U+200D U+2640 U+FE0F	People & Body	person-role	fully-qualified	Guardsman、中等偏深肤色、女性符号	GUARDSMAN / MEDIUM-DARK SKIN TONE / FEMALE SIGN
1084	💂🏿‍♀️	人物	肤色变体（右键）	💂🏿‍♀️	未直接列在现有 Emoji 网格	1f482-1f3ff-200d-2640.png	是	U+1F482 U+1F3FF U+200D U+2640 U+FE0F	People & Body	person-role	fully-qualified	Guardsman、较深肤色、女性符号	GUARDSMAN / DARK SKIN TONE / FEMALE SIGN
1085	🥷	人物	主网格	🥷	Emoji·符号与旗帜 / 第 44 行	1f977.png	是	U+1F977	People & Body	person-role	fully-qualified	忍者	NINJA
1086	🥷🏻	人物	肤色变体（右键）	🥷🏻	未直接列在现有 Emoji 网格	1f977-1f3fb.png	是	U+1F977 U+1F3FB	People & Body	person-role	fully-qualified	Ninja、较浅肤色	NINJA / LIGHT SKIN TONE
1087	🥷🏼	人物	肤色变体（右键）	🥷🏼	未直接列在现有 Emoji 网格	1f977-1f3fc.png	是	U+1F977 U+1F3FC	People & Body	person-role	fully-qualified	Ninja、中等偏浅肤色	NINJA / MEDIUM-LIGHT SKIN TONE
1088	🥷🏽	人物	肤色变体（右键）	🥷🏽	未直接列在现有 Emoji 网格	1f977-1f3fd.png	是	U+1F977 U+1F3FD	People & Body	person-role	fully-qualified	Ninja、中等肤色	NINJA / MEDIUM SKIN TONE
1089	🥷🏾	人物	肤色变体（右键）	🥷🏾	未直接列在现有 Emoji 网格	1f977-1f3fe.png	是	U+1F977 U+1F3FE	People & Body	person-role	fully-qualified	Ninja、中等偏深肤色	NINJA / MEDIUM-DARK SKIN TONE
1090	🥷🏿	人物	肤色变体（右键）	🥷🏿	未直接列在现有 Emoji 网格	1f977-1f3ff.png	是	U+1F977 U+1F3FF	People & Body	person-role	fully-qualified	Ninja、较深肤色	NINJA / DARK SKIN TONE
1091	👷	人物	主网格	👷	Emoji·符号与旗帜 / 第 40 行	1f477.png	是	U+1F477	People & Body	person-role	fully-qualified	建筑工人	CONSTRUCTION WORKER
1092	👷🏻	人物	肤色变体（右键）	👷🏻	未直接列在现有 Emoji 网格	1f477-1f3fb.png	是	U+1F477 U+1F3FB	People & Body	person-role	fully-qualified	Construction工作人员、较浅肤色	CONSTRUCTION WORKER / LIGHT SKIN TONE
1093	👷🏼	人物	肤色变体（右键）	👷🏼	未直接列在现有 Emoji 网格	1f477-1f3fc.png	是	U+1F477 U+1F3FC	People & Body	person-role	fully-qualified	Construction工作人员、中等偏浅肤色	CONSTRUCTION WORKER / MEDIUM-LIGHT SKIN TONE
1094	👷🏽	人物	肤色变体（右键）	👷🏽	未直接列在现有 Emoji 网格	1f477-1f3fd.png	是	U+1F477 U+1F3FD	People & Body	person-role	fully-qualified	Construction工作人员、中等肤色	CONSTRUCTION WORKER / MEDIUM SKIN TONE
1095	👷🏾	人物	肤色变体（右键）	👷🏾	未直接列在现有 Emoji 网格	1f477-1f3fe.png	是	U+1F477 U+1F3FE	People & Body	person-role	fully-qualified	Construction工作人员、中等偏深肤色	CONSTRUCTION WORKER / MEDIUM-DARK SKIN TONE
1096	👷🏿	人物	肤色变体（右键）	👷🏿	未直接列在现有 Emoji 网格	1f477-1f3ff.png	是	U+1F477 U+1F3FF	People & Body	person-role	fully-qualified	Construction工作人员、较深肤色	CONSTRUCTION WORKER / DARK SKIN TONE
1097	👷‍♂️	人物	主网格	👷‍♂️	Emoji·符号与旗帜 / 第 29 行	1f477-200d-2642.png	是	U+1F477 U+200D U+2642 U+FE0F	People & Body	person-role	fully-qualified	男建筑工人	CONSTRUCTION WORKER / MALE SIGN
1098	👷🏻‍♂️	人物	肤色变体（右键）	👷🏻‍♂️	未直接列在现有 Emoji 网格	1f477-1f3fb-200d-2642.png	是	U+1F477 U+1F3FB U+200D U+2642 U+FE0F	People & Body	person-role	fully-qualified	Construction工作人员、较浅肤色、男性符号	CONSTRUCTION WORKER / LIGHT SKIN TONE / MALE SIGN
1099	👷🏼‍♂️	人物	肤色变体（右键）	👷🏼‍♂️	未直接列在现有 Emoji 网格	1f477-1f3fc-200d-2642.png	是	U+1F477 U+1F3FC U+200D U+2642 U+FE0F	People & Body	person-role	fully-qualified	Construction工作人员、中等偏浅肤色、男性符号	CONSTRUCTION WORKER / MEDIUM-LIGHT SKIN TONE / MALE SIGN
1100	👷🏽‍♂️	人物	肤色变体（右键）	👷🏽‍♂️	未直接列在现有 Emoji 网格	1f477-1f3fd-200d-2642.png	是	U+1F477 U+1F3FD U+200D U+2642 U+FE0F	People & Body	person-role	fully-qualified	Construction工作人员、中等肤色、男性符号	CONSTRUCTION WORKER / MEDIUM SKIN TONE / MALE SIGN
1101	👷🏾‍♂️	人物	肤色变体（右键）	👷🏾‍♂️	未直接列在现有 Emoji 网格	1f477-1f3fe-200d-2642.png	是	U+1F477 U+1F3FE U+200D U+2642 U+FE0F	People & Body	person-role	fully-qualified	Construction工作人员、中等偏深肤色、男性符号	CONSTRUCTION WORKER / MEDIUM-DARK SKIN TONE / MALE SIGN
1102	👷🏿‍♂️	人物	肤色变体（右键）	👷🏿‍♂️	未直接列在现有 Emoji 网格	1f477-1f3ff-200d-2642.png	是	U+1F477 U+1F3FF U+200D U+2642 U+FE0F	People & Body	person-role	fully-qualified	Construction工作人员、较深肤色、男性符号	CONSTRUCTION WORKER / DARK SKIN TONE / MALE SIGN
1103	👷‍♀️	人物	主网格	👷‍♀️	Emoji·符号与旗帜 / 第 29 行	1f477-200d-2640.png	是	U+1F477 U+200D U+2640 U+FE0F	People & Body	person-role	fully-qualified	女建筑工人	CONSTRUCTION WORKER / FEMALE SIGN
1104	👷🏻‍♀️	人物	肤色变体（右键）	👷🏻‍♀️	未直接列在现有 Emoji 网格	1f477-1f3fb-200d-2640.png	是	U+1F477 U+1F3FB U+200D U+2640 U+FE0F	People & Body	person-role	fully-qualified	Construction工作人员、较浅肤色、女性符号	CONSTRUCTION WORKER / LIGHT SKIN TONE / FEMALE SIGN
1105	👷🏼‍♀️	人物	肤色变体（右键）	👷🏼‍♀️	未直接列在现有 Emoji 网格	1f477-1f3fc-200d-2640.png	是	U+1F477 U+1F3FC U+200D U+2640 U+FE0F	People & Body	person-role	fully-qualified	Construction工作人员、中等偏浅肤色、女性符号	CONSTRUCTION WORKER / MEDIUM-LIGHT SKIN TONE / FEMALE SIGN
1106	👷🏽‍♀️	人物	肤色变体（右键）	👷🏽‍♀️	未直接列在现有 Emoji 网格	1f477-1f3fd-200d-2640.png	是	U+1F477 U+1F3FD U+200D U+2640 U+FE0F	People & Body	person-role	fully-qualified	Construction工作人员、中等肤色、女性符号	CONSTRUCTION WORKER / MEDIUM SKIN TONE / FEMALE SIGN
1107	👷🏾‍♀️	人物	肤色变体（右键）	👷🏾‍♀️	未直接列在现有 Emoji 网格	1f477-1f3fe-200d-2640.png	是	U+1F477 U+1F3FE U+200D U+2640 U+FE0F	People & Body	person-role	fully-qualified	Construction工作人员、中等偏深肤色、女性符号	CONSTRUCTION WORKER / MEDIUM-DARK SKIN TONE / FEMALE SIGN
1108	👷🏿‍♀️	人物	肤色变体（右键）	👷🏿‍♀️	未直接列在现有 Emoji 网格	1f477-1f3ff-200d-2640.png	是	U+1F477 U+1F3FF U+200D U+2640 U+FE0F	People & Body	person-role	fully-qualified	Construction工作人员、较深肤色、女性符号	CONSTRUCTION WORKER / DARK SKIN TONE / FEMALE SIGN
1109	🫅	人物	主网格	🫅	Emoji·表情与人物 / 第 21 行	1fac5.png	是	U+1FAC5	People & Body	person-role	fully-qualified	戴王冠的人	PERSON WITH CROWN
1110	🤴	人物	主网格	🤴	Emoji·符号与旗帜 / 第 43 行	1f934.png	是	U+1F934	People & Body	person-role	fully-qualified	王子	PRINCE
1111	🤴🏻	人物	肤色变体（右键）	🤴🏻	未直接列在现有 Emoji 网格	1f934-1f3fb.png	是	U+1F934 U+1F3FB	People & Body	person-role	fully-qualified	Prince、较浅肤色	PRINCE / LIGHT SKIN TONE
1112	🤴🏼	人物	肤色变体（右键）	🤴🏼	未直接列在现有 Emoji 网格	1f934-1f3fc.png	是	U+1F934 U+1F3FC	People & Body	person-role	fully-qualified	Prince、中等偏浅肤色	PRINCE / MEDIUM-LIGHT SKIN TONE
1113	🤴🏽	人物	肤色变体（右键）	🤴🏽	未直接列在现有 Emoji 网格	1f934-1f3fd.png	是	U+1F934 U+1F3FD	People & Body	person-role	fully-qualified	Prince、中等肤色	PRINCE / MEDIUM SKIN TONE
1114	🤴🏾	人物	肤色变体（右键）	🤴🏾	未直接列在现有 Emoji 网格	1f934-1f3fe.png	是	U+1F934 U+1F3FE	People & Body	person-role	fully-qualified	Prince、中等偏深肤色	PRINCE / MEDIUM-DARK SKIN TONE
1115	🤴🏿	人物	肤色变体（右键）	🤴🏿	未直接列在现有 Emoji 网格	1f934-1f3ff.png	是	U+1F934 U+1F3FF	People & Body	person-role	fully-qualified	Prince、较深肤色	PRINCE / DARK SKIN TONE
1116	👸	人物	主网格	👸	Emoji·符号与旗帜 / 第 42 行	1f478.png	是	U+1F478	People & Body	person-role	fully-qualified	公主	PRINCESS
1117	👸🏻	人物	肤色变体（右键）	👸🏻	未直接列在现有 Emoji 网格	1f478-1f3fb.png	是	U+1F478 U+1F3FB	People & Body	person-role	fully-qualified	Princess、较浅肤色	PRINCESS / LIGHT SKIN TONE
1118	👸🏼	人物	肤色变体（右键）	👸🏼	未直接列在现有 Emoji 网格	1f478-1f3fc.png	是	U+1F478 U+1F3FC	People & Body	person-role	fully-qualified	Princess、中等偏浅肤色	PRINCESS / MEDIUM-LIGHT SKIN TONE
1119	👸🏽	人物	肤色变体（右键）	👸🏽	未直接列在现有 Emoji 网格	1f478-1f3fd.png	是	U+1F478 U+1F3FD	People & Body	person-role	fully-qualified	Princess、中等肤色	PRINCESS / MEDIUM SKIN TONE
1120	👸🏾	人物	肤色变体（右键）	👸🏾	未直接列在现有 Emoji 网格	1f478-1f3fe.png	是	U+1F478 U+1F3FE	People & Body	person-role	fully-qualified	Princess、中等偏深肤色	PRINCESS / MEDIUM-DARK SKIN TONE
1121	👸🏿	人物	肤色变体（右键）	👸🏿	未直接列在现有 Emoji 网格	1f478-1f3ff.png	是	U+1F478 U+1F3FF	People & Body	person-role	fully-qualified	Princess、较深肤色	PRINCESS / DARK SKIN TONE
1122	👳	人物	主网格	👳	Emoji·表情与人物 / 第 17 行	1f473.png	是	U+1F473	People & Body	person-role	fully-qualified	戴头巾的人	MAN WITH TURBAN
1123	👳🏻	人物	肤色变体（右键）	👳🏻	未直接列在现有 Emoji 网格	1f473-1f3fb.png	是	U+1F473 U+1F3FB	People & Body	person-role	fully-qualified	男性带Turban、较浅肤色	MAN WITH TURBAN / LIGHT SKIN TONE
1124	👳🏼	人物	肤色变体（右键）	👳🏼	未直接列在现有 Emoji 网格	1f473-1f3fc.png	是	U+1F473 U+1F3FC	People & Body	person-role	fully-qualified	男性带Turban、中等偏浅肤色	MAN WITH TURBAN / MEDIUM-LIGHT SKIN TONE
1125	👳🏽	人物	肤色变体（右键）	👳🏽	未直接列在现有 Emoji 网格	1f473-1f3fd.png	是	U+1F473 U+1F3FD	People & Body	person-role	fully-qualified	男性带Turban、中等肤色	MAN WITH TURBAN / MEDIUM SKIN TONE
1126	👳🏾	人物	肤色变体（右键）	👳🏾	未直接列在现有 Emoji 网格	1f473-1f3fe.png	是	U+1F473 U+1F3FE	People & Body	person-role	fully-qualified	男性带Turban、中等偏深肤色	MAN WITH TURBAN / MEDIUM-DARK SKIN TONE
1127	👳🏿	人物	肤色变体（右键）	👳🏿	未直接列在现有 Emoji 网格	1f473-1f3ff.png	是	U+1F473 U+1F3FF	People & Body	person-role	fully-qualified	男性带Turban、较深肤色	MAN WITH TURBAN / DARK SKIN TONE
1128	👳‍♂️	人物	主网格	👳‍♂️	Emoji·表情与人物 / 第 13 行	1f473-200d-2642.png	是	U+1F473 U+200D U+2642 U+FE0F	People & Body	person-role	fully-qualified	戴头巾的男人	MAN WITH TURBAN / MALE SIGN
1129	👳🏻‍♂️	人物	肤色变体（右键）	👳🏻‍♂️	未直接列在现有 Emoji 网格	1f473-1f3fb-200d-2642.png	是	U+1F473 U+1F3FB U+200D U+2642 U+FE0F	People & Body	person-role	fully-qualified	男性带Turban、较浅肤色、男性符号	MAN WITH TURBAN / LIGHT SKIN TONE / MALE SIGN
1130	👳🏼‍♂️	人物	肤色变体（右键）	👳🏼‍♂️	未直接列在现有 Emoji 网格	1f473-1f3fc-200d-2642.png	是	U+1F473 U+1F3FC U+200D U+2642 U+FE0F	People & Body	person-role	fully-qualified	男性带Turban、中等偏浅肤色、男性符号	MAN WITH TURBAN / MEDIUM-LIGHT SKIN TONE / MALE SIGN
1131	👳🏽‍♂️	人物	肤色变体（右键）	👳🏽‍♂️	未直接列在现有 Emoji 网格	1f473-1f3fd-200d-2642.png	是	U+1F473 U+1F3FD U+200D U+2642 U+FE0F	People & Body	person-role	fully-qualified	男性带Turban、中等肤色、男性符号	MAN WITH TURBAN / MEDIUM SKIN TONE / MALE SIGN
1132	👳🏾‍♂️	人物	肤色变体（右键）	👳🏾‍♂️	未直接列在现有 Emoji 网格	1f473-1f3fe-200d-2642.png	是	U+1F473 U+1F3FE U+200D U+2642 U+FE0F	People & Body	person-role	fully-qualified	男性带Turban、中等偏深肤色、男性符号	MAN WITH TURBAN / MEDIUM-DARK SKIN TONE / MALE SIGN
1133	👳🏿‍♂️	人物	肤色变体（右键）	👳🏿‍♂️	未直接列在现有 Emoji 网格	1f473-1f3ff-200d-2642.png	是	U+1F473 U+1F3FF U+200D U+2642 U+FE0F	People & Body	person-role	fully-qualified	男性带Turban、较深肤色、男性符号	MAN WITH TURBAN / DARK SKIN TONE / MALE SIGN
1134	👳‍♀️	人物	主网格	👳‍♀️	Emoji·表情与人物 / 第 13 行	1f473-200d-2640.png	是	U+1F473 U+200D U+2640 U+FE0F	People & Body	person-role	fully-qualified	戴头巾的女人	MAN WITH TURBAN / FEMALE SIGN
1135	👳🏻‍♀️	人物	肤色变体（右键）	👳🏻‍♀️	未直接列在现有 Emoji 网格	1f473-1f3fb-200d-2640.png	是	U+1F473 U+1F3FB U+200D U+2640 U+FE0F	People & Body	person-role	fully-qualified	男性带Turban、较浅肤色、女性符号	MAN WITH TURBAN / LIGHT SKIN TONE / FEMALE SIGN
1136	👳🏼‍♀️	人物	肤色变体（右键）	👳🏼‍♀️	未直接列在现有 Emoji 网格	1f473-1f3fc-200d-2640.png	是	U+1F473 U+1F3FC U+200D U+2640 U+FE0F	People & Body	person-role	fully-qualified	男性带Turban、中等偏浅肤色、女性符号	MAN WITH TURBAN / MEDIUM-LIGHT SKIN TONE / FEMALE SIGN
1137	👳🏽‍♀️	人物	肤色变体（右键）	👳🏽‍♀️	未直接列在现有 Emoji 网格	1f473-1f3fd-200d-2640.png	是	U+1F473 U+1F3FD U+200D U+2640 U+FE0F	People & Body	person-role	fully-qualified	男性带Turban、中等肤色、女性符号	MAN WITH TURBAN / MEDIUM SKIN TONE / FEMALE SIGN
1138	👳🏾‍♀️	人物	肤色变体（右键）	👳🏾‍♀️	未直接列在现有 Emoji 网格	1f473-1f3fe-200d-2640.png	是	U+1F473 U+1F3FE U+200D U+2640 U+FE0F	People & Body	person-role	fully-qualified	男性带Turban、中等偏深肤色、女性符号	MAN WITH TURBAN / MEDIUM-DARK SKIN TONE / FEMALE SIGN
1139	👳🏿‍♀️	人物	肤色变体（右键）	👳🏿‍♀️	未直接列在现有 Emoji 网格	1f473-1f3ff-200d-2640.png	是	U+1F473 U+1F3FF U+200D U+2640 U+FE0F	People & Body	person-role	fully-qualified	男性带Turban、较深肤色、女性符号	MAN WITH TURBAN / DARK SKIN TONE / FEMALE SIGN
1140	👲	人物	主网格	👲	Emoji·表情与人物 / 第 18 行	1f472.png	是	U+1F472	People & Body	person-role	fully-qualified	戴瓜皮帽的人	MAN WITH GUA PI MAO
1141	👲🏻	人物	肤色变体（右键）	👲🏻	未直接列在现有 Emoji 网格	1f472-1f3fb.png	是	U+1F472 U+1F3FB	People & Body	person-role	fully-qualified	男性带GuaPiMao、较浅肤色	MAN WITH GUA PI MAO / LIGHT SKIN TONE
1142	👲🏼	人物	肤色变体（右键）	👲🏼	未直接列在现有 Emoji 网格	1f472-1f3fc.png	是	U+1F472 U+1F3FC	People & Body	person-role	fully-qualified	男性带GuaPiMao、中等偏浅肤色	MAN WITH GUA PI MAO / MEDIUM-LIGHT SKIN TONE
1143	👲🏽	人物	肤色变体（右键）	👲🏽	未直接列在现有 Emoji 网格	1f472-1f3fd.png	是	U+1F472 U+1F3FD	People & Body	person-role	fully-qualified	男性带GuaPiMao、中等肤色	MAN WITH GUA PI MAO / MEDIUM SKIN TONE
1144	👲🏾	人物	肤色变体（右键）	👲🏾	未直接列在现有 Emoji 网格	1f472-1f3fe.png	是	U+1F472 U+1F3FE	People & Body	person-role	fully-qualified	男性带GuaPiMao、中等偏深肤色	MAN WITH GUA PI MAO / MEDIUM-DARK SKIN TONE
1145	👲🏿	人物	肤色变体（右键）	👲🏿	未直接列在现有 Emoji 网格	1f472-1f3ff.png	是	U+1F472 U+1F3FF	People & Body	person-role	fully-qualified	男性带GuaPiMao、较深肤色	MAN WITH GUA PI MAO / DARK SKIN TONE
1146	🧕	人物	主网格	🧕	Emoji·表情与人物 / 第 19 行	1f9d5.png	是	U+1F9D5	People & Body	person-role	fully-qualified	带头饰的女人	PERSON WITH HEADSCARF
1147	🧕🏻	人物	肤色变体（右键）	🧕🏻	未直接列在现有 Emoji 网格	1f9d5-1f3fb.png	是	U+1F9D5 U+1F3FB	People & Body	person-role	fully-qualified	人物带Headscarf、较浅肤色	PERSON WITH HEADSCARF / LIGHT SKIN TONE
1148	🧕🏼	人物	肤色变体（右键）	🧕🏼	未直接列在现有 Emoji 网格	1f9d5-1f3fc.png	是	U+1F9D5 U+1F3FC	People & Body	person-role	fully-qualified	人物带Headscarf、中等偏浅肤色	PERSON WITH HEADSCARF / MEDIUM-LIGHT SKIN TONE
1149	🧕🏽	人物	肤色变体（右键）	🧕🏽	未直接列在现有 Emoji 网格	1f9d5-1f3fd.png	是	U+1F9D5 U+1F3FD	People & Body	person-role	fully-qualified	人物带Headscarf、中等肤色	PERSON WITH HEADSCARF / MEDIUM SKIN TONE
1150	🧕🏾	人物	肤色变体（右键）	🧕🏾	未直接列在现有 Emoji 网格	1f9d5-1f3fe.png	是	U+1F9D5 U+1F3FE	People & Body	person-role	fully-qualified	人物带Headscarf、中等偏深肤色	PERSON WITH HEADSCARF / MEDIUM-DARK SKIN TONE
1151	🧕🏿	人物	肤色变体（右键）	🧕🏿	未直接列在现有 Emoji 网格	1f9d5-1f3ff.png	是	U+1F9D5 U+1F3FF	People & Body	person-role	fully-qualified	人物带Headscarf、较深肤色	PERSON WITH HEADSCARF / DARK SKIN TONE
1152	🤵	人物	主网格	🤵	Emoji·表情与人物 / 第 17 行	1f935.png	是	U+1F935	People & Body	person-role	fully-qualified	穿燕尾服的人	MAN IN TUXEDO
1153	🤵🏻	人物	肤色变体（右键）	🤵🏻	未直接列在现有 Emoji 网格	1f935-1f3fb.png	是	U+1F935 U+1F3FB	People & Body	person-role	fully-qualified	男性内Tuxedo、较浅肤色	MAN IN TUXEDO / LIGHT SKIN TONE
1154	🤵🏼	人物	肤色变体（右键）	🤵🏼	未直接列在现有 Emoji 网格	1f935-1f3fc.png	是	U+1F935 U+1F3FC	People & Body	person-role	fully-qualified	男性内Tuxedo、中等偏浅肤色	MAN IN TUXEDO / MEDIUM-LIGHT SKIN TONE
1155	🤵🏽	人物	肤色变体（右键）	🤵🏽	未直接列在现有 Emoji 网格	1f935-1f3fd.png	是	U+1F935 U+1F3FD	People & Body	person-role	fully-qualified	男性内Tuxedo、中等肤色	MAN IN TUXEDO / MEDIUM SKIN TONE
1156	🤵🏾	人物	肤色变体（右键）	🤵🏾	未直接列在现有 Emoji 网格	1f935-1f3fe.png	是	U+1F935 U+1F3FE	People & Body	person-role	fully-qualified	男性内Tuxedo、中等偏深肤色	MAN IN TUXEDO / MEDIUM-DARK SKIN TONE
1157	🤵🏿	人物	肤色变体（右键）	🤵🏿	未直接列在现有 Emoji 网格	1f935-1f3ff.png	是	U+1F935 U+1F3FF	People & Body	person-role	fully-qualified	男性内Tuxedo、较深肤色	MAN IN TUXEDO / DARK SKIN TONE
1158	🤵‍♂️	人物	主网格	🤵‍♂️	Emoji·表情与人物 / 第 14 行	1f935-200d-2642.png	是	U+1F935 U+200D U+2642 U+FE0F	People & Body	person-role	fully-qualified	穿礼服的男人	MAN IN TUXEDO / MALE SIGN
1159	🤵🏻‍♂️	人物	肤色变体（右键）	🤵🏻‍♂️	未直接列在现有 Emoji 网格	1f935-1f3fb-200d-2642.png	是	U+1F935 U+1F3FB U+200D U+2642 U+FE0F	People & Body	person-role	fully-qualified	男性内Tuxedo、较浅肤色、男性符号	MAN IN TUXEDO / LIGHT SKIN TONE / MALE SIGN
1160	🤵🏼‍♂️	人物	肤色变体（右键）	🤵🏼‍♂️	未直接列在现有 Emoji 网格	1f935-1f3fc-200d-2642.png	是	U+1F935 U+1F3FC U+200D U+2642 U+FE0F	People & Body	person-role	fully-qualified	男性内Tuxedo、中等偏浅肤色、男性符号	MAN IN TUXEDO / MEDIUM-LIGHT SKIN TONE / MALE SIGN
1161	🤵🏽‍♂️	人物	肤色变体（右键）	🤵🏽‍♂️	未直接列在现有 Emoji 网格	1f935-1f3fd-200d-2642.png	是	U+1F935 U+1F3FD U+200D U+2642 U+FE0F	People & Body	person-role	fully-qualified	男性内Tuxedo、中等肤色、男性符号	MAN IN TUXEDO / MEDIUM SKIN TONE / MALE SIGN
1162	🤵🏾‍♂️	人物	肤色变体（右键）	🤵🏾‍♂️	未直接列在现有 Emoji 网格	1f935-1f3fe-200d-2642.png	是	U+1F935 U+1F3FE U+200D U+2642 U+FE0F	People & Body	person-role	fully-qualified	男性内Tuxedo、中等偏深肤色、男性符号	MAN IN TUXEDO / MEDIUM-DARK SKIN TONE / MALE SIGN
1163	🤵🏿‍♂️	人物	肤色变体（右键）	🤵🏿‍♂️	未直接列在现有 Emoji 网格	1f935-1f3ff-200d-2642.png	是	U+1F935 U+1F3FF U+200D U+2642 U+FE0F	People & Body	person-role	fully-qualified	男性内Tuxedo、较深肤色、男性符号	MAN IN TUXEDO / DARK SKIN TONE / MALE SIGN
1164	🤵‍♀️	人物	主网格	🤵‍♀️	Emoji·表情与人物 / 第 14 行	1f935-200d-2640.png	是	U+1F935 U+200D U+2640 U+FE0F	People & Body	person-role	fully-qualified	穿礼服的女人	MAN IN TUXEDO / FEMALE SIGN
1165	🤵🏻‍♀️	人物	肤色变体（右键）	🤵🏻‍♀️	未直接列在现有 Emoji 网格	1f935-1f3fb-200d-2640.png	是	U+1F935 U+1F3FB U+200D U+2640 U+FE0F	People & Body	person-role	fully-qualified	男性内Tuxedo、较浅肤色、女性符号	MAN IN TUXEDO / LIGHT SKIN TONE / FEMALE SIGN
1166	🤵🏼‍♀️	人物	肤色变体（右键）	🤵🏼‍♀️	未直接列在现有 Emoji 网格	1f935-1f3fc-200d-2640.png	是	U+1F935 U+1F3FC U+200D U+2640 U+FE0F	People & Body	person-role	fully-qualified	男性内Tuxedo、中等偏浅肤色、女性符号	MAN IN TUXEDO / MEDIUM-LIGHT SKIN TONE / FEMALE SIGN
1167	🤵🏽‍♀️	人物	肤色变体（右键）	🤵🏽‍♀️	未直接列在现有 Emoji 网格	1f935-1f3fd-200d-2640.png	是	U+1F935 U+1F3FD U+200D U+2640 U+FE0F	People & Body	person-role	fully-qualified	男性内Tuxedo、中等肤色、女性符号	MAN IN TUXEDO / MEDIUM SKIN TONE / FEMALE SIGN
1168	🤵🏾‍♀️	人物	肤色变体（右键）	🤵🏾‍♀️	未直接列在现有 Emoji 网格	1f935-1f3fe-200d-2640.png	是	U+1F935 U+1F3FE U+200D U+2640 U+FE0F	People & Body	person-role	fully-qualified	男性内Tuxedo、中等偏深肤色、女性符号	MAN IN TUXEDO / MEDIUM-DARK SKIN TONE / FEMALE SIGN
1169	🤵🏿‍♀️	人物	肤色变体（右键）	🤵🏿‍♀️	未直接列在现有 Emoji 网格	1f935-1f3ff-200d-2640.png	是	U+1F935 U+1F3FF U+200D U+2640 U+FE0F	People & Body	person-role	fully-qualified	男性内Tuxedo、较深肤色、女性符号	MAN IN TUXEDO / DARK SKIN TONE / FEMALE SIGN
1170	👰	人物	主网格	👰	Emoji·符号与旗帜 / 第 40 行	1f470.png	是	U+1F470	People & Body	person-role	fully-qualified	戴头纱的人	BRIDE WITH VEIL
1171	👰🏻	人物	肤色变体（右键）	👰🏻	未直接列在现有 Emoji 网格	1f470-1f3fb.png	是	U+1F470 U+1F3FB	People & Body	person-role	fully-qualified	Bride带Veil、较浅肤色	BRIDE WITH VEIL / LIGHT SKIN TONE
1172	👰🏼	人物	肤色变体（右键）	👰🏼	未直接列在现有 Emoji 网格	1f470-1f3fc.png	是	U+1F470 U+1F3FC	People & Body	person-role	fully-qualified	Bride带Veil、中等偏浅肤色	BRIDE WITH VEIL / MEDIUM-LIGHT SKIN TONE
1173	👰🏽	人物	肤色变体（右键）	👰🏽	未直接列在现有 Emoji 网格	1f470-1f3fd.png	是	U+1F470 U+1F3FD	People & Body	person-role	fully-qualified	Bride带Veil、中等肤色	BRIDE WITH VEIL / MEDIUM SKIN TONE
1174	👰🏾	人物	肤色变体（右键）	👰🏾	未直接列在现有 Emoji 网格	1f470-1f3fe.png	是	U+1F470 U+1F3FE	People & Body	person-role	fully-qualified	Bride带Veil、中等偏深肤色	BRIDE WITH VEIL / MEDIUM-DARK SKIN TONE
1175	👰🏿	人物	肤色变体（右键）	👰🏿	未直接列在现有 Emoji 网格	1f470-1f3ff.png	是	U+1F470 U+1F3FF	People & Body	person-role	fully-qualified	Bride带Veil、较深肤色	BRIDE WITH VEIL / DARK SKIN TONE
1176	👰‍♂️	人物	主网格	👰‍♂️	Emoji·符号与旗帜 / 第 29 行	1f470-200d-2642.png	是	U+1F470 U+200D U+2642 U+FE0F	People & Body	person-role	fully-qualified	戴头纱的男人	BRIDE WITH VEIL / MALE SIGN
1177	👰🏻‍♂️	人物	肤色变体（右键）	👰🏻‍♂️	未直接列在现有 Emoji 网格	1f470-1f3fb-200d-2642.png	是	U+1F470 U+1F3FB U+200D U+2642 U+FE0F	People & Body	person-role	fully-qualified	Bride带Veil、较浅肤色、男性符号	BRIDE WITH VEIL / LIGHT SKIN TONE / MALE SIGN
1178	👰🏼‍♂️	人物	肤色变体（右键）	👰🏼‍♂️	未直接列在现有 Emoji 网格	1f470-1f3fc-200d-2642.png	是	U+1F470 U+1F3FC U+200D U+2642 U+FE0F	People & Body	person-role	fully-qualified	Bride带Veil、中等偏浅肤色、男性符号	BRIDE WITH VEIL / MEDIUM-LIGHT SKIN TONE / MALE SIGN
1179	👰🏽‍♂️	人物	肤色变体（右键）	👰🏽‍♂️	未直接列在现有 Emoji 网格	1f470-1f3fd-200d-2642.png	是	U+1F470 U+1F3FD U+200D U+2642 U+FE0F	People & Body	person-role	fully-qualified	Bride带Veil、中等肤色、男性符号	BRIDE WITH VEIL / MEDIUM SKIN TONE / MALE SIGN
1180	👰🏾‍♂️	人物	肤色变体（右键）	👰🏾‍♂️	未直接列在现有 Emoji 网格	1f470-1f3fe-200d-2642.png	是	U+1F470 U+1F3FE U+200D U+2642 U+FE0F	People & Body	person-role	fully-qualified	Bride带Veil、中等偏深肤色、男性符号	BRIDE WITH VEIL / MEDIUM-DARK SKIN TONE / MALE SIGN
1181	👰🏿‍♂️	人物	肤色变体（右键）	👰🏿‍♂️	未直接列在现有 Emoji 网格	1f470-1f3ff-200d-2642.png	是	U+1F470 U+1F3FF U+200D U+2642 U+FE0F	People & Body	person-role	fully-qualified	Bride带Veil、较深肤色、男性符号	BRIDE WITH VEIL / DARK SKIN TONE / MALE SIGN
1182	👰‍♀️	人物	主网格	👰‍♀️	Emoji·符号与旗帜 / 第 29 行	1f470-200d-2640.png	是	U+1F470 U+200D U+2640 U+FE0F	People & Body	person-role	fully-qualified	戴头纱的女人	BRIDE WITH VEIL / FEMALE SIGN
1183	👰🏻‍♀️	人物	肤色变体（右键）	👰🏻‍♀️	未直接列在现有 Emoji 网格	1f470-1f3fb-200d-2640.png	是	U+1F470 U+1F3FB U+200D U+2640 U+FE0F	People & Body	person-role	fully-qualified	Bride带Veil、较浅肤色、女性符号	BRIDE WITH VEIL / LIGHT SKIN TONE / FEMALE SIGN
1184	👰🏼‍♀️	人物	肤色变体（右键）	👰🏼‍♀️	未直接列在现有 Emoji 网格	1f470-1f3fc-200d-2640.png	是	U+1F470 U+1F3FC U+200D U+2640 U+FE0F	People & Body	person-role	fully-qualified	Bride带Veil、中等偏浅肤色、女性符号	BRIDE WITH VEIL / MEDIUM-LIGHT SKIN TONE / FEMALE SIGN
1185	👰🏽‍♀️	人物	肤色变体（右键）	👰🏽‍♀️	未直接列在现有 Emoji 网格	1f470-1f3fd-200d-2640.png	是	U+1F470 U+1F3FD U+200D U+2640 U+FE0F	People & Body	person-role	fully-qualified	Bride带Veil、中等肤色、女性符号	BRIDE WITH VEIL / MEDIUM SKIN TONE / FEMALE SIGN
1186	👰🏾‍♀️	人物	肤色变体（右键）	👰🏾‍♀️	未直接列在现有 Emoji 网格	1f470-1f3fe-200d-2640.png	是	U+1F470 U+1F3FE U+200D U+2640 U+FE0F	People & Body	person-role	fully-qualified	Bride带Veil、中等偏深肤色、女性符号	BRIDE WITH VEIL / MEDIUM-DARK SKIN TONE / FEMALE SIGN
1187	👰🏿‍♀️	人物	肤色变体（右键）	👰🏿‍♀️	未直接列在现有 Emoji 网格	1f470-1f3ff-200d-2640.png	是	U+1F470 U+1F3FF U+200D U+2640 U+FE0F	People & Body	person-role	fully-qualified	Bride带Veil、较深肤色、女性符号	BRIDE WITH VEIL / DARK SKIN TONE / FEMALE SIGN
1188	🤰	人物	主网格	🤰	Emoji·表情与人物 / 第 19 行	1f930.png	是	U+1F930	People & Body	person-role	fully-qualified	孕妇	PREGNANT WOMAN
1189	🤰🏻	人物	肤色变体（右键）	🤰🏻	未直接列在现有 Emoji 网格	1f930-1f3fb.png	是	U+1F930 U+1F3FB	People & Body	person-role	fully-qualified	Pregnant女性、较浅肤色	PREGNANT WOMAN / LIGHT SKIN TONE
1190	🤰🏼	人物	肤色变体（右键）	🤰🏼	未直接列在现有 Emoji 网格	1f930-1f3fc.png	是	U+1F930 U+1F3FC	People & Body	person-role	fully-qualified	Pregnant女性、中等偏浅肤色	PREGNANT WOMAN / MEDIUM-LIGHT SKIN TONE
1191	🤰🏽	人物	肤色变体（右键）	🤰🏽	未直接列在现有 Emoji 网格	1f930-1f3fd.png	是	U+1F930 U+1F3FD	People & Body	person-role	fully-qualified	Pregnant女性、中等肤色	PREGNANT WOMAN / MEDIUM SKIN TONE
1192	🤰🏾	人物	肤色变体（右键）	🤰🏾	未直接列在现有 Emoji 网格	1f930-1f3fe.png	是	U+1F930 U+1F3FE	People & Body	person-role	fully-qualified	Pregnant女性、中等偏深肤色	PREGNANT WOMAN / MEDIUM-DARK SKIN TONE
1193	🤰🏿	人物	肤色变体（右键）	🤰🏿	未直接列在现有 Emoji 网格	1f930-1f3ff.png	是	U+1F930 U+1F3FF	People & Body	person-role	fully-qualified	Pregnant女性、较深肤色	PREGNANT WOMAN / DARK SKIN TONE
1194	🫃	人物	主网格	🫃	Emoji·表情与人物 / 第 21 行	1fac3.png	是	U+1FAC3	People & Body	person-role	fully-qualified	怀孕的男人	PREGNANT MAN
1195	🫄	人物	主网格	🫄	Emoji·表情与人物 / 第 21 行	1fac4.png	是	U+1FAC4	People & Body	person-role	fully-qualified	怀孕的人	PREGNANT PERSON
1196	🤱	人物	主网格	🤱	Emoji·符号与旗帜 / 第 43 行	1f931.png	是	U+1F931	People & Body	person-role	fully-qualified	母乳喂养	BREAST-FEEDING
1197	🤱🏻	人物	肤色变体（右键）	🤱🏻	未直接列在现有 Emoji 网格	1f931-1f3fb.png	是	U+1F931 U+1F3FB	People & Body	person-role	fully-qualified	Breast-Feeding、较浅肤色	BREAST-FEEDING / LIGHT SKIN TONE
1198	🤱🏼	人物	肤色变体（右键）	🤱🏼	未直接列在现有 Emoji 网格	1f931-1f3fc.png	是	U+1F931 U+1F3FC	People & Body	person-role	fully-qualified	Breast-Feeding、中等偏浅肤色	BREAST-FEEDING / MEDIUM-LIGHT SKIN TONE
1199	🤱🏽	人物	肤色变体（右键）	🤱🏽	未直接列在现有 Emoji 网格	1f931-1f3fd.png	是	U+1F931 U+1F3FD	People & Body	person-role	fully-qualified	Breast-Feeding、中等肤色	BREAST-FEEDING / MEDIUM SKIN TONE
1200	🤱🏾	人物	肤色变体（右键）	🤱🏾	未直接列在现有 Emoji 网格	1f931-1f3fe.png	是	U+1F931 U+1F3FE	People & Body	person-role	fully-qualified	Breast-Feeding、中等偏深肤色	BREAST-FEEDING / MEDIUM-DARK SKIN TONE
1201	🤱🏿	人物	肤色变体（右键）	🤱🏿	未直接列在现有 Emoji 网格	1f931-1f3ff.png	是	U+1F931 U+1F3FF	People & Body	person-role	fully-qualified	Breast-Feeding、较深肤色	BREAST-FEEDING / DARK SKIN TONE
1202	👩‍🍼	人物	主网格	👩‍🍼	Emoji·表情与人物 / 第 11 行	1f469-200d-1f37c.png	是	U+1F469 U+200D U+1F37C	People & Body	person-role	fully-qualified	哺乳的女人	WOMAN / BABY BOTTLE
1203	👩🏻‍🍼	人物	肤色变体（右键）	👩🏻‍🍼	未直接列在现有 Emoji 网格	1f469-1f3fb-200d-1f37c.png	是	U+1F469 U+1F3FB U+200D U+1F37C	People & Body	person-role	fully-qualified	女性、较浅肤色、婴儿Bottle	WOMAN / LIGHT SKIN TONE / BABY BOTTLE
1204	👩🏼‍🍼	人物	肤色变体（右键）	👩🏼‍🍼	未直接列在现有 Emoji 网格	1f469-1f3fc-200d-1f37c.png	是	U+1F469 U+1F3FC U+200D U+1F37C	People & Body	person-role	fully-qualified	女性、中等偏浅肤色、婴儿Bottle	WOMAN / MEDIUM-LIGHT SKIN TONE / BABY BOTTLE
1205	👩🏽‍🍼	人物	肤色变体（右键）	👩🏽‍🍼	未直接列在现有 Emoji 网格	1f469-1f3fd-200d-1f37c.png	是	U+1F469 U+1F3FD U+200D U+1F37C	People & Body	person-role	fully-qualified	女性、中等肤色、婴儿Bottle	WOMAN / MEDIUM SKIN TONE / BABY BOTTLE
1206	👩🏾‍🍼	人物	肤色变体（右键）	👩🏾‍🍼	未直接列在现有 Emoji 网格	1f469-1f3fe-200d-1f37c.png	是	U+1F469 U+1F3FE U+200D U+1F37C	People & Body	person-role	fully-qualified	女性、中等偏深肤色、婴儿Bottle	WOMAN / MEDIUM-DARK SKIN TONE / BABY BOTTLE
1207	👩🏿‍🍼	人物	肤色变体（右键）	👩🏿‍🍼	未直接列在现有 Emoji 网格	1f469-1f3ff-200d-1f37c.png	是	U+1F469 U+1F3FF U+200D U+1F37C	People & Body	person-role	fully-qualified	女性、较深肤色、婴儿Bottle	WOMAN / DARK SKIN TONE / BABY BOTTLE
1208	👨‍🍼	人物	主网格	👨‍🍼	Emoji·表情与人物 / 人物与角色	1f468-200d-1f37c.png	是	U+1F468 U+200D U+1F37C	People & Body	person-role	fully-qualified	哺乳的男人	MAN / BABY BOTTLE
1209	👨🏻‍🍼	人物	肤色变体（右键）	👨🏻‍🍼	未直接列在现有 Emoji 网格	1f468-1f3fb-200d-1f37c.png	是	U+1F468 U+1F3FB U+200D U+1F37C	People & Body	person-role	fully-qualified	男性、较浅肤色、婴儿Bottle	MAN / LIGHT SKIN TONE / BABY BOTTLE
1210	👨🏼‍🍼	人物	肤色变体（右键）	👨🏼‍🍼	未直接列在现有 Emoji 网格	1f468-1f3fc-200d-1f37c.png	是	U+1F468 U+1F3FC U+200D U+1F37C	People & Body	person-role	fully-qualified	男性、中等偏浅肤色、婴儿Bottle	MAN / MEDIUM-LIGHT SKIN TONE / BABY BOTTLE
1211	👨🏽‍🍼	人物	肤色变体（右键）	👨🏽‍🍼	未直接列在现有 Emoji 网格	1f468-1f3fd-200d-1f37c.png	是	U+1F468 U+1F3FD U+200D U+1F37C	People & Body	person-role	fully-qualified	男性、中等肤色、婴儿Bottle	MAN / MEDIUM SKIN TONE / BABY BOTTLE
1212	👨🏾‍🍼	人物	肤色变体（右键）	👨🏾‍🍼	未直接列在现有 Emoji 网格	1f468-1f3fe-200d-1f37c.png	是	U+1F468 U+1F3FE U+200D U+1F37C	People & Body	person-role	fully-qualified	男性、中等偏深肤色、婴儿Bottle	MAN / MEDIUM-DARK SKIN TONE / BABY BOTTLE
1213	👨🏿‍🍼	人物	肤色变体（右键）	👨🏿‍🍼	未直接列在现有 Emoji 网格	1f468-1f3ff-200d-1f37c.png	是	U+1F468 U+1F3FF U+200D U+1F37C	People & Body	person-role	fully-qualified	男性、较深肤色、婴儿Bottle	MAN / DARK SKIN TONE / BABY BOTTLE
1214	🧑‍🍼	人物	主网格	🧑‍🍼	Emoji·表情与人物 / 第 12 行	1f9d1-200d-1f37c.png	是	U+1F9D1 U+200D U+1F37C	People & Body	person-role	fully-qualified	哺乳的人	ADULT / BABY BOTTLE
1215	🧑🏻‍🍼	人物	肤色变体（右键）	🧑🏻‍🍼	未直接列在现有 Emoji 网格	1f9d1-1f3fb-200d-1f37c.png	是	U+1F9D1 U+1F3FB U+200D U+1F37C	People & Body	person-role	fully-qualified	成年人、较浅肤色、婴儿Bottle	ADULT / LIGHT SKIN TONE / BABY BOTTLE
1216	🧑🏼‍🍼	人物	肤色变体（右键）	🧑🏼‍🍼	未直接列在现有 Emoji 网格	1f9d1-1f3fc-200d-1f37c.png	是	U+1F9D1 U+1F3FC U+200D U+1F37C	People & Body	person-role	fully-qualified	成年人、中等偏浅肤色、婴儿Bottle	ADULT / MEDIUM-LIGHT SKIN TONE / BABY BOTTLE
1217	🧑🏽‍🍼	人物	肤色变体（右键）	🧑🏽‍🍼	未直接列在现有 Emoji 网格	1f9d1-1f3fd-200d-1f37c.png	是	U+1F9D1 U+1F3FD U+200D U+1F37C	People & Body	person-role	fully-qualified	成年人、中等肤色、婴儿Bottle	ADULT / MEDIUM SKIN TONE / BABY BOTTLE
1218	🧑🏾‍🍼	人物	肤色变体（右键）	🧑🏾‍🍼	未直接列在现有 Emoji 网格	1f9d1-1f3fe-200d-1f37c.png	是	U+1F9D1 U+1F3FE U+200D U+1F37C	People & Body	person-role	fully-qualified	成年人、中等偏深肤色、婴儿Bottle	ADULT / MEDIUM-DARK SKIN TONE / BABY BOTTLE
1219	🧑🏿‍🍼	人物	肤色变体（右键）	🧑🏿‍🍼	未直接列在现有 Emoji 网格	1f9d1-1f3ff-200d-1f37c.png	是	U+1F9D1 U+1F3FF U+200D U+1F37C	People & Body	person-role	fully-qualified	成年人、较深肤色、婴儿Bottle	ADULT / DARK SKIN TONE / BABY BOTTLE
1220	👼	人物	主网格	👼	Emoji·表情与人物 / 第 19 行	1f47c.png	是	U+1F47C	People & Body	person-fantasy	fully-qualified	小天使	BABY ANGEL
1221	👼🏻	人物	肤色变体（右键）	👼🏻	未直接列在现有 Emoji 网格	1f47c-1f3fb.png	是	U+1F47C U+1F3FB	People & Body	person-fantasy	fully-qualified	婴儿Angel、较浅肤色	BABY ANGEL / LIGHT SKIN TONE
1222	👼🏼	人物	肤色变体（右键）	👼🏼	未直接列在现有 Emoji 网格	1f47c-1f3fc.png	是	U+1F47C U+1F3FC	People & Body	person-fantasy	fully-qualified	婴儿Angel、中等偏浅肤色	BABY ANGEL / MEDIUM-LIGHT SKIN TONE
1223	👼🏽	人物	肤色变体（右键）	👼🏽	未直接列在现有 Emoji 网格	1f47c-1f3fd.png	是	U+1F47C U+1F3FD	People & Body	person-fantasy	fully-qualified	婴儿Angel、中等肤色	BABY ANGEL / MEDIUM SKIN TONE
1224	👼🏾	人物	肤色变体（右键）	👼🏾	未直接列在现有 Emoji 网格	1f47c-1f3fe.png	是	U+1F47C U+1F3FE	People & Body	person-fantasy	fully-qualified	婴儿Angel、中等偏深肤色	BABY ANGEL / MEDIUM-DARK SKIN TONE
1225	👼🏿	人物	肤色变体（右键）	👼🏿	未直接列在现有 Emoji 网格	1f47c-1f3ff.png	是	U+1F47C U+1F3FF	People & Body	person-fantasy	fully-qualified	婴儿Angel、较深肤色	BABY ANGEL / DARK SKIN TONE
1226	🎅	人物	主网格	🎅	Emoji·符号与旗帜 / 第 42 行	1f385.png	是	U+1F385	People & Body	person-fantasy	fully-qualified	圣诞老人	FATHER CHRISTMAS
1227	🎅🏻	人物	肤色变体（右键）	🎅🏻	未直接列在现有 Emoji 网格	1f385-1f3fb.png	是	U+1F385 U+1F3FB	People & Body	person-fantasy	fully-qualified	FatherChristmas、较浅肤色	FATHER CHRISTMAS / LIGHT SKIN TONE
1228	🎅🏼	人物	肤色变体（右键）	🎅🏼	未直接列在现有 Emoji 网格	1f385-1f3fc.png	是	U+1F385 U+1F3FC	People & Body	person-fantasy	fully-qualified	FatherChristmas、中等偏浅肤色	FATHER CHRISTMAS / MEDIUM-LIGHT SKIN TONE
1229	🎅🏽	人物	肤色变体（右键）	🎅🏽	未直接列在现有 Emoji 网格	1f385-1f3fd.png	是	U+1F385 U+1F3FD	People & Body	person-fantasy	fully-qualified	FatherChristmas、中等肤色	FATHER CHRISTMAS / MEDIUM SKIN TONE
1230	🎅🏾	人物	肤色变体（右键）	🎅🏾	未直接列在现有 Emoji 网格	1f385-1f3fe.png	是	U+1F385 U+1F3FE	People & Body	person-fantasy	fully-qualified	FatherChristmas、中等偏深肤色	FATHER CHRISTMAS / MEDIUM-DARK SKIN TONE
1231	🎅🏿	人物	肤色变体（右键）	🎅🏿	未直接列在现有 Emoji 网格	1f385-1f3ff.png	是	U+1F385 U+1F3FF	People & Body	person-fantasy	fully-qualified	FatherChristmas、较深肤色	FATHER CHRISTMAS / DARK SKIN TONE
1232	🤶	人物	主网格	🤶	Emoji·符号与旗帜 / 第 44 行	1f936.png	是	U+1F936	People & Body	person-fantasy	fully-qualified	圣诞奶奶	MOTHER CHRISTMAS
1233	🤶🏻	人物	肤色变体（右键）	🤶🏻	未直接列在现有 Emoji 网格	1f936-1f3fb.png	是	U+1F936 U+1F3FB	People & Body	person-fantasy	fully-qualified	MotherChristmas、较浅肤色	MOTHER CHRISTMAS / LIGHT SKIN TONE
1234	🤶🏼	人物	肤色变体（右键）	🤶🏼	未直接列在现有 Emoji 网格	1f936-1f3fc.png	是	U+1F936 U+1F3FC	People & Body	person-fantasy	fully-qualified	MotherChristmas、中等偏浅肤色	MOTHER CHRISTMAS / MEDIUM-LIGHT SKIN TONE
1235	🤶🏽	人物	肤色变体（右键）	🤶🏽	未直接列在现有 Emoji 网格	1f936-1f3fd.png	是	U+1F936 U+1F3FD	People & Body	person-fantasy	fully-qualified	MotherChristmas、中等肤色	MOTHER CHRISTMAS / MEDIUM SKIN TONE
1236	🤶🏾	人物	肤色变体（右键）	🤶🏾	未直接列在现有 Emoji 网格	1f936-1f3fe.png	是	U+1F936 U+1F3FE	People & Body	person-fantasy	fully-qualified	MotherChristmas、中等偏深肤色	MOTHER CHRISTMAS / MEDIUM-DARK SKIN TONE
1237	🤶🏿	人物	肤色变体（右键）	🤶🏿	未直接列在现有 Emoji 网格	1f936-1f3ff.png	是	U+1F936 U+1F3FF	People & Body	person-fantasy	fully-qualified	MotherChristmas、较深肤色	MOTHER CHRISTMAS / DARK SKIN TONE
1238	🧑‍🎄	人物	主网格	🧑‍🎄	Emoji·动物与自然 / 植物与花草	1f9d1-200d-1f384.png	是	U+1F9D1 U+200D U+1F384	People & Body	person-fantasy	fully-qualified	圣诞人	ADULT / CHRISTMAS TREE
1239	🧑🏻‍🎄	人物	肤色变体（右键）	🧑🏻‍🎄	未直接列在现有 Emoji 网格	1f9d1-1f3fb-200d-1f384.png	是	U+1F9D1 U+1F3FB U+200D U+1F384	People & Body	person-fantasy	fully-qualified	成年人、较浅肤色、ChristmasTree	ADULT / LIGHT SKIN TONE / CHRISTMAS TREE
1240	🧑🏼‍🎄	人物	肤色变体（右键）	🧑🏼‍🎄	未直接列在现有 Emoji 网格	1f9d1-1f3fc-200d-1f384.png	是	U+1F9D1 U+1F3FC U+200D U+1F384	People & Body	person-fantasy	fully-qualified	成年人、中等偏浅肤色、ChristmasTree	ADULT / MEDIUM-LIGHT SKIN TONE / CHRISTMAS TREE
1241	🧑🏽‍🎄	人物	肤色变体（右键）	🧑🏽‍🎄	未直接列在现有 Emoji 网格	1f9d1-1f3fd-200d-1f384.png	是	U+1F9D1 U+1F3FD U+200D U+1F384	People & Body	person-fantasy	fully-qualified	成年人、中等肤色、ChristmasTree	ADULT / MEDIUM SKIN TONE / CHRISTMAS TREE
1242	🧑🏾‍🎄	人物	肤色变体（右键）	🧑🏾‍🎄	未直接列在现有 Emoji 网格	1f9d1-1f3fe-200d-1f384.png	是	U+1F9D1 U+1F3FE U+200D U+1F384	People & Body	person-fantasy	fully-qualified	成年人、中等偏深肤色、ChristmasTree	ADULT / MEDIUM-DARK SKIN TONE / CHRISTMAS TREE
1243	🧑🏿‍🎄	人物	肤色变体（右键）	🧑🏿‍🎄	未直接列在现有 Emoji 网格	1f9d1-1f3ff-200d-1f384.png	是	U+1F9D1 U+1F3FF U+200D U+1F384	People & Body	person-fantasy	fully-qualified	成年人、较深肤色、ChristmasTree	ADULT / DARK SKIN TONE / CHRISTMAS TREE
1244	🦸	人物	主网格	🦸	Emoji·符号与旗帜 / 第 41 行	1f9b8.png	是	U+1F9B8	People & Body	person-fantasy	fully-qualified	超级英雄	SUPERHERO
1245	🦸🏻	人物	肤色变体（右键）	🦸🏻	未直接列在现有 Emoji 网格	1f9b8-1f3fb.png	是	U+1F9B8 U+1F3FB	People & Body	person-fantasy	fully-qualified	Superhero、较浅肤色	SUPERHERO / LIGHT SKIN TONE
1246	🦸🏼	人物	肤色变体（右键）	🦸🏼	未直接列在现有 Emoji 网格	1f9b8-1f3fc.png	是	U+1F9B8 U+1F3FC	People & Body	person-fantasy	fully-qualified	Superhero、中等偏浅肤色	SUPERHERO / MEDIUM-LIGHT SKIN TONE
1247	🦸🏽	人物	肤色变体（右键）	🦸🏽	未直接列在现有 Emoji 网格	1f9b8-1f3fd.png	是	U+1F9B8 U+1F3FD	People & Body	person-fantasy	fully-qualified	Superhero、中等肤色	SUPERHERO / MEDIUM SKIN TONE
1248	🦸🏾	人物	肤色变体（右键）	🦸🏾	未直接列在现有 Emoji 网格	1f9b8-1f3fe.png	是	U+1F9B8 U+1F3FE	People & Body	person-fantasy	fully-qualified	Superhero、中等偏深肤色	SUPERHERO / MEDIUM-DARK SKIN TONE
1249	🦸🏿	人物	肤色变体（右键）	🦸🏿	未直接列在现有 Emoji 网格	1f9b8-1f3ff.png	是	U+1F9B8 U+1F3FF	People & Body	person-fantasy	fully-qualified	Superhero、较深肤色	SUPERHERO / DARK SKIN TONE
1250	🦸‍♂️	人物	主网格	🦸‍♂️	Emoji·符号与旗帜 / 第 30 行	1f9b8-200d-2642.png	是	U+1F9B8 U+200D U+2642 U+FE0F	People & Body	person-fantasy	fully-qualified	男超级英雄	SUPERHERO / MALE SIGN
1251	🦸🏻‍♂️	人物	肤色变体（右键）	🦸🏻‍♂️	未直接列在现有 Emoji 网格	1f9b8-1f3fb-200d-2642.png	是	U+1F9B8 U+1F3FB U+200D U+2642 U+FE0F	People & Body	person-fantasy	fully-qualified	Superhero、较浅肤色、男性符号	SUPERHERO / LIGHT SKIN TONE / MALE SIGN
1252	🦸🏼‍♂️	人物	肤色变体（右键）	🦸🏼‍♂️	未直接列在现有 Emoji 网格	1f9b8-1f3fc-200d-2642.png	是	U+1F9B8 U+1F3FC U+200D U+2642 U+FE0F	People & Body	person-fantasy	fully-qualified	Superhero、中等偏浅肤色、男性符号	SUPERHERO / MEDIUM-LIGHT SKIN TONE / MALE SIGN
1253	🦸🏽‍♂️	人物	肤色变体（右键）	🦸🏽‍♂️	未直接列在现有 Emoji 网格	1f9b8-1f3fd-200d-2642.png	是	U+1F9B8 U+1F3FD U+200D U+2642 U+FE0F	People & Body	person-fantasy	fully-qualified	Superhero、中等肤色、男性符号	SUPERHERO / MEDIUM SKIN TONE / MALE SIGN
1254	🦸🏾‍♂️	人物	肤色变体（右键）	🦸🏾‍♂️	未直接列在现有 Emoji 网格	1f9b8-1f3fe-200d-2642.png	是	U+1F9B8 U+1F3FE U+200D U+2642 U+FE0F	People & Body	person-fantasy	fully-qualified	Superhero、中等偏深肤色、男性符号	SUPERHERO / MEDIUM-DARK SKIN TONE / MALE SIGN
1255	🦸🏿‍♂️	人物	肤色变体（右键）	🦸🏿‍♂️	未直接列在现有 Emoji 网格	1f9b8-1f3ff-200d-2642.png	是	U+1F9B8 U+1F3FF U+200D U+2642 U+FE0F	People & Body	person-fantasy	fully-qualified	Superhero、较深肤色、男性符号	SUPERHERO / DARK SKIN TONE / MALE SIGN
1256	🦸‍♀️	人物	主网格	🦸‍♀️	Emoji·符号与旗帜 / 第 30 行	1f9b8-200d-2640.png	是	U+1F9B8 U+200D U+2640 U+FE0F	People & Body	person-fantasy	fully-qualified	女超级英雄	SUPERHERO / FEMALE SIGN
1257	🦸🏻‍♀️	人物	肤色变体（右键）	🦸🏻‍♀️	未直接列在现有 Emoji 网格	1f9b8-1f3fb-200d-2640.png	是	U+1F9B8 U+1F3FB U+200D U+2640 U+FE0F	People & Body	person-fantasy	fully-qualified	Superhero、较浅肤色、女性符号	SUPERHERO / LIGHT SKIN TONE / FEMALE SIGN
1258	🦸🏼‍♀️	人物	肤色变体（右键）	🦸🏼‍♀️	未直接列在现有 Emoji 网格	1f9b8-1f3fc-200d-2640.png	是	U+1F9B8 U+1F3FC U+200D U+2640 U+FE0F	People & Body	person-fantasy	fully-qualified	Superhero、中等偏浅肤色、女性符号	SUPERHERO / MEDIUM-LIGHT SKIN TONE / FEMALE SIGN
1259	🦸🏽‍♀️	人物	肤色变体（右键）	🦸🏽‍♀️	未直接列在现有 Emoji 网格	1f9b8-1f3fd-200d-2640.png	是	U+1F9B8 U+1F3FD U+200D U+2640 U+FE0F	People & Body	person-fantasy	fully-qualified	Superhero、中等肤色、女性符号	SUPERHERO / MEDIUM SKIN TONE / FEMALE SIGN
1260	🦸🏾‍♀️	人物	肤色变体（右键）	🦸🏾‍♀️	未直接列在现有 Emoji 网格	1f9b8-1f3fe-200d-2640.png	是	U+1F9B8 U+1F3FE U+200D U+2640 U+FE0F	People & Body	person-fantasy	fully-qualified	Superhero、中等偏深肤色、女性符号	SUPERHERO / MEDIUM-DARK SKIN TONE / FEMALE SIGN
1261	🦸🏿‍♀️	人物	肤色变体（右键）	🦸🏿‍♀️	未直接列在现有 Emoji 网格	1f9b8-1f3ff-200d-2640.png	是	U+1F9B8 U+1F3FF U+200D U+2640 U+FE0F	People & Body	person-fantasy	fully-qualified	Superhero、较深肤色、女性符号	SUPERHERO / DARK SKIN TONE / FEMALE SIGN
1262	🦹	人物	主网格	🦹	Emoji·符号与旗帜 / 第 41 行	1f9b9.png	是	U+1F9B9	People & Body	person-fantasy	fully-qualified	超级大坏蛋	SUPERVILLAIN
1263	🦹🏻	人物	肤色变体（右键）	🦹🏻	未直接列在现有 Emoji 网格	1f9b9-1f3fb.png	是	U+1F9B9 U+1F3FB	People & Body	person-fantasy	fully-qualified	Supervillain、较浅肤色	SUPERVILLAIN / LIGHT SKIN TONE
1264	🦹🏼	人物	肤色变体（右键）	🦹🏼	未直接列在现有 Emoji 网格	1f9b9-1f3fc.png	是	U+1F9B9 U+1F3FC	People & Body	person-fantasy	fully-qualified	Supervillain、中等偏浅肤色	SUPERVILLAIN / MEDIUM-LIGHT SKIN TONE
1265	🦹🏽	人物	肤色变体（右键）	🦹🏽	未直接列在现有 Emoji 网格	1f9b9-1f3fd.png	是	U+1F9B9 U+1F3FD	People & Body	person-fantasy	fully-qualified	Supervillain、中等肤色	SUPERVILLAIN / MEDIUM SKIN TONE
1266	🦹🏾	人物	肤色变体（右键）	🦹🏾	未直接列在现有 Emoji 网格	1f9b9-1f3fe.png	是	U+1F9B9 U+1F3FE	People & Body	person-fantasy	fully-qualified	Supervillain、中等偏深肤色	SUPERVILLAIN / MEDIUM-DARK SKIN TONE
1267	🦹🏿	人物	肤色变体（右键）	🦹🏿	未直接列在现有 Emoji 网格	1f9b9-1f3ff.png	是	U+1F9B9 U+1F3FF	People & Body	person-fantasy	fully-qualified	Supervillain、较深肤色	SUPERVILLAIN / DARK SKIN TONE
1268	🦹‍♂️	人物	主网格	🦹‍♂️	Emoji·符号与旗帜 / 第 31 行	1f9b9-200d-2642.png	是	U+1F9B9 U+200D U+2642 U+FE0F	People & Body	person-fantasy	fully-qualified	男超级大坏蛋	SUPERVILLAIN / MALE SIGN
1269	🦹🏻‍♂️	人物	肤色变体（右键）	🦹🏻‍♂️	未直接列在现有 Emoji 网格	1f9b9-1f3fb-200d-2642.png	是	U+1F9B9 U+1F3FB U+200D U+2642 U+FE0F	People & Body	person-fantasy	fully-qualified	Supervillain、较浅肤色、男性符号	SUPERVILLAIN / LIGHT SKIN TONE / MALE SIGN
1270	🦹🏼‍♂️	人物	肤色变体（右键）	🦹🏼‍♂️	未直接列在现有 Emoji 网格	1f9b9-1f3fc-200d-2642.png	是	U+1F9B9 U+1F3FC U+200D U+2642 U+FE0F	People & Body	person-fantasy	fully-qualified	Supervillain、中等偏浅肤色、男性符号	SUPERVILLAIN / MEDIUM-LIGHT SKIN TONE / MALE SIGN
1271	🦹🏽‍♂️	人物	肤色变体（右键）	🦹🏽‍♂️	未直接列在现有 Emoji 网格	1f9b9-1f3fd-200d-2642.png	是	U+1F9B9 U+1F3FD U+200D U+2642 U+FE0F	People & Body	person-fantasy	fully-qualified	Supervillain、中等肤色、男性符号	SUPERVILLAIN / MEDIUM SKIN TONE / MALE SIGN
1272	🦹🏾‍♂️	人物	肤色变体（右键）	🦹🏾‍♂️	未直接列在现有 Emoji 网格	1f9b9-1f3fe-200d-2642.png	是	U+1F9B9 U+1F3FE U+200D U+2642 U+FE0F	People & Body	person-fantasy	fully-qualified	Supervillain、中等偏深肤色、男性符号	SUPERVILLAIN / MEDIUM-DARK SKIN TONE / MALE SIGN
1273	🦹🏿‍♂️	人物	肤色变体（右键）	🦹🏿‍♂️	未直接列在现有 Emoji 网格	1f9b9-1f3ff-200d-2642.png	是	U+1F9B9 U+1F3FF U+200D U+2642 U+FE0F	People & Body	person-fantasy	fully-qualified	Supervillain、较深肤色、男性符号	SUPERVILLAIN / DARK SKIN TONE / MALE SIGN
1274	🦹‍♀️	人物	主网格	🦹‍♀️	Emoji·符号与旗帜 / 第 31 行	1f9b9-200d-2640.png	是	U+1F9B9 U+200D U+2640 U+FE0F	People & Body	person-fantasy	fully-qualified	女超级大坏蛋	SUPERVILLAIN / FEMALE SIGN
1275	🦹🏻‍♀️	人物	肤色变体（右键）	🦹🏻‍♀️	未直接列在现有 Emoji 网格	1f9b9-1f3fb-200d-2640.png	是	U+1F9B9 U+1F3FB U+200D U+2640 U+FE0F	People & Body	person-fantasy	fully-qualified	Supervillain、较浅肤色、女性符号	SUPERVILLAIN / LIGHT SKIN TONE / FEMALE SIGN
1276	🦹🏼‍♀️	人物	肤色变体（右键）	🦹🏼‍♀️	未直接列在现有 Emoji 网格	1f9b9-1f3fc-200d-2640.png	是	U+1F9B9 U+1F3FC U+200D U+2640 U+FE0F	People & Body	person-fantasy	fully-qualified	Supervillain、中等偏浅肤色、女性符号	SUPERVILLAIN / MEDIUM-LIGHT SKIN TONE / FEMALE SIGN
1277	🦹🏽‍♀️	人物	肤色变体（右键）	🦹🏽‍♀️	未直接列在现有 Emoji 网格	1f9b9-1f3fd-200d-2640.png	是	U+1F9B9 U+1F3FD U+200D U+2640 U+FE0F	People & Body	person-fantasy	fully-qualified	Supervillain、中等肤色、女性符号	SUPERVILLAIN / MEDIUM SKIN TONE / FEMALE SIGN
1278	🦹🏾‍♀️	人物	肤色变体（右键）	🦹🏾‍♀️	未直接列在现有 Emoji 网格	1f9b9-1f3fe-200d-2640.png	是	U+1F9B9 U+1F3FE U+200D U+2640 U+FE0F	People & Body	person-fantasy	fully-qualified	Supervillain、中等偏深肤色、女性符号	SUPERVILLAIN / MEDIUM-DARK SKIN TONE / FEMALE SIGN
1279	🦹🏿‍♀️	人物	肤色变体（右键）	🦹🏿‍♀️	未直接列在现有 Emoji 网格	1f9b9-1f3ff-200d-2640.png	是	U+1F9B9 U+1F3FF U+200D U+2640 U+FE0F	People & Body	person-fantasy	fully-qualified	Supervillain、较深肤色、女性符号	SUPERVILLAIN / DARK SKIN TONE / FEMALE SIGN
1280	🧙	人物	主网格	🧙	Emoji·符号与旗帜 / 第 41 行	1f9d9.png	是	U+1F9D9	People & Body	person-fantasy	fully-qualified	法师	MAGE
1281	🧙🏻	人物	肤色变体（右键）	🧙🏻	未直接列在现有 Emoji 网格	1f9d9-1f3fb.png	是	U+1F9D9 U+1F3FB	People & Body	person-fantasy	fully-qualified	Mage、较浅肤色	MAGE / LIGHT SKIN TONE
1282	🧙🏼	人物	肤色变体（右键）	🧙🏼	未直接列在现有 Emoji 网格	1f9d9-1f3fc.png	是	U+1F9D9 U+1F3FC	People & Body	person-fantasy	fully-qualified	Mage、中等偏浅肤色	MAGE / MEDIUM-LIGHT SKIN TONE
1283	🧙🏽	人物	肤色变体（右键）	🧙🏽	未直接列在现有 Emoji 网格	1f9d9-1f3fd.png	是	U+1F9D9 U+1F3FD	People & Body	person-fantasy	fully-qualified	Mage、中等肤色	MAGE / MEDIUM SKIN TONE
1284	🧙🏾	人物	肤色变体（右键）	🧙🏾	未直接列在现有 Emoji 网格	1f9d9-1f3fe.png	是	U+1F9D9 U+1F3FE	People & Body	person-fantasy	fully-qualified	Mage、中等偏深肤色	MAGE / MEDIUM-DARK SKIN TONE
1285	🧙🏿	人物	肤色变体（右键）	🧙🏿	未直接列在现有 Emoji 网格	1f9d9-1f3ff.png	是	U+1F9D9 U+1F3FF	People & Body	person-fantasy	fully-qualified	Mage、较深肤色	MAGE / DARK SKIN TONE
1286	🧙‍♂️	人物	主网格	🧙‍♂️	Emoji·符号与旗帜 / 第 31 行	1f9d9-200d-2642.png	是	U+1F9D9 U+200D U+2642 U+FE0F	People & Body	person-fantasy	fully-qualified	男法师	MAGE / MALE SIGN
1287	🧙🏻‍♂️	人物	肤色变体（右键）	🧙🏻‍♂️	未直接列在现有 Emoji 网格	1f9d9-1f3fb-200d-2642.png	是	U+1F9D9 U+1F3FB U+200D U+2642 U+FE0F	People & Body	person-fantasy	fully-qualified	Mage、较浅肤色、男性符号	MAGE / LIGHT SKIN TONE / MALE SIGN
1288	🧙🏼‍♂️	人物	肤色变体（右键）	🧙🏼‍♂️	未直接列在现有 Emoji 网格	1f9d9-1f3fc-200d-2642.png	是	U+1F9D9 U+1F3FC U+200D U+2642 U+FE0F	People & Body	person-fantasy	fully-qualified	Mage、中等偏浅肤色、男性符号	MAGE / MEDIUM-LIGHT SKIN TONE / MALE SIGN
1289	🧙🏽‍♂️	人物	肤色变体（右键）	🧙🏽‍♂️	未直接列在现有 Emoji 网格	1f9d9-1f3fd-200d-2642.png	是	U+1F9D9 U+1F3FD U+200D U+2642 U+FE0F	People & Body	person-fantasy	fully-qualified	Mage、中等肤色、男性符号	MAGE / MEDIUM SKIN TONE / MALE SIGN
1290	🧙🏾‍♂️	人物	肤色变体（右键）	🧙🏾‍♂️	未直接列在现有 Emoji 网格	1f9d9-1f3fe-200d-2642.png	是	U+1F9D9 U+1F3FE U+200D U+2642 U+FE0F	People & Body	person-fantasy	fully-qualified	Mage、中等偏深肤色、男性符号	MAGE / MEDIUM-DARK SKIN TONE / MALE SIGN
1291	🧙🏿‍♂️	人物	肤色变体（右键）	🧙🏿‍♂️	未直接列在现有 Emoji 网格	1f9d9-1f3ff-200d-2642.png	是	U+1F9D9 U+1F3FF U+200D U+2642 U+FE0F	People & Body	person-fantasy	fully-qualified	Mage、较深肤色、男性符号	MAGE / DARK SKIN TONE / MALE SIGN
1292	🧙‍♀️	人物	主网格	🧙‍♀️	Emoji·符号与旗帜 / 第 31 行	1f9d9-200d-2640.png	是	U+1F9D9 U+200D U+2640 U+FE0F	People & Body	person-fantasy	fully-qualified	女法师	MAGE / FEMALE SIGN
1293	🧙🏻‍♀️	人物	肤色变体（右键）	🧙🏻‍♀️	未直接列在现有 Emoji 网格	1f9d9-1f3fb-200d-2640.png	是	U+1F9D9 U+1F3FB U+200D U+2640 U+FE0F	People & Body	person-fantasy	fully-qualified	Mage、较浅肤色、女性符号	MAGE / LIGHT SKIN TONE / FEMALE SIGN
1294	🧙🏼‍♀️	人物	肤色变体（右键）	🧙🏼‍♀️	未直接列在现有 Emoji 网格	1f9d9-1f3fc-200d-2640.png	是	U+1F9D9 U+1F3FC U+200D U+2640 U+FE0F	People & Body	person-fantasy	fully-qualified	Mage、中等偏浅肤色、女性符号	MAGE / MEDIUM-LIGHT SKIN TONE / FEMALE SIGN
1295	🧙🏽‍♀️	人物	肤色变体（右键）	🧙🏽‍♀️	未直接列在现有 Emoji 网格	1f9d9-1f3fd-200d-2640.png	是	U+1F9D9 U+1F3FD U+200D U+2640 U+FE0F	People & Body	person-fantasy	fully-qualified	Mage、中等肤色、女性符号	MAGE / MEDIUM SKIN TONE / FEMALE SIGN
1296	🧙🏾‍♀️	人物	肤色变体（右键）	🧙🏾‍♀️	未直接列在现有 Emoji 网格	1f9d9-1f3fe-200d-2640.png	是	U+1F9D9 U+1F3FE U+200D U+2640 U+FE0F	People & Body	person-fantasy	fully-qualified	Mage、中等偏深肤色、女性符号	MAGE / MEDIUM-DARK SKIN TONE / FEMALE SIGN
1297	🧙🏿‍♀️	人物	肤色变体（右键）	🧙🏿‍♀️	未直接列在现有 Emoji 网格	1f9d9-1f3ff-200d-2640.png	是	U+1F9D9 U+1F3FF U+200D U+2640 U+FE0F	People & Body	person-fantasy	fully-qualified	Mage、较深肤色、女性符号	MAGE / DARK SKIN TONE / FEMALE SIGN
1298	🧚	人物	主网格	🧚	Emoji·符号与旗帜 / 第 41 行	1f9da.png	是	U+1F9DA	People & Body	person-fantasy	fully-qualified	精灵	FAIRY
1299	🧚🏻	人物	肤色变体（右键）	🧚🏻	未直接列在现有 Emoji 网格	1f9da-1f3fb.png	是	U+1F9DA U+1F3FB	People & Body	person-fantasy	fully-qualified	Fairy、较浅肤色	FAIRY / LIGHT SKIN TONE
1300	🧚🏼	人物	肤色变体（右键）	🧚🏼	未直接列在现有 Emoji 网格	1f9da-1f3fc.png	是	U+1F9DA U+1F3FC	People & Body	person-fantasy	fully-qualified	Fairy、中等偏浅肤色	FAIRY / MEDIUM-LIGHT SKIN TONE
1301	🧚🏽	人物	肤色变体（右键）	🧚🏽	未直接列在现有 Emoji 网格	1f9da-1f3fd.png	是	U+1F9DA U+1F3FD	People & Body	person-fantasy	fully-qualified	Fairy、中等肤色	FAIRY / MEDIUM SKIN TONE
1302	🧚🏾	人物	肤色变体（右键）	🧚🏾	未直接列在现有 Emoji 网格	1f9da-1f3fe.png	是	U+1F9DA U+1F3FE	People & Body	person-fantasy	fully-qualified	Fairy、中等偏深肤色	FAIRY / MEDIUM-DARK SKIN TONE
1303	🧚🏿	人物	肤色变体（右键）	🧚🏿	未直接列在现有 Emoji 网格	1f9da-1f3ff.png	是	U+1F9DA U+1F3FF	People & Body	person-fantasy	fully-qualified	Fairy、较深肤色	FAIRY / DARK SKIN TONE
1304	🧚‍♂️	人物	主网格	🧚‍♂️	Emoji·符号与旗帜 / 第 31 行	1f9da-200d-2642.png	是	U+1F9DA U+200D U+2642 U+FE0F	People & Body	person-fantasy	fully-qualified	仙人	FAIRY / MALE SIGN
1305	🧚🏻‍♂️	人物	肤色变体（右键）	🧚🏻‍♂️	未直接列在现有 Emoji 网格	1f9da-1f3fb-200d-2642.png	是	U+1F9DA U+1F3FB U+200D U+2642 U+FE0F	People & Body	person-fantasy	fully-qualified	Fairy、较浅肤色、男性符号	FAIRY / LIGHT SKIN TONE / MALE SIGN
1306	🧚🏼‍♂️	人物	肤色变体（右键）	🧚🏼‍♂️	未直接列在现有 Emoji 网格	1f9da-1f3fc-200d-2642.png	是	U+1F9DA U+1F3FC U+200D U+2642 U+FE0F	People & Body	person-fantasy	fully-qualified	Fairy、中等偏浅肤色、男性符号	FAIRY / MEDIUM-LIGHT SKIN TONE / MALE SIGN
1307	🧚🏽‍♂️	人物	肤色变体（右键）	🧚🏽‍♂️	未直接列在现有 Emoji 网格	1f9da-1f3fd-200d-2642.png	是	U+1F9DA U+1F3FD U+200D U+2642 U+FE0F	People & Body	person-fantasy	fully-qualified	Fairy、中等肤色、男性符号	FAIRY / MEDIUM SKIN TONE / MALE SIGN
1308	🧚🏾‍♂️	人物	肤色变体（右键）	🧚🏾‍♂️	未直接列在现有 Emoji 网格	1f9da-1f3fe-200d-2642.png	是	U+1F9DA U+1F3FE U+200D U+2642 U+FE0F	People & Body	person-fantasy	fully-qualified	Fairy、中等偏深肤色、男性符号	FAIRY / MEDIUM-DARK SKIN TONE / MALE SIGN
1309	🧚🏿‍♂️	人物	肤色变体（右键）	🧚🏿‍♂️	未直接列在现有 Emoji 网格	1f9da-1f3ff-200d-2642.png	是	U+1F9DA U+1F3FF U+200D U+2642 U+FE0F	People & Body	person-fantasy	fully-qualified	Fairy、较深肤色、男性符号	FAIRY / DARK SKIN TONE / MALE SIGN
1310	🧚‍♀️	人物	主网格	🧚‍♀️	Emoji·符号与旗帜 / 第 31 行	1f9da-200d-2640.png	是	U+1F9DA U+200D U+2640 U+FE0F	People & Body	person-fantasy	fully-qualified	仙女	FAIRY / FEMALE SIGN
1311	🧚🏻‍♀️	人物	肤色变体（右键）	🧚🏻‍♀️	未直接列在现有 Emoji 网格	1f9da-1f3fb-200d-2640.png	是	U+1F9DA U+1F3FB U+200D U+2640 U+FE0F	People & Body	person-fantasy	fully-qualified	Fairy、较浅肤色、女性符号	FAIRY / LIGHT SKIN TONE / FEMALE SIGN
1312	🧚🏼‍♀️	人物	肤色变体（右键）	🧚🏼‍♀️	未直接列在现有 Emoji 网格	1f9da-1f3fc-200d-2640.png	是	U+1F9DA U+1F3FC U+200D U+2640 U+FE0F	People & Body	person-fantasy	fully-qualified	Fairy、中等偏浅肤色、女性符号	FAIRY / MEDIUM-LIGHT SKIN TONE / FEMALE SIGN
1313	🧚🏽‍♀️	人物	肤色变体（右键）	🧚🏽‍♀️	未直接列在现有 Emoji 网格	1f9da-1f3fd-200d-2640.png	是	U+1F9DA U+1F3FD U+200D U+2640 U+FE0F	People & Body	person-fantasy	fully-qualified	Fairy、中等肤色、女性符号	FAIRY / MEDIUM SKIN TONE / FEMALE SIGN
1314	🧚🏾‍♀️	人物	肤色变体（右键）	🧚🏾‍♀️	未直接列在现有 Emoji 网格	1f9da-1f3fe-200d-2640.png	是	U+1F9DA U+1F3FE U+200D U+2640 U+FE0F	People & Body	person-fantasy	fully-qualified	Fairy、中等偏深肤色、女性符号	FAIRY / MEDIUM-DARK SKIN TONE / FEMALE SIGN
1315	🧚🏿‍♀️	人物	肤色变体（右键）	🧚🏿‍♀️	未直接列在现有 Emoji 网格	1f9da-1f3ff-200d-2640.png	是	U+1F9DA U+1F3FF U+200D U+2640 U+FE0F	People & Body	person-fantasy	fully-qualified	Fairy、较深肤色、女性符号	FAIRY / DARK SKIN TONE / FEMALE SIGN
1316	🧛	人物	主网格	🧛	Emoji·符号与旗帜 / 第 41 行	1f9db.png	是	U+1F9DB	People & Body	person-fantasy	fully-qualified	吸血鬼	VAMPIRE
1317	🧛🏻	人物	肤色变体（右键）	🧛🏻	未直接列在现有 Emoji 网格	1f9db-1f3fb.png	是	U+1F9DB U+1F3FB	People & Body	person-fantasy	fully-qualified	Vampire、较浅肤色	VAMPIRE / LIGHT SKIN TONE
1318	🧛🏼	人物	肤色变体（右键）	🧛🏼	未直接列在现有 Emoji 网格	1f9db-1f3fc.png	是	U+1F9DB U+1F3FC	People & Body	person-fantasy	fully-qualified	Vampire、中等偏浅肤色	VAMPIRE / MEDIUM-LIGHT SKIN TONE
1319	🧛🏽	人物	肤色变体（右键）	🧛🏽	未直接列在现有 Emoji 网格	1f9db-1f3fd.png	是	U+1F9DB U+1F3FD	People & Body	person-fantasy	fully-qualified	Vampire、中等肤色	VAMPIRE / MEDIUM SKIN TONE
1320	🧛🏾	人物	肤色变体（右键）	🧛🏾	未直接列在现有 Emoji 网格	1f9db-1f3fe.png	是	U+1F9DB U+1F3FE	People & Body	person-fantasy	fully-qualified	Vampire、中等偏深肤色	VAMPIRE / MEDIUM-DARK SKIN TONE
1321	🧛🏿	人物	肤色变体（右键）	🧛🏿	未直接列在现有 Emoji 网格	1f9db-1f3ff.png	是	U+1F9DB U+1F3FF	People & Body	person-fantasy	fully-qualified	Vampire、较深肤色	VAMPIRE / DARK SKIN TONE
1322	🧛‍♂️	人物	主网格	🧛‍♂️	Emoji·符号与旗帜 / 第 31 行	1f9db-200d-2642.png	是	U+1F9DB U+200D U+2642 U+FE0F	People & Body	person-fantasy	fully-qualified	男吸血鬼	VAMPIRE / MALE SIGN
1323	🧛🏻‍♂️	人物	肤色变体（右键）	🧛🏻‍♂️	未直接列在现有 Emoji 网格	1f9db-1f3fb-200d-2642.png	是	U+1F9DB U+1F3FB U+200D U+2642 U+FE0F	People & Body	person-fantasy	fully-qualified	Vampire、较浅肤色、男性符号	VAMPIRE / LIGHT SKIN TONE / MALE SIGN
1324	🧛🏼‍♂️	人物	肤色变体（右键）	🧛🏼‍♂️	未直接列在现有 Emoji 网格	1f9db-1f3fc-200d-2642.png	是	U+1F9DB U+1F3FC U+200D U+2642 U+FE0F	People & Body	person-fantasy	fully-qualified	Vampire、中等偏浅肤色、男性符号	VAMPIRE / MEDIUM-LIGHT SKIN TONE / MALE SIGN
1325	🧛🏽‍♂️	人物	肤色变体（右键）	🧛🏽‍♂️	未直接列在现有 Emoji 网格	1f9db-1f3fd-200d-2642.png	是	U+1F9DB U+1F3FD U+200D U+2642 U+FE0F	People & Body	person-fantasy	fully-qualified	Vampire、中等肤色、男性符号	VAMPIRE / MEDIUM SKIN TONE / MALE SIGN
1326	🧛🏾‍♂️	人物	肤色变体（右键）	🧛🏾‍♂️	未直接列在现有 Emoji 网格	1f9db-1f3fe-200d-2642.png	是	U+1F9DB U+1F3FE U+200D U+2642 U+FE0F	People & Body	person-fantasy	fully-qualified	Vampire、中等偏深肤色、男性符号	VAMPIRE / MEDIUM-DARK SKIN TONE / MALE SIGN
1327	🧛🏿‍♂️	人物	肤色变体（右键）	🧛🏿‍♂️	未直接列在现有 Emoji 网格	1f9db-1f3ff-200d-2642.png	是	U+1F9DB U+1F3FF U+200D U+2642 U+FE0F	People & Body	person-fantasy	fully-qualified	Vampire、较深肤色、男性符号	VAMPIRE / DARK SKIN TONE / MALE SIGN
1328	🧛‍♀️	人物	主网格	🧛‍♀️	Emoji·符号与旗帜 / 第 31 行	1f9db-200d-2640.png	是	U+1F9DB U+200D U+2640 U+FE0F	People & Body	person-fantasy	fully-qualified	女吸血鬼	VAMPIRE / FEMALE SIGN
1329	🧛🏻‍♀️	人物	肤色变体（右键）	🧛🏻‍♀️	未直接列在现有 Emoji 网格	1f9db-1f3fb-200d-2640.png	是	U+1F9DB U+1F3FB U+200D U+2640 U+FE0F	People & Body	person-fantasy	fully-qualified	Vampire、较浅肤色、女性符号	VAMPIRE / LIGHT SKIN TONE / FEMALE SIGN
1330	🧛🏼‍♀️	人物	肤色变体（右键）	🧛🏼‍♀️	未直接列在现有 Emoji 网格	1f9db-1f3fc-200d-2640.png	是	U+1F9DB U+1F3FC U+200D U+2640 U+FE0F	People & Body	person-fantasy	fully-qualified	Vampire、中等偏浅肤色、女性符号	VAMPIRE / MEDIUM-LIGHT SKIN TONE / FEMALE SIGN
1331	🧛🏽‍♀️	人物	肤色变体（右键）	🧛🏽‍♀️	未直接列在现有 Emoji 网格	1f9db-1f3fd-200d-2640.png	是	U+1F9DB U+1F3FD U+200D U+2640 U+FE0F	People & Body	person-fantasy	fully-qualified	Vampire、中等肤色、女性符号	VAMPIRE / MEDIUM SKIN TONE / FEMALE SIGN
1332	🧛🏾‍♀️	人物	肤色变体（右键）	🧛🏾‍♀️	未直接列在现有 Emoji 网格	1f9db-1f3fe-200d-2640.png	是	U+1F9DB U+1F3FE U+200D U+2640 U+FE0F	People & Body	person-fantasy	fully-qualified	Vampire、中等偏深肤色、女性符号	VAMPIRE / MEDIUM-DARK SKIN TONE / FEMALE SIGN
1333	🧛🏿‍♀️	人物	肤色变体（右键）	🧛🏿‍♀️	未直接列在现有 Emoji 网格	1f9db-1f3ff-200d-2640.png	是	U+1F9DB U+1F3FF U+200D U+2640 U+FE0F	People & Body	person-fantasy	fully-qualified	Vampire、较深肤色、女性符号	VAMPIRE / DARK SKIN TONE / FEMALE SIGN
1334	🧜	人物	主网格	🧜	Emoji·表情与人物 / 第 18 行	1f9dc.png	是	U+1F9DC	People & Body	person-fantasy	fully-qualified	人鱼	MERPERSON
1335	🧜🏻	人物	肤色变体（右键）	🧜🏻	未直接列在现有 Emoji 网格	1f9dc-1f3fb.png	是	U+1F9DC U+1F3FB	People & Body	person-fantasy	fully-qualified	Merperson、较浅肤色	MERPERSON / LIGHT SKIN TONE
1336	🧜🏼	人物	肤色变体（右键）	🧜🏼	未直接列在现有 Emoji 网格	1f9dc-1f3fc.png	是	U+1F9DC U+1F3FC	People & Body	person-fantasy	fully-qualified	Merperson、中等偏浅肤色	MERPERSON / MEDIUM-LIGHT SKIN TONE
1337	🧜🏽	人物	肤色变体（右键）	🧜🏽	未直接列在现有 Emoji 网格	1f9dc-1f3fd.png	是	U+1F9DC U+1F3FD	People & Body	person-fantasy	fully-qualified	Merperson、中等肤色	MERPERSON / MEDIUM SKIN TONE
1338	🧜🏾	人物	肤色变体（右键）	🧜🏾	未直接列在现有 Emoji 网格	1f9dc-1f3fe.png	是	U+1F9DC U+1F3FE	People & Body	person-fantasy	fully-qualified	Merperson、中等偏深肤色	MERPERSON / MEDIUM-DARK SKIN TONE
1339	🧜🏿	人物	肤色变体（右键）	🧜🏿	未直接列在现有 Emoji 网格	1f9dc-1f3ff.png	是	U+1F9DC U+1F3FF	People & Body	person-fantasy	fully-qualified	Merperson、较深肤色	MERPERSON / DARK SKIN TONE
1340	🧜‍♂️	人物	主网格	🧜‍♂️	Emoji·表情与人物 / 第 16 行	1f9dc-200d-2642.png	是	U+1F9DC U+200D U+2642 U+FE0F	People & Body	person-fantasy	fully-qualified	男人鱼	MERPERSON / MALE SIGN
1341	🧜🏻‍♂️	人物	肤色变体（右键）	🧜🏻‍♂️	未直接列在现有 Emoji 网格	1f9dc-1f3fb-200d-2642.png	是	U+1F9DC U+1F3FB U+200D U+2642 U+FE0F	People & Body	person-fantasy	fully-qualified	Merperson、较浅肤色、男性符号	MERPERSON / LIGHT SKIN TONE / MALE SIGN
1342	🧜🏼‍♂️	人物	肤色变体（右键）	🧜🏼‍♂️	未直接列在现有 Emoji 网格	1f9dc-1f3fc-200d-2642.png	是	U+1F9DC U+1F3FC U+200D U+2642 U+FE0F	People & Body	person-fantasy	fully-qualified	Merperson、中等偏浅肤色、男性符号	MERPERSON / MEDIUM-LIGHT SKIN TONE / MALE SIGN
1343	🧜🏽‍♂️	人物	肤色变体（右键）	🧜🏽‍♂️	未直接列在现有 Emoji 网格	1f9dc-1f3fd-200d-2642.png	是	U+1F9DC U+1F3FD U+200D U+2642 U+FE0F	People & Body	person-fantasy	fully-qualified	Merperson、中等肤色、男性符号	MERPERSON / MEDIUM SKIN TONE / MALE SIGN
1344	🧜🏾‍♂️	人物	肤色变体（右键）	🧜🏾‍♂️	未直接列在现有 Emoji 网格	1f9dc-1f3fe-200d-2642.png	是	U+1F9DC U+1F3FE U+200D U+2642 U+FE0F	People & Body	person-fantasy	fully-qualified	Merperson、中等偏深肤色、男性符号	MERPERSON / MEDIUM-DARK SKIN TONE / MALE SIGN
1345	🧜🏿‍♂️	人物	肤色变体（右键）	🧜🏿‍♂️	未直接列在现有 Emoji 网格	1f9dc-1f3ff-200d-2642.png	是	U+1F9DC U+1F3FF U+200D U+2642 U+FE0F	People & Body	person-fantasy	fully-qualified	Merperson、较深肤色、男性符号	MERPERSON / DARK SKIN TONE / MALE SIGN
1346	🧜‍♀️	人物	主网格	🧜‍♀️	Emoji·表情与人物 / 第 16 行	1f9dc-200d-2640.png	是	U+1F9DC U+200D U+2640 U+FE0F	People & Body	person-fantasy	fully-qualified	美人鱼	MERPERSON / FEMALE SIGN
1347	🧜🏻‍♀️	人物	肤色变体（右键）	🧜🏻‍♀️	未直接列在现有 Emoji 网格	1f9dc-1f3fb-200d-2640.png	是	U+1F9DC U+1F3FB U+200D U+2640 U+FE0F	People & Body	person-fantasy	fully-qualified	Merperson、较浅肤色、女性符号	MERPERSON / LIGHT SKIN TONE / FEMALE SIGN
1348	🧜🏼‍♀️	人物	肤色变体（右键）	🧜🏼‍♀️	未直接列在现有 Emoji 网格	1f9dc-1f3fc-200d-2640.png	是	U+1F9DC U+1F3FC U+200D U+2640 U+FE0F	People & Body	person-fantasy	fully-qualified	Merperson、中等偏浅肤色、女性符号	MERPERSON / MEDIUM-LIGHT SKIN TONE / FEMALE SIGN
1349	🧜🏽‍♀️	人物	肤色变体（右键）	🧜🏽‍♀️	未直接列在现有 Emoji 网格	1f9dc-1f3fd-200d-2640.png	是	U+1F9DC U+1F3FD U+200D U+2640 U+FE0F	People & Body	person-fantasy	fully-qualified	Merperson、中等肤色、女性符号	MERPERSON / MEDIUM SKIN TONE / FEMALE SIGN
1350	🧜🏾‍♀️	人物	肤色变体（右键）	🧜🏾‍♀️	未直接列在现有 Emoji 网格	1f9dc-1f3fe-200d-2640.png	是	U+1F9DC U+1F3FE U+200D U+2640 U+FE0F	People & Body	person-fantasy	fully-qualified	Merperson、中等偏深肤色、女性符号	MERPERSON / MEDIUM-DARK SKIN TONE / FEMALE SIGN
1351	🧜🏿‍♀️	人物	肤色变体（右键）	🧜🏿‍♀️	未直接列在现有 Emoji 网格	1f9dc-1f3ff-200d-2640.png	是	U+1F9DC U+1F3FF U+200D U+2640 U+FE0F	People & Body	person-fantasy	fully-qualified	Merperson、较深肤色、女性符号	MERPERSON / DARK SKIN TONE / FEMALE SIGN
1352	🧝	人物	主网格	🧝	Emoji·符号与旗帜 / 第 41 行	1f9dd.png	是	U+1F9DD	People & Body	person-fantasy	fully-qualified	小精灵	ELF
1353	🧝🏻	人物	肤色变体（右键）	🧝🏻	未直接列在现有 Emoji 网格	1f9dd-1f3fb.png	是	U+1F9DD U+1F3FB	People & Body	person-fantasy	fully-qualified	Elf、较浅肤色	ELF / LIGHT SKIN TONE
1354	🧝🏼	人物	肤色变体（右键）	🧝🏼	未直接列在现有 Emoji 网格	1f9dd-1f3fc.png	是	U+1F9DD U+1F3FC	People & Body	person-fantasy	fully-qualified	Elf、中等偏浅肤色	ELF / MEDIUM-LIGHT SKIN TONE
1355	🧝🏽	人物	肤色变体（右键）	🧝🏽	未直接列在现有 Emoji 网格	1f9dd-1f3fd.png	是	U+1F9DD U+1F3FD	People & Body	person-fantasy	fully-qualified	Elf、中等肤色	ELF / MEDIUM SKIN TONE
1356	🧝🏾	人物	肤色变体（右键）	🧝🏾	未直接列在现有 Emoji 网格	1f9dd-1f3fe.png	是	U+1F9DD U+1F3FE	People & Body	person-fantasy	fully-qualified	Elf、中等偏深肤色	ELF / MEDIUM-DARK SKIN TONE
1357	🧝🏿	人物	肤色变体（右键）	🧝🏿	未直接列在现有 Emoji 网格	1f9dd-1f3ff.png	是	U+1F9DD U+1F3FF	People & Body	person-fantasy	fully-qualified	Elf、较深肤色	ELF / DARK SKIN TONE
1358	🧝‍♂️	人物	主网格	🧝‍♂️	Emoji·符号与旗帜 / 第 31 行	1f9dd-200d-2642.png	是	U+1F9DD U+200D U+2642 U+FE0F	People & Body	person-fantasy	fully-qualified	男小精灵	ELF / MALE SIGN
1359	🧝🏻‍♂️	人物	肤色变体（右键）	🧝🏻‍♂️	未直接列在现有 Emoji 网格	1f9dd-1f3fb-200d-2642.png	是	U+1F9DD U+1F3FB U+200D U+2642 U+FE0F	People & Body	person-fantasy	fully-qualified	Elf、较浅肤色、男性符号	ELF / LIGHT SKIN TONE / MALE SIGN
1360	🧝🏼‍♂️	人物	肤色变体（右键）	🧝🏼‍♂️	未直接列在现有 Emoji 网格	1f9dd-1f3fc-200d-2642.png	是	U+1F9DD U+1F3FC U+200D U+2642 U+FE0F	People & Body	person-fantasy	fully-qualified	Elf、中等偏浅肤色、男性符号	ELF / MEDIUM-LIGHT SKIN TONE / MALE SIGN
1361	🧝🏽‍♂️	人物	肤色变体（右键）	🧝🏽‍♂️	未直接列在现有 Emoji 网格	1f9dd-1f3fd-200d-2642.png	是	U+1F9DD U+1F3FD U+200D U+2642 U+FE0F	People & Body	person-fantasy	fully-qualified	Elf、中等肤色、男性符号	ELF / MEDIUM SKIN TONE / MALE SIGN
1362	🧝🏾‍♂️	人物	肤色变体（右键）	🧝🏾‍♂️	未直接列在现有 Emoji 网格	1f9dd-1f3fe-200d-2642.png	是	U+1F9DD U+1F3FE U+200D U+2642 U+FE0F	People & Body	person-fantasy	fully-qualified	Elf、中等偏深肤色、男性符号	ELF / MEDIUM-DARK SKIN TONE / MALE SIGN
1363	🧝🏿‍♂️	人物	肤色变体（右键）	🧝🏿‍♂️	未直接列在现有 Emoji 网格	1f9dd-1f3ff-200d-2642.png	是	U+1F9DD U+1F3FF U+200D U+2642 U+FE0F	People & Body	person-fantasy	fully-qualified	Elf、较深肤色、男性符号	ELF / DARK SKIN TONE / MALE SIGN
1364	🧝‍♀️	人物	主网格	🧝‍♀️	Emoji·符号与旗帜 / 第 31 行	1f9dd-200d-2640.png	是	U+1F9DD U+200D U+2640 U+FE0F	People & Body	person-fantasy	fully-qualified	女小精灵	ELF / FEMALE SIGN
1365	🧝🏻‍♀️	人物	肤色变体（右键）	🧝🏻‍♀️	未直接列在现有 Emoji 网格	1f9dd-1f3fb-200d-2640.png	是	U+1F9DD U+1F3FB U+200D U+2640 U+FE0F	People & Body	person-fantasy	fully-qualified	Elf、较浅肤色、女性符号	ELF / LIGHT SKIN TONE / FEMALE SIGN
1366	🧝🏼‍♀️	人物	肤色变体（右键）	🧝🏼‍♀️	未直接列在现有 Emoji 网格	1f9dd-1f3fc-200d-2640.png	是	U+1F9DD U+1F3FC U+200D U+2640 U+FE0F	People & Body	person-fantasy	fully-qualified	Elf、中等偏浅肤色、女性符号	ELF / MEDIUM-LIGHT SKIN TONE / FEMALE SIGN
1367	🧝🏽‍♀️	人物	肤色变体（右键）	🧝🏽‍♀️	未直接列在现有 Emoji 网格	1f9dd-1f3fd-200d-2640.png	是	U+1F9DD U+1F3FD U+200D U+2640 U+FE0F	People & Body	person-fantasy	fully-qualified	Elf、中等肤色、女性符号	ELF / MEDIUM SKIN TONE / FEMALE SIGN
1368	🧝🏾‍♀️	人物	肤色变体（右键）	🧝🏾‍♀️	未直接列在现有 Emoji 网格	1f9dd-1f3fe-200d-2640.png	是	U+1F9DD U+1F3FE U+200D U+2640 U+FE0F	People & Body	person-fantasy	fully-qualified	Elf、中等偏深肤色、女性符号	ELF / MEDIUM-DARK SKIN TONE / FEMALE SIGN
1369	🧝🏿‍♀️	人物	肤色变体（右键）	🧝🏿‍♀️	未直接列在现有 Emoji 网格	1f9dd-1f3ff-200d-2640.png	是	U+1F9DD U+1F3FF U+200D U+2640 U+FE0F	People & Body	person-fantasy	fully-qualified	Elf、较深肤色、女性符号	ELF / DARK SKIN TONE / FEMALE SIGN
1370	🧞	人物	主网格	🧞	Emoji·符号与旗帜 / 第 44 行	1f9de.png	是	U+1F9DE	People & Body	person-fantasy	fully-qualified	妖怪	GENIE
1371	🧞‍♂️	人物	主网格	🧞‍♂️	Emoji·符号与旗帜 / 第 32 行	1f9de-200d-2642.png	是	U+1F9DE U+200D U+2642 U+FE0F	People & Body	person-fantasy	fully-qualified	男妖怪	GENIE / MALE SIGN
1372	🧞‍♀️	人物	主网格	🧞‍♀️	Emoji·符号与旗帜 / 第 32 行	1f9de-200d-2640.png	是	U+1F9DE U+200D U+2640 U+FE0F	People & Body	person-fantasy	fully-qualified	女妖怪	GENIE / FEMALE SIGN
1373	🧟	人物	主网格	🧟	Emoji·符号与旗帜 / 第 44 行	1f9df.png	是	U+1F9DF	People & Body	person-fantasy	fully-qualified	僵尸	ZOMBIE
1374	🧟‍♂️	人物	主网格	🧟‍♂️	Emoji·符号与旗帜 / 第 32 行	1f9df-200d-2642.png	是	U+1F9DF U+200D U+2642 U+FE0F	People & Body	person-fantasy	fully-qualified	男僵尸	ZOMBIE / MALE SIGN
1375	🧟‍♀️	人物	主网格	🧟‍♀️	Emoji·符号与旗帜 / 第 32 行	1f9df-200d-2640.png	是	U+1F9DF U+200D U+2640 U+FE0F	People & Body	person-fantasy	fully-qualified	女僵尸	ZOMBIE / FEMALE SIGN
1376	🧌	人物	主网格	🧌	Emoji·符号与旗帜 / 第 88 行	1f9cc.png	是	U+1F9CC	People & Body	person-fantasy	fully-qualified	穴居巨怪	TROLL
1377	🫈	人物	主网格	🫈	Emoji·符号与旗帜 / 第 89 行	1fac8.png	是	U+1FAC8	People & Body	person-fantasy	fully-qualified	毛怪	U+1FAC8
1378	💆	人物	主网格	💆	Emoji·表情与人物 / 第 23 行	1f486.png	是	U+1F486	People & Body	person-activity	fully-qualified	按摩	FACE MASSAGE
1379	💆🏻	人物	肤色变体（右键）	💆🏻	未直接列在现有 Emoji 网格	1f486-1f3fb.png	是	U+1F486 U+1F3FB	People & Body	person-activity	fully-qualified	脸Massage、较浅肤色	FACE MASSAGE / LIGHT SKIN TONE
1380	💆🏼	人物	肤色变体（右键）	💆🏼	未直接列在现有 Emoji 网格	1f486-1f3fc.png	是	U+1F486 U+1F3FC	People & Body	person-activity	fully-qualified	脸Massage、中等偏浅肤色	FACE MASSAGE / MEDIUM-LIGHT SKIN TONE
1381	💆🏽	人物	肤色变体（右键）	💆🏽	未直接列在现有 Emoji 网格	1f486-1f3fd.png	是	U+1F486 U+1F3FD	People & Body	person-activity	fully-qualified	脸Massage、中等肤色	FACE MASSAGE / MEDIUM SKIN TONE
1382	💆🏾	人物	肤色变体（右键）	💆🏾	未直接列在现有 Emoji 网格	1f486-1f3fe.png	是	U+1F486 U+1F3FE	People & Body	person-activity	fully-qualified	脸Massage、中等偏深肤色	FACE MASSAGE / MEDIUM-DARK SKIN TONE
1383	💆🏿	人物	肤色变体（右键）	💆🏿	未直接列在现有 Emoji 网格	1f486-1f3ff.png	是	U+1F486 U+1F3FF	People & Body	person-activity	fully-qualified	脸Massage、较深肤色	FACE MASSAGE / DARK SKIN TONE
1384	💆‍♂️	人物	主网格	💆‍♂️	Emoji·表情与人物 / 表情与情绪	1f486-200d-2642.png	是	U+1F486 U+200D U+2642 U+FE0F	People & Body	person-activity	fully-qualified	男生按摩	FACE MASSAGE / MALE SIGN
1385	💆🏻‍♂️	人物	肤色变体（右键）	💆🏻‍♂️	未直接列在现有 Emoji 网格	1f486-1f3fb-200d-2642.png	是	U+1F486 U+1F3FB U+200D U+2642 U+FE0F	People & Body	person-activity	fully-qualified	脸Massage、较浅肤色、男性符号	FACE MASSAGE / LIGHT SKIN TONE / MALE SIGN
1386	💆🏼‍♂️	人物	肤色变体（右键）	💆🏼‍♂️	未直接列在现有 Emoji 网格	1f486-1f3fc-200d-2642.png	是	U+1F486 U+1F3FC U+200D U+2642 U+FE0F	People & Body	person-activity	fully-qualified	脸Massage、中等偏浅肤色、男性符号	FACE MASSAGE / MEDIUM-LIGHT SKIN TONE / MALE SIGN
1387	💆🏽‍♂️	人物	肤色变体（右键）	💆🏽‍♂️	未直接列在现有 Emoji 网格	1f486-1f3fd-200d-2642.png	是	U+1F486 U+1F3FD U+200D U+2642 U+FE0F	People & Body	person-activity	fully-qualified	脸Massage、中等肤色、男性符号	FACE MASSAGE / MEDIUM SKIN TONE / MALE SIGN
1388	💆🏾‍♂️	人物	肤色变体（右键）	💆🏾‍♂️	未直接列在现有 Emoji 网格	1f486-1f3fe-200d-2642.png	是	U+1F486 U+1F3FE U+200D U+2642 U+FE0F	People & Body	person-activity	fully-qualified	脸Massage、中等偏深肤色、男性符号	FACE MASSAGE / MEDIUM-DARK SKIN TONE / MALE SIGN
1389	💆🏿‍♂️	人物	肤色变体（右键）	💆🏿‍♂️	未直接列在现有 Emoji 网格	1f486-1f3ff-200d-2642.png	是	U+1F486 U+1F3FF U+200D U+2642 U+FE0F	People & Body	person-activity	fully-qualified	脸Massage、较深肤色、男性符号	FACE MASSAGE / DARK SKIN TONE / MALE SIGN
1390	💆‍♀️	人物	主网格	💆‍♀️	Emoji·表情与人物 / 表情与情绪	1f486-200d-2640.png	是	U+1F486 U+200D U+2640 U+FE0F	People & Body	person-activity	fully-qualified	女生按摩	FACE MASSAGE / FEMALE SIGN
1391	💆🏻‍♀️	人物	肤色变体（右键）	💆🏻‍♀️	未直接列在现有 Emoji 网格	1f486-1f3fb-200d-2640.png	是	U+1F486 U+1F3FB U+200D U+2640 U+FE0F	People & Body	person-activity	fully-qualified	脸Massage、较浅肤色、女性符号	FACE MASSAGE / LIGHT SKIN TONE / FEMALE SIGN
1392	💆🏼‍♀️	人物	肤色变体（右键）	💆🏼‍♀️	未直接列在现有 Emoji 网格	1f486-1f3fc-200d-2640.png	是	U+1F486 U+1F3FC U+200D U+2640 U+FE0F	People & Body	person-activity	fully-qualified	脸Massage、中等偏浅肤色、女性符号	FACE MASSAGE / MEDIUM-LIGHT SKIN TONE / FEMALE SIGN
1393	💆🏽‍♀️	人物	肤色变体（右键）	💆🏽‍♀️	未直接列在现有 Emoji 网格	1f486-1f3fd-200d-2640.png	是	U+1F486 U+1F3FD U+200D U+2640 U+FE0F	People & Body	person-activity	fully-qualified	脸Massage、中等肤色、女性符号	FACE MASSAGE / MEDIUM SKIN TONE / FEMALE SIGN
1394	💆🏾‍♀️	人物	肤色变体（右键）	💆🏾‍♀️	未直接列在现有 Emoji 网格	1f486-1f3fe-200d-2640.png	是	U+1F486 U+1F3FE U+200D U+2640 U+FE0F	People & Body	person-activity	fully-qualified	脸Massage、中等偏深肤色、女性符号	FACE MASSAGE / MEDIUM-DARK SKIN TONE / FEMALE SIGN
1395	💆🏿‍♀️	人物	肤色变体（右键）	💆🏿‍♀️	未直接列在现有 Emoji 网格	1f486-1f3ff-200d-2640.png	是	U+1F486 U+1F3FF U+200D U+2640 U+FE0F	People & Body	person-activity	fully-qualified	脸Massage、较深肤色、女性符号	FACE MASSAGE / DARK SKIN TONE / FEMALE SIGN
1396	💇	人物	主网格	💇	Emoji·符号与旗帜 / 第 41 行	1f487.png	是	U+1F487	People & Body	person-activity	fully-qualified	理发	HAIRCUT
1397	💇🏻	人物	肤色变体（右键）	💇🏻	未直接列在现有 Emoji 网格	1f487-1f3fb.png	是	U+1F487 U+1F3FB	People & Body	person-activity	fully-qualified	Haircut、较浅肤色	HAIRCUT / LIGHT SKIN TONE
1398	💇🏼	人物	肤色变体（右键）	💇🏼	未直接列在现有 Emoji 网格	1f487-1f3fc.png	是	U+1F487 U+1F3FC	People & Body	person-activity	fully-qualified	Haircut、中等偏浅肤色	HAIRCUT / MEDIUM-LIGHT SKIN TONE
1399	💇🏽	人物	肤色变体（右键）	💇🏽	未直接列在现有 Emoji 网格	1f487-1f3fd.png	是	U+1F487 U+1F3FD	People & Body	person-activity	fully-qualified	Haircut、中等肤色	HAIRCUT / MEDIUM SKIN TONE
1400	💇🏾	人物	肤色变体（右键）	💇🏾	未直接列在现有 Emoji 网格	1f487-1f3fe.png	是	U+1F487 U+1F3FE	People & Body	person-activity	fully-qualified	Haircut、中等偏深肤色	HAIRCUT / MEDIUM-DARK SKIN TONE
1401	💇🏿	人物	肤色变体（右键）	💇🏿	未直接列在现有 Emoji 网格	1f487-1f3ff.png	是	U+1F487 U+1F3FF	People & Body	person-activity	fully-qualified	Haircut、较深肤色	HAIRCUT / DARK SKIN TONE
1402	💇‍♂️	人物	主网格	💇‍♂️	Emoji·符号与旗帜 / 第 30 行	1f487-200d-2642.png	是	U+1F487 U+200D U+2642 U+FE0F	People & Body	person-activity	fully-qualified	男生理发	HAIRCUT / MALE SIGN
1403	💇🏻‍♂️	人物	肤色变体（右键）	💇🏻‍♂️	未直接列在现有 Emoji 网格	1f487-1f3fb-200d-2642.png	是	U+1F487 U+1F3FB U+200D U+2642 U+FE0F	People & Body	person-activity	fully-qualified	Haircut、较浅肤色、男性符号	HAIRCUT / LIGHT SKIN TONE / MALE SIGN
1404	💇🏼‍♂️	人物	肤色变体（右键）	💇🏼‍♂️	未直接列在现有 Emoji 网格	1f487-1f3fc-200d-2642.png	是	U+1F487 U+1F3FC U+200D U+2642 U+FE0F	People & Body	person-activity	fully-qualified	Haircut、中等偏浅肤色、男性符号	HAIRCUT / MEDIUM-LIGHT SKIN TONE / MALE SIGN
1405	💇🏽‍♂️	人物	肤色变体（右键）	💇🏽‍♂️	未直接列在现有 Emoji 网格	1f487-1f3fd-200d-2642.png	是	U+1F487 U+1F3FD U+200D U+2642 U+FE0F	People & Body	person-activity	fully-qualified	Haircut、中等肤色、男性符号	HAIRCUT / MEDIUM SKIN TONE / MALE SIGN
1406	💇🏾‍♂️	人物	肤色变体（右键）	💇🏾‍♂️	未直接列在现有 Emoji 网格	1f487-1f3fe-200d-2642.png	是	U+1F487 U+1F3FE U+200D U+2642 U+FE0F	People & Body	person-activity	fully-qualified	Haircut、中等偏深肤色、男性符号	HAIRCUT / MEDIUM-DARK SKIN TONE / MALE SIGN
1407	💇🏿‍♂️	人物	肤色变体（右键）	💇🏿‍♂️	未直接列在现有 Emoji 网格	1f487-1f3ff-200d-2642.png	是	U+1F487 U+1F3FF U+200D U+2642 U+FE0F	People & Body	person-activity	fully-qualified	Haircut、较深肤色、男性符号	HAIRCUT / DARK SKIN TONE / MALE SIGN
1408	💇‍♀️	人物	主网格	💇‍♀️	Emoji·符号与旗帜 / 第 30 行	1f487-200d-2640.png	是	U+1F487 U+200D U+2640 U+FE0F	People & Body	person-activity	fully-qualified	女生理发	HAIRCUT / FEMALE SIGN
1409	💇🏻‍♀️	人物	肤色变体（右键）	💇🏻‍♀️	未直接列在现有 Emoji 网格	1f487-1f3fb-200d-2640.png	是	U+1F487 U+1F3FB U+200D U+2640 U+FE0F	People & Body	person-activity	fully-qualified	Haircut、较浅肤色、女性符号	HAIRCUT / LIGHT SKIN TONE / FEMALE SIGN
1410	💇🏼‍♀️	人物	肤色变体（右键）	💇🏼‍♀️	未直接列在现有 Emoji 网格	1f487-1f3fc-200d-2640.png	是	U+1F487 U+1F3FC U+200D U+2640 U+FE0F	People & Body	person-activity	fully-qualified	Haircut、中等偏浅肤色、女性符号	HAIRCUT / MEDIUM-LIGHT SKIN TONE / FEMALE SIGN
1411	💇🏽‍♀️	人物	肤色变体（右键）	💇🏽‍♀️	未直接列在现有 Emoji 网格	1f487-1f3fd-200d-2640.png	是	U+1F487 U+1F3FD U+200D U+2640 U+FE0F	People & Body	person-activity	fully-qualified	Haircut、中等肤色、女性符号	HAIRCUT / MEDIUM SKIN TONE / FEMALE SIGN
1412	💇🏾‍♀️	人物	肤色变体（右键）	💇🏾‍♀️	未直接列在现有 Emoji 网格	1f487-1f3fe-200d-2640.png	是	U+1F487 U+1F3FE U+200D U+2640 U+FE0F	People & Body	person-activity	fully-qualified	Haircut、中等偏深肤色、女性符号	HAIRCUT / MEDIUM-DARK SKIN TONE / FEMALE SIGN
1413	💇🏿‍♀️	人物	肤色变体（右键）	💇🏿‍♀️	未直接列在现有 Emoji 网格	1f487-1f3ff-200d-2640.png	是	U+1F487 U+1F3FF U+200D U+2640 U+FE0F	People & Body	person-activity	fully-qualified	Haircut、较深肤色、女性符号	HAIRCUT / DARK SKIN TONE / FEMALE SIGN
1414	🗣️	人物	主网格	🗣️	Emoji·符号与旗帜 / 第 39 行	1f5e3.png	是	U+1F5E3 U+FE0F	People & Body	person-symbol	fully-qualified	说话	SPEAKING HEAD IN SILHOUETTE
1415	🗣	人物	呈现别名（不重复显示）	🗣️	Emoji·符号与旗帜 / 第 87 行	1f5e3.png	是	U+1F5E3	People & Body	person-symbol	unqualified	说话	SPEAKING HEAD IN SILHOUETTE
1416	👤	人物	主网格	👤	Emoji·旅行与物品 / 第 11 行	1f464.png	是	U+1F464	People & Body	person-symbol	fully-qualified	人像	BUST IN SILHOUETTE
1417	👥	人物	主网格	👥	Emoji·旅行与物品 / 第 11 行	1f465.png	是	U+1F465	People & Body	person-symbol	fully-qualified	双人像	BUSTS IN SILHOUETTE
1418	👣	人物	主网格	👣	Emoji·符号与旗帜 / 第 55 行	1f463.png	是	U+1F463	People & Body	person-symbol	fully-qualified	脚印	FOOTPRINTS
1419	🫆	人物	主网格	🫆	Emoji·符号与旗帜 / 第 89 行	1fac6.png	是	U+1FAC6	People & Body	person-symbol	fully-qualified	指纹	U+1FAC6
1420	🏻	人物	肤色变体（右键）	🏻	Emoji·符号与旗帜 / 第 53 行	1f3fb.png	是	U+1F3FB	Component	skin-tone	component	较浅肤色	LIGHT SKIN TONE
1421	🏼	人物	肤色变体（右键）	🏼	未直接列在现有 Emoji 网格	1f3fc.png	是	U+1F3FC	Component	skin-tone	component	中等-浅肤色	MEDIUM-LIGHT SKIN TONE
1422	🏽	人物	肤色变体（右键）	🏽	未直接列在现有 Emoji 网格	1f3fd.png	是	U+1F3FD	Component	skin-tone	component	中等肤色	MEDIUM SKIN TONE
1423	🏾	人物	肤色变体（右键）	🏾	未直接列在现有 Emoji 网格	1f3fe.png	是	U+1F3FE	Component	skin-tone	component	中等-深肤色	MEDIUM-DARK SKIN TONE
1424	🏿	人物	肤色变体（右键）	🏿	未直接列在现有 Emoji 网格	1f3ff.png	是	U+1F3FF	Component	skin-tone	component	较深肤色	DARK SKIN TONE
1425	🦰	人物	主网格	🦰	Emoji·符号与旗帜 / 第 72 行	1f9b0.png	是	U+1F9B0	Component	hair-style	component	红发	EMOJI COMPONENT RED HAIR
1426	🦱	人物	主网格	🦱	Emoji·符号与旗帜 / 第 72 行	1f9b1.png	是	U+1F9B1	Component	hair-style	component	卷发	EMOJI COMPONENT CURLY HAIR
1427	🦳	人物	主网格	🦳	Emoji·符号与旗帜 / 第 97 行	1f9b3.png	是	U+1F9B3	Component	hair-style	component	白发	EMOJI COMPONENT WHITE HAIR
1428	🦲	人物	主网格	🦲	Emoji·符号与旗帜 / 第 72 行	1f9b2.png	是	U+1F9B2	Component	hair-style	component	秃顶	EMOJI COMPONENT BALD
1429	🚶	人物活动	主网格	🚶	Emoji·符号与旗帜 / 第 41 行	1f6b6.png	是	U+1F6B6	People & Body	person-activity	fully-qualified	行人	PEDESTRIAN
1430	🚶🏻	人物活动	肤色变体（右键）	🚶🏻	未直接列在现有 Emoji 网格	1f6b6-1f3fb.png	是	U+1F6B6 U+1F3FB	People & Body	person-activity	fully-qualified	Pedestrian、较浅肤色	PEDESTRIAN / LIGHT SKIN TONE
1431	🚶🏼	人物活动	肤色变体（右键）	🚶🏼	未直接列在现有 Emoji 网格	1f6b6-1f3fc.png	是	U+1F6B6 U+1F3FC	People & Body	person-activity	fully-qualified	Pedestrian、中等偏浅肤色	PEDESTRIAN / MEDIUM-LIGHT SKIN TONE
1432	🚶🏽	人物活动	肤色变体（右键）	🚶🏽	未直接列在现有 Emoji 网格	1f6b6-1f3fd.png	是	U+1F6B6 U+1F3FD	People & Body	person-activity	fully-qualified	Pedestrian、中等肤色	PEDESTRIAN / MEDIUM SKIN TONE
1433	🚶🏾	人物活动	肤色变体（右键）	🚶🏾	未直接列在现有 Emoji 网格	1f6b6-1f3fe.png	是	U+1F6B6 U+1F3FE	People & Body	person-activity	fully-qualified	Pedestrian、中等偏深肤色	PEDESTRIAN / MEDIUM-DARK SKIN TONE
1434	🚶🏿	人物活动	肤色变体（右键）	🚶🏿	未直接列在现有 Emoji 网格	1f6b6-1f3ff.png	是	U+1F6B6 U+1F3FF	People & Body	person-activity	fully-qualified	Pedestrian、较深肤色	PEDESTRIAN / DARK SKIN TONE
1435	🚶‍♂️	人物活动	主网格	🚶‍♂️	Emoji·符号与旗帜 / 第 30 行	1f6b6-200d-2642.png	是	U+1F6B6 U+200D U+2642 U+FE0F	People & Body	person-activity	fully-qualified	男行人	PEDESTRIAN / MALE SIGN
1436	🚶🏻‍♂️	人物活动	肤色变体（右键）	🚶🏻‍♂️	未直接列在现有 Emoji 网格	1f6b6-1f3fb-200d-2642.png	是	U+1F6B6 U+1F3FB U+200D U+2642 U+FE0F	People & Body	person-activity	fully-qualified	Pedestrian、较浅肤色、男性符号	PEDESTRIAN / LIGHT SKIN TONE / MALE SIGN
1437	🚶🏼‍♂️	人物活动	肤色变体（右键）	🚶🏼‍♂️	未直接列在现有 Emoji 网格	1f6b6-1f3fc-200d-2642.png	是	U+1F6B6 U+1F3FC U+200D U+2642 U+FE0F	People & Body	person-activity	fully-qualified	Pedestrian、中等偏浅肤色、男性符号	PEDESTRIAN / MEDIUM-LIGHT SKIN TONE / MALE SIGN
1438	🚶🏽‍♂️	人物活动	肤色变体（右键）	🚶🏽‍♂️	未直接列在现有 Emoji 网格	1f6b6-1f3fd-200d-2642.png	是	U+1F6B6 U+1F3FD U+200D U+2642 U+FE0F	People & Body	person-activity	fully-qualified	Pedestrian、中等肤色、男性符号	PEDESTRIAN / MEDIUM SKIN TONE / MALE SIGN
1439	🚶🏾‍♂️	人物活动	肤色变体（右键）	🚶🏾‍♂️	未直接列在现有 Emoji 网格	1f6b6-1f3fe-200d-2642.png	是	U+1F6B6 U+1F3FE U+200D U+2642 U+FE0F	People & Body	person-activity	fully-qualified	Pedestrian、中等偏深肤色、男性符号	PEDESTRIAN / MEDIUM-DARK SKIN TONE / MALE SIGN
1440	🚶🏿‍♂️	人物活动	肤色变体（右键）	🚶🏿‍♂️	未直接列在现有 Emoji 网格	1f6b6-1f3ff-200d-2642.png	是	U+1F6B6 U+1F3FF U+200D U+2642 U+FE0F	People & Body	person-activity	fully-qualified	Pedestrian、较深肤色、男性符号	PEDESTRIAN / DARK SKIN TONE / MALE SIGN
1441	🚶‍♀️	人物活动	主网格	🚶‍♀️	Emoji·符号与旗帜 / 第 30 行	1f6b6-200d-2640.png	是	U+1F6B6 U+200D U+2640 U+FE0F	People & Body	person-activity	fully-qualified	女行人	PEDESTRIAN / FEMALE SIGN
1442	🚶🏻‍♀️	人物活动	肤色变体（右键）	🚶🏻‍♀️	未直接列在现有 Emoji 网格	1f6b6-1f3fb-200d-2640.png	是	U+1F6B6 U+1F3FB U+200D U+2640 U+FE0F	People & Body	person-activity	fully-qualified	Pedestrian、较浅肤色、女性符号	PEDESTRIAN / LIGHT SKIN TONE / FEMALE SIGN
1443	🚶🏼‍♀️	人物活动	肤色变体（右键）	🚶🏼‍♀️	未直接列在现有 Emoji 网格	1f6b6-1f3fc-200d-2640.png	是	U+1F6B6 U+1F3FC U+200D U+2640 U+FE0F	People & Body	person-activity	fully-qualified	Pedestrian、中等偏浅肤色、女性符号	PEDESTRIAN / MEDIUM-LIGHT SKIN TONE / FEMALE SIGN
1444	🚶🏽‍♀️	人物活动	肤色变体（右键）	🚶🏽‍♀️	未直接列在现有 Emoji 网格	1f6b6-1f3fd-200d-2640.png	是	U+1F6B6 U+1F3FD U+200D U+2640 U+FE0F	People & Body	person-activity	fully-qualified	Pedestrian、中等肤色、女性符号	PEDESTRIAN / MEDIUM SKIN TONE / FEMALE SIGN
1445	🚶🏾‍♀️	人物活动	肤色变体（右键）	🚶🏾‍♀️	未直接列在现有 Emoji 网格	1f6b6-1f3fe-200d-2640.png	是	U+1F6B6 U+1F3FE U+200D U+2640 U+FE0F	People & Body	person-activity	fully-qualified	Pedestrian、中等偏深肤色、女性符号	PEDESTRIAN / MEDIUM-DARK SKIN TONE / FEMALE SIGN
1446	🚶🏿‍♀️	人物活动	肤色变体（右键）	🚶🏿‍♀️	未直接列在现有 Emoji 网格	1f6b6-1f3ff-200d-2640.png	是	U+1F6B6 U+1F3FF U+200D U+2640 U+FE0F	People & Body	person-activity	fully-qualified	Pedestrian、较深肤色、女性符号	PEDESTRIAN / DARK SKIN TONE / FEMALE SIGN
1447	🧍	人物活动	主网格	🧍	Emoji·表情与人物 / 第 17 行	1f9cd.png	是	U+1F9CD	People & Body	person-activity	fully-qualified	站立者	STANDING PERSON
1448	🧍🏻	人物活动	肤色变体（右键）	🧍🏻	未直接列在现有 Emoji 网格	1f9cd-1f3fb.png	是	U+1F9CD U+1F3FB	People & Body	person-activity	fully-qualified	Standing人物、较浅肤色	STANDING PERSON / LIGHT SKIN TONE
1449	🧍🏼	人物活动	肤色变体（右键）	🧍🏼	未直接列在现有 Emoji 网格	1f9cd-1f3fc.png	是	U+1F9CD U+1F3FC	People & Body	person-activity	fully-qualified	Standing人物、中等偏浅肤色	STANDING PERSON / MEDIUM-LIGHT SKIN TONE
1450	🧍🏽	人物活动	肤色变体（右键）	🧍🏽	未直接列在现有 Emoji 网格	1f9cd-1f3fd.png	是	U+1F9CD U+1F3FD	People & Body	person-activity	fully-qualified	Standing人物、中等肤色	STANDING PERSON / MEDIUM SKIN TONE
1451	🧍🏾	人物活动	肤色变体（右键）	🧍🏾	未直接列在现有 Emoji 网格	1f9cd-1f3fe.png	是	U+1F9CD U+1F3FE	People & Body	person-activity	fully-qualified	Standing人物、中等偏深肤色	STANDING PERSON / MEDIUM-DARK SKIN TONE
1452	🧍🏿	人物活动	肤色变体（右键）	🧍🏿	未直接列在现有 Emoji 网格	1f9cd-1f3ff.png	是	U+1F9CD U+1F3FF	People & Body	person-activity	fully-qualified	Standing人物、较深肤色	STANDING PERSON / DARK SKIN TONE
1453	🧍‍♂️	人物活动	主网格	🧍‍♂️	Emoji·表情与人物 / 第 15 行	1f9cd-200d-2642.png	是	U+1F9CD U+200D U+2642 U+FE0F	People & Body	person-activity	fully-qualified	站立的男人	STANDING PERSON / MALE SIGN
1454	🧍🏻‍♂️	人物活动	肤色变体（右键）	🧍🏻‍♂️	未直接列在现有 Emoji 网格	1f9cd-1f3fb-200d-2642.png	是	U+1F9CD U+1F3FB U+200D U+2642 U+FE0F	People & Body	person-activity	fully-qualified	Standing人物、较浅肤色、男性符号	STANDING PERSON / LIGHT SKIN TONE / MALE SIGN
1455	🧍🏼‍♂️	人物活动	肤色变体（右键）	🧍🏼‍♂️	未直接列在现有 Emoji 网格	1f9cd-1f3fc-200d-2642.png	是	U+1F9CD U+1F3FC U+200D U+2642 U+FE0F	People & Body	person-activity	fully-qualified	Standing人物、中等偏浅肤色、男性符号	STANDING PERSON / MEDIUM-LIGHT SKIN TONE / MALE SIGN
1456	🧍🏽‍♂️	人物活动	肤色变体（右键）	🧍🏽‍♂️	未直接列在现有 Emoji 网格	1f9cd-1f3fd-200d-2642.png	是	U+1F9CD U+1F3FD U+200D U+2642 U+FE0F	People & Body	person-activity	fully-qualified	Standing人物、中等肤色、男性符号	STANDING PERSON / MEDIUM SKIN TONE / MALE SIGN
1457	🧍🏾‍♂️	人物活动	肤色变体（右键）	🧍🏾‍♂️	未直接列在现有 Emoji 网格	1f9cd-1f3fe-200d-2642.png	是	U+1F9CD U+1F3FE U+200D U+2642 U+FE0F	People & Body	person-activity	fully-qualified	Standing人物、中等偏深肤色、男性符号	STANDING PERSON / MEDIUM-DARK SKIN TONE / MALE SIGN
1458	🧍🏿‍♂️	人物活动	肤色变体（右键）	🧍🏿‍♂️	未直接列在现有 Emoji 网格	1f9cd-1f3ff-200d-2642.png	是	U+1F9CD U+1F3FF U+200D U+2642 U+FE0F	People & Body	person-activity	fully-qualified	Standing人物、较深肤色、男性符号	STANDING PERSON / DARK SKIN TONE / MALE SIGN
1459	🧍‍♀️	人物活动	主网格	🧍‍♀️	Emoji·表情与人物 / 第 14 行	1f9cd-200d-2640.png	是	U+1F9CD U+200D U+2640 U+FE0F	People & Body	person-activity	fully-qualified	站立的女人	STANDING PERSON / FEMALE SIGN
1460	🧍🏻‍♀️	人物活动	肤色变体（右键）	🧍🏻‍♀️	未直接列在现有 Emoji 网格	1f9cd-1f3fb-200d-2640.png	是	U+1F9CD U+1F3FB U+200D U+2640 U+FE0F	People & Body	person-activity	fully-qualified	Standing人物、较浅肤色、女性符号	STANDING PERSON / LIGHT SKIN TONE / FEMALE SIGN
1461	🧍🏼‍♀️	人物活动	肤色变体（右键）	🧍🏼‍♀️	未直接列在现有 Emoji 网格	1f9cd-1f3fc-200d-2640.png	是	U+1F9CD U+1F3FC U+200D U+2640 U+FE0F	People & Body	person-activity	fully-qualified	Standing人物、中等偏浅肤色、女性符号	STANDING PERSON / MEDIUM-LIGHT SKIN TONE / FEMALE SIGN
1462	🧍🏽‍♀️	人物活动	肤色变体（右键）	🧍🏽‍♀️	未直接列在现有 Emoji 网格	1f9cd-1f3fd-200d-2640.png	是	U+1F9CD U+1F3FD U+200D U+2640 U+FE0F	People & Body	person-activity	fully-qualified	Standing人物、中等肤色、女性符号	STANDING PERSON / MEDIUM SKIN TONE / FEMALE SIGN
1463	🧍🏾‍♀️	人物活动	肤色变体（右键）	🧍🏾‍♀️	未直接列在现有 Emoji 网格	1f9cd-1f3fe-200d-2640.png	是	U+1F9CD U+1F3FE U+200D U+2640 U+FE0F	People & Body	person-activity	fully-qualified	Standing人物、中等偏深肤色、女性符号	STANDING PERSON / MEDIUM-DARK SKIN TONE / FEMALE SIGN
1464	🧍🏿‍♀️	人物活动	肤色变体（右键）	🧍🏿‍♀️	未直接列在现有 Emoji 网格	1f9cd-1f3ff-200d-2640.png	是	U+1F9CD U+1F3FF U+200D U+2640 U+FE0F	People & Body	person-activity	fully-qualified	Standing人物、较深肤色、女性符号	STANDING PERSON / DARK SKIN TONE / FEMALE SIGN
1465	🧎	人物活动	主网格	🧎	Emoji·表情与人物 / 第 18 行	1f9ce.png	是	U+1F9CE	People & Body	person-activity	fully-qualified	下跪者	KNEELING PERSON
1466	🧎🏻	人物活动	肤色变体（右键）	🧎🏻	未直接列在现有 Emoji 网格	1f9ce-1f3fb.png	是	U+1F9CE U+1F3FB	People & Body	person-activity	fully-qualified	Kneeling人物、较浅肤色	KNEELING PERSON / LIGHT SKIN TONE
1467	🧎🏼	人物活动	肤色变体（右键）	🧎🏼	未直接列在现有 Emoji 网格	1f9ce-1f3fc.png	是	U+1F9CE U+1F3FC	People & Body	person-activity	fully-qualified	Kneeling人物、中等偏浅肤色	KNEELING PERSON / MEDIUM-LIGHT SKIN TONE
1468	🧎🏽	人物活动	肤色变体（右键）	🧎🏽	未直接列在现有 Emoji 网格	1f9ce-1f3fd.png	是	U+1F9CE U+1F3FD	People & Body	person-activity	fully-qualified	Kneeling人物、中等肤色	KNEELING PERSON / MEDIUM SKIN TONE
1469	🧎🏾	人物活动	肤色变体（右键）	🧎🏾	未直接列在现有 Emoji 网格	1f9ce-1f3fe.png	是	U+1F9CE U+1F3FE	People & Body	person-activity	fully-qualified	Kneeling人物、中等偏深肤色	KNEELING PERSON / MEDIUM-DARK SKIN TONE
1470	🧎🏿	人物活动	肤色变体（右键）	🧎🏿	未直接列在现有 Emoji 网格	1f9ce-1f3ff.png	是	U+1F9CE U+1F3FF	People & Body	person-activity	fully-qualified	Kneeling人物、较深肤色	KNEELING PERSON / DARK SKIN TONE
1471	🧎‍♂️	人物活动	主网格	🧎‍♂️	Emoji·表情与人物 / 第 15 行	1f9ce-200d-2642.png	是	U+1F9CE U+200D U+2642 U+FE0F	People & Body	person-activity	fully-qualified	跪下的男人	KNEELING PERSON / MALE SIGN
1472	🧎🏻‍♂️	人物活动	肤色变体（右键）	🧎🏻‍♂️	未直接列在现有 Emoji 网格	1f9ce-1f3fb-200d-2642.png	是	U+1F9CE U+1F3FB U+200D U+2642 U+FE0F	People & Body	person-activity	fully-qualified	Kneeling人物、较浅肤色、男性符号	KNEELING PERSON / LIGHT SKIN TONE / MALE SIGN
1473	🧎🏼‍♂️	人物活动	肤色变体（右键）	🧎🏼‍♂️	未直接列在现有 Emoji 网格	1f9ce-1f3fc-200d-2642.png	是	U+1F9CE U+1F3FC U+200D U+2642 U+FE0F	People & Body	person-activity	fully-qualified	Kneeling人物、中等偏浅肤色、男性符号	KNEELING PERSON / MEDIUM-LIGHT SKIN TONE / MALE SIGN
1474	🧎🏽‍♂️	人物活动	肤色变体（右键）	🧎🏽‍♂️	未直接列在现有 Emoji 网格	1f9ce-1f3fd-200d-2642.png	是	U+1F9CE U+1F3FD U+200D U+2642 U+FE0F	People & Body	person-activity	fully-qualified	Kneeling人物、中等肤色、男性符号	KNEELING PERSON / MEDIUM SKIN TONE / MALE SIGN
1475	🧎🏾‍♂️	人物活动	肤色变体（右键）	🧎🏾‍♂️	未直接列在现有 Emoji 网格	1f9ce-1f3fe-200d-2642.png	是	U+1F9CE U+1F3FE U+200D U+2642 U+FE0F	People & Body	person-activity	fully-qualified	Kneeling人物、中等偏深肤色、男性符号	KNEELING PERSON / MEDIUM-DARK SKIN TONE / MALE SIGN
1476	🧎🏿‍♂️	人物活动	肤色变体（右键）	🧎🏿‍♂️	未直接列在现有 Emoji 网格	1f9ce-1f3ff-200d-2642.png	是	U+1F9CE U+1F3FF U+200D U+2642 U+FE0F	People & Body	person-activity	fully-qualified	Kneeling人物、较深肤色、男性符号	KNEELING PERSON / DARK SKIN TONE / MALE SIGN
1477	🧎‍♀️	人物活动	主网格	🧎‍♀️	Emoji·表情与人物 / 第 15 行	1f9ce-200d-2640.png	是	U+1F9CE U+200D U+2640 U+FE0F	People & Body	person-activity	fully-qualified	跪下的女人	KNEELING PERSON / FEMALE SIGN
1478	🧎🏻‍♀️	人物活动	肤色变体（右键）	🧎🏻‍♀️	未直接列在现有 Emoji 网格	1f9ce-1f3fb-200d-2640.png	是	U+1F9CE U+1F3FB U+200D U+2640 U+FE0F	People & Body	person-activity	fully-qualified	Kneeling人物、较浅肤色、女性符号	KNEELING PERSON / LIGHT SKIN TONE / FEMALE SIGN
1479	🧎🏼‍♀️	人物活动	肤色变体（右键）	🧎🏼‍♀️	未直接列在现有 Emoji 网格	1f9ce-1f3fc-200d-2640.png	是	U+1F9CE U+1F3FC U+200D U+2640 U+FE0F	People & Body	person-activity	fully-qualified	Kneeling人物、中等偏浅肤色、女性符号	KNEELING PERSON / MEDIUM-LIGHT SKIN TONE / FEMALE SIGN
1480	🧎🏽‍♀️	人物活动	肤色变体（右键）	🧎🏽‍♀️	未直接列在现有 Emoji 网格	1f9ce-1f3fd-200d-2640.png	是	U+1F9CE U+1F3FD U+200D U+2640 U+FE0F	People & Body	person-activity	fully-qualified	Kneeling人物、中等肤色、女性符号	KNEELING PERSON / MEDIUM SKIN TONE / FEMALE SIGN
1481	🧎🏾‍♀️	人物活动	肤色变体（右键）	🧎🏾‍♀️	未直接列在现有 Emoji 网格	1f9ce-1f3fe-200d-2640.png	是	U+1F9CE U+1F3FE U+200D U+2640 U+FE0F	People & Body	person-activity	fully-qualified	Kneeling人物、中等偏深肤色、女性符号	KNEELING PERSON / MEDIUM-DARK SKIN TONE / FEMALE SIGN
1482	🧎🏿‍♀️	人物活动	肤色变体（右键）	🧎🏿‍♀️	未直接列在现有 Emoji 网格	1f9ce-1f3ff-200d-2640.png	是	U+1F9CE U+1F3FF U+200D U+2640 U+FE0F	People & Body	person-activity	fully-qualified	Kneeling人物、较深肤色、女性符号	KNEELING PERSON / DARK SKIN TONE / FEMALE SIGN
1483	🧑‍🦯	人物活动	主网格	🧑‍🦯	Emoji·符号与旗帜 / 第 28 行	1f9d1-200d-1f9af.png	是	U+1F9D1 U+200D U+1F9AF	People & Body	person-activity	fully-qualified	拄盲杖的人	ADULT / PROBING CANE
1484	🧑🏻‍🦯	人物活动	肤色变体（右键）	🧑🏻‍🦯	未直接列在现有 Emoji 网格	1f9d1-1f3fb-200d-1f9af.png	是	U+1F9D1 U+1F3FB U+200D U+1F9AF	People & Body	person-activity	fully-qualified	成年人、较浅肤色、ProbingCane	ADULT / LIGHT SKIN TONE / PROBING CANE
1485	🧑🏼‍🦯	人物活动	肤色变体（右键）	🧑🏼‍🦯	未直接列在现有 Emoji 网格	1f9d1-1f3fc-200d-1f9af.png	是	U+1F9D1 U+1F3FC U+200D U+1F9AF	People & Body	person-activity	fully-qualified	成年人、中等偏浅肤色、ProbingCane	ADULT / MEDIUM-LIGHT SKIN TONE / PROBING CANE
1486	🧑🏽‍🦯	人物活动	肤色变体（右键）	🧑🏽‍🦯	未直接列在现有 Emoji 网格	1f9d1-1f3fd-200d-1f9af.png	是	U+1F9D1 U+1F3FD U+200D U+1F9AF	People & Body	person-activity	fully-qualified	成年人、中等肤色、ProbingCane	ADULT / MEDIUM SKIN TONE / PROBING CANE
1487	🧑🏾‍🦯	人物活动	肤色变体（右键）	🧑🏾‍🦯	未直接列在现有 Emoji 网格	1f9d1-1f3fe-200d-1f9af.png	是	U+1F9D1 U+1F3FE U+200D U+1F9AF	People & Body	person-activity	fully-qualified	成年人、中等偏深肤色、ProbingCane	ADULT / MEDIUM-DARK SKIN TONE / PROBING CANE
1488	🧑🏿‍🦯	人物活动	肤色变体（右键）	🧑🏿‍🦯	未直接列在现有 Emoji 网格	1f9d1-1f3ff-200d-1f9af.png	是	U+1F9D1 U+1F3FF U+200D U+1F9AF	People & Body	person-activity	fully-qualified	成年人、较深肤色、ProbingCane	ADULT / DARK SKIN TONE / PROBING CANE
1489	👨‍🦯	人物活动	主网格	👨‍🦯	Emoji·表情与人物 / 第 9 行	1f468-200d-1f9af.png	是	U+1F468 U+200D U+1F9AF	People & Body	person-activity	fully-qualified	拄盲杖的男人	MAN / PROBING CANE
1490	👨🏻‍🦯	人物活动	肤色变体（右键）	👨🏻‍🦯	未直接列在现有 Emoji 网格	1f468-1f3fb-200d-1f9af.png	是	U+1F468 U+1F3FB U+200D U+1F9AF	People & Body	person-activity	fully-qualified	男性、较浅肤色、ProbingCane	MAN / LIGHT SKIN TONE / PROBING CANE
1491	👨🏼‍🦯	人物活动	肤色变体（右键）	👨🏼‍🦯	未直接列在现有 Emoji 网格	1f468-1f3fc-200d-1f9af.png	是	U+1F468 U+1F3FC U+200D U+1F9AF	People & Body	person-activity	fully-qualified	男性、中等偏浅肤色、ProbingCane	MAN / MEDIUM-LIGHT SKIN TONE / PROBING CANE
1492	👨🏽‍🦯	人物活动	肤色变体（右键）	👨🏽‍🦯	未直接列在现有 Emoji 网格	1f468-1f3fd-200d-1f9af.png	是	U+1F468 U+1F3FD U+200D U+1F9AF	People & Body	person-activity	fully-qualified	男性、中等肤色、ProbingCane	MAN / MEDIUM SKIN TONE / PROBING CANE
1493	👨🏾‍🦯	人物活动	肤色变体（右键）	👨🏾‍🦯	未直接列在现有 Emoji 网格	1f468-1f3fe-200d-1f9af.png	是	U+1F468 U+1F3FE U+200D U+1F9AF	People & Body	person-activity	fully-qualified	男性、中等偏深肤色、ProbingCane	MAN / MEDIUM-DARK SKIN TONE / PROBING CANE
1494	👨🏿‍🦯	人物活动	肤色变体（右键）	👨🏿‍🦯	未直接列在现有 Emoji 网格	1f468-1f3ff-200d-1f9af.png	是	U+1F468 U+1F3FF U+200D U+1F9AF	People & Body	person-activity	fully-qualified	男性、较深肤色、ProbingCane	MAN / DARK SKIN TONE / PROBING CANE
1495	👩‍🦯	人物活动	主网格	👩‍🦯	Emoji·表情与人物 / 第 12 行	1f469-200d-1f9af.png	是	U+1F469 U+200D U+1F9AF	People & Body	person-activity	fully-qualified	拄盲杖的女人	WOMAN / PROBING CANE
1496	👩🏻‍🦯	人物活动	肤色变体（右键）	👩🏻‍🦯	未直接列在现有 Emoji 网格	1f469-1f3fb-200d-1f9af.png	是	U+1F469 U+1F3FB U+200D U+1F9AF	People & Body	person-activity	fully-qualified	女性、较浅肤色、ProbingCane	WOMAN / LIGHT SKIN TONE / PROBING CANE
1497	👩🏼‍🦯	人物活动	肤色变体（右键）	👩🏼‍🦯	未直接列在现有 Emoji 网格	1f469-1f3fc-200d-1f9af.png	是	U+1F469 U+1F3FC U+200D U+1F9AF	People & Body	person-activity	fully-qualified	女性、中等偏浅肤色、ProbingCane	WOMAN / MEDIUM-LIGHT SKIN TONE / PROBING CANE
1498	👩🏽‍🦯	人物活动	肤色变体（右键）	👩🏽‍🦯	未直接列在现有 Emoji 网格	1f469-1f3fd-200d-1f9af.png	是	U+1F469 U+1F3FD U+200D U+1F9AF	People & Body	person-activity	fully-qualified	女性、中等肤色、ProbingCane	WOMAN / MEDIUM SKIN TONE / PROBING CANE
1499	👩🏾‍🦯	人物活动	肤色变体（右键）	👩🏾‍🦯	未直接列在现有 Emoji 网格	1f469-1f3fe-200d-1f9af.png	是	U+1F469 U+1F3FE U+200D U+1F9AF	People & Body	person-activity	fully-qualified	女性、中等偏深肤色、ProbingCane	WOMAN / MEDIUM-DARK SKIN TONE / PROBING CANE
1500	👩🏿‍🦯	人物活动	肤色变体（右键）	👩🏿‍🦯	未直接列在现有 Emoji 网格	1f469-1f3ff-200d-1f9af.png	是	U+1F469 U+1F3FF U+200D U+1F9AF	People & Body	person-activity	fully-qualified	女性、较深肤色、ProbingCane	WOMAN / DARK SKIN TONE / PROBING CANE
1501	🧑‍🦼	人物活动	主网格	🧑‍🦼	Emoji·旅行与物品 / 交通工具	1f9d1-200d-1f9bc.png	是	U+1F9D1 U+200D U+1F9BC	People & Body	person-activity	fully-qualified	坐电动轮椅的人	ADULT / MOTORIZED WHEELCHAIR
1502	🧑🏻‍🦼	人物活动	肤色变体（右键）	🧑🏻‍🦼	未直接列在现有 Emoji 网格	1f9d1-1f3fb-200d-1f9bc.png	是	U+1F9D1 U+1F3FB U+200D U+1F9BC	People & Body	person-activity	fully-qualified	成年人、较浅肤色、MotorizedWheelchair	ADULT / LIGHT SKIN TONE / MOTORIZED WHEELCHAIR
1503	🧑🏼‍🦼	人物活动	肤色变体（右键）	🧑🏼‍🦼	未直接列在现有 Emoji 网格	1f9d1-1f3fc-200d-1f9bc.png	是	U+1F9D1 U+1F3FC U+200D U+1F9BC	People & Body	person-activity	fully-qualified	成年人、中等偏浅肤色、MotorizedWheelchair	ADULT / MEDIUM-LIGHT SKIN TONE / MOTORIZED WHEELCHAIR
1504	🧑🏽‍🦼	人物活动	肤色变体（右键）	🧑🏽‍🦼	未直接列在现有 Emoji 网格	1f9d1-1f3fd-200d-1f9bc.png	是	U+1F9D1 U+1F3FD U+200D U+1F9BC	People & Body	person-activity	fully-qualified	成年人、中等肤色、MotorizedWheelchair	ADULT / MEDIUM SKIN TONE / MOTORIZED WHEELCHAIR
1505	🧑🏾‍🦼	人物活动	肤色变体（右键）	🧑🏾‍🦼	未直接列在现有 Emoji 网格	1f9d1-1f3fe-200d-1f9bc.png	是	U+1F9D1 U+1F3FE U+200D U+1F9BC	People & Body	person-activity	fully-qualified	成年人、中等偏深肤色、MotorizedWheelchair	ADULT / MEDIUM-DARK SKIN TONE / MOTORIZED WHEELCHAIR
1506	🧑🏿‍🦼	人物活动	肤色变体（右键）	🧑🏿‍🦼	未直接列在现有 Emoji 网格	1f9d1-1f3ff-200d-1f9bc.png	是	U+1F9D1 U+1F3FF U+200D U+1F9BC	People & Body	person-activity	fully-qualified	成年人、较深肤色、MotorizedWheelchair	ADULT / DARK SKIN TONE / MOTORIZED WHEELCHAIR
1507	👨‍🦼	人物活动	主网格	👨‍🦼	Emoji·表情与人物 / 第 9 行	1f468-200d-1f9bc.png	是	U+1F468 U+200D U+1F9BC	People & Body	person-activity	fully-qualified	坐电动轮椅的男人	MAN / MOTORIZED WHEELCHAIR
1508	👨🏻‍🦼	人物活动	肤色变体（右键）	👨🏻‍🦼	未直接列在现有 Emoji 网格	1f468-1f3fb-200d-1f9bc.png	是	U+1F468 U+1F3FB U+200D U+1F9BC	People & Body	person-activity	fully-qualified	男性、较浅肤色、MotorizedWheelchair	MAN / LIGHT SKIN TONE / MOTORIZED WHEELCHAIR
1509	👨🏼‍🦼	人物活动	肤色变体（右键）	👨🏼‍🦼	未直接列在现有 Emoji 网格	1f468-1f3fc-200d-1f9bc.png	是	U+1F468 U+1F3FC U+200D U+1F9BC	People & Body	person-activity	fully-qualified	男性、中等偏浅肤色、MotorizedWheelchair	MAN / MEDIUM-LIGHT SKIN TONE / MOTORIZED WHEELCHAIR
1510	👨🏽‍🦼	人物活动	肤色变体（右键）	👨🏽‍🦼	未直接列在现有 Emoji 网格	1f468-1f3fd-200d-1f9bc.png	是	U+1F468 U+1F3FD U+200D U+1F9BC	People & Body	person-activity	fully-qualified	男性、中等肤色、MotorizedWheelchair	MAN / MEDIUM SKIN TONE / MOTORIZED WHEELCHAIR
1511	👨🏾‍🦼	人物活动	肤色变体（右键）	👨🏾‍🦼	未直接列在现有 Emoji 网格	1f468-1f3fe-200d-1f9bc.png	是	U+1F468 U+1F3FE U+200D U+1F9BC	People & Body	person-activity	fully-qualified	男性、中等偏深肤色、MotorizedWheelchair	MAN / MEDIUM-DARK SKIN TONE / MOTORIZED WHEELCHAIR
1512	👨🏿‍🦼	人物活动	肤色变体（右键）	👨🏿‍🦼	未直接列在现有 Emoji 网格	1f468-1f3ff-200d-1f9bc.png	是	U+1F468 U+1F3FF U+200D U+1F9BC	People & Body	person-activity	fully-qualified	男性、较深肤色、MotorizedWheelchair	MAN / DARK SKIN TONE / MOTORIZED WHEELCHAIR
1513	👩‍🦼	人物活动	主网格	👩‍🦼	Emoji·表情与人物 / 第 12 行	1f469-200d-1f9bc.png	是	U+1F469 U+200D U+1F9BC	People & Body	person-activity	fully-qualified	坐电动轮椅的女人	WOMAN / MOTORIZED WHEELCHAIR
1514	👩🏻‍🦼	人物活动	肤色变体（右键）	👩🏻‍🦼	未直接列在现有 Emoji 网格	1f469-1f3fb-200d-1f9bc.png	是	U+1F469 U+1F3FB U+200D U+1F9BC	People & Body	person-activity	fully-qualified	女性、较浅肤色、MotorizedWheelchair	WOMAN / LIGHT SKIN TONE / MOTORIZED WHEELCHAIR
1515	👩🏼‍🦼	人物活动	肤色变体（右键）	👩🏼‍🦼	未直接列在现有 Emoji 网格	1f469-1f3fc-200d-1f9bc.png	是	U+1F469 U+1F3FC U+200D U+1F9BC	People & Body	person-activity	fully-qualified	女性、中等偏浅肤色、MotorizedWheelchair	WOMAN / MEDIUM-LIGHT SKIN TONE / MOTORIZED WHEELCHAIR
1516	👩🏽‍🦼	人物活动	肤色变体（右键）	👩🏽‍🦼	未直接列在现有 Emoji 网格	1f469-1f3fd-200d-1f9bc.png	是	U+1F469 U+1F3FD U+200D U+1F9BC	People & Body	person-activity	fully-qualified	女性、中等肤色、MotorizedWheelchair	WOMAN / MEDIUM SKIN TONE / MOTORIZED WHEELCHAIR
1517	👩🏾‍🦼	人物活动	肤色变体（右键）	👩🏾‍🦼	未直接列在现有 Emoji 网格	1f469-1f3fe-200d-1f9bc.png	是	U+1F469 U+1F3FE U+200D U+1F9BC	People & Body	person-activity	fully-qualified	女性、中等偏深肤色、MotorizedWheelchair	WOMAN / MEDIUM-DARK SKIN TONE / MOTORIZED WHEELCHAIR
1518	👩🏿‍🦼	人物活动	肤色变体（右键）	👩🏿‍🦼	未直接列在现有 Emoji 网格	1f469-1f3ff-200d-1f9bc.png	是	U+1F469 U+1F3FF U+200D U+1F9BC	People & Body	person-activity	fully-qualified	女性、较深肤色、MotorizedWheelchair	WOMAN / DARK SKIN TONE / MOTORIZED WHEELCHAIR
1519	🧑‍🦽	人物活动	主网格	🧑‍🦽	Emoji·表情与人物 / 第 12 行	1f9d1-200d-1f9bd.png	是	U+1F9D1 U+200D U+1F9BD	People & Body	person-activity	fully-qualified	坐手动轮椅的人	ADULT / MANUAL WHEELCHAIR
1520	🧑🏻‍🦽	人物活动	肤色变体（右键）	🧑🏻‍🦽	未直接列在现有 Emoji 网格	1f9d1-1f3fb-200d-1f9bd.png	是	U+1F9D1 U+1F3FB U+200D U+1F9BD	People & Body	person-activity	fully-qualified	成年人、较浅肤色、ManualWheelchair	ADULT / LIGHT SKIN TONE / MANUAL WHEELCHAIR
1521	🧑🏼‍🦽	人物活动	肤色变体（右键）	🧑🏼‍🦽	未直接列在现有 Emoji 网格	1f9d1-1f3fc-200d-1f9bd.png	是	U+1F9D1 U+1F3FC U+200D U+1F9BD	People & Body	person-activity	fully-qualified	成年人、中等偏浅肤色、ManualWheelchair	ADULT / MEDIUM-LIGHT SKIN TONE / MANUAL WHEELCHAIR
1522	🧑🏽‍🦽	人物活动	肤色变体（右键）	🧑🏽‍🦽	未直接列在现有 Emoji 网格	1f9d1-1f3fd-200d-1f9bd.png	是	U+1F9D1 U+1F3FD U+200D U+1F9BD	People & Body	person-activity	fully-qualified	成年人、中等肤色、ManualWheelchair	ADULT / MEDIUM SKIN TONE / MANUAL WHEELCHAIR
1523	🧑🏾‍🦽	人物活动	肤色变体（右键）	🧑🏾‍🦽	未直接列在现有 Emoji 网格	1f9d1-1f3fe-200d-1f9bd.png	是	U+1F9D1 U+1F3FE U+200D U+1F9BD	People & Body	person-activity	fully-qualified	成年人、中等偏深肤色、ManualWheelchair	ADULT / MEDIUM-DARK SKIN TONE / MANUAL WHEELCHAIR
1524	🧑🏿‍🦽	人物活动	肤色变体（右键）	🧑🏿‍🦽	未直接列在现有 Emoji 网格	1f9d1-1f3ff-200d-1f9bd.png	是	U+1F9D1 U+1F3FF U+200D U+1F9BD	People & Body	person-activity	fully-qualified	成年人、较深肤色、ManualWheelchair	ADULT / DARK SKIN TONE / MANUAL WHEELCHAIR
1525	👨‍🦽	人物活动	主网格	👨‍🦽	Emoji·表情与人物 / 第 9 行	1f468-200d-1f9bd.png	是	U+1F468 U+200D U+1F9BD	People & Body	person-activity	fully-qualified	坐手动轮椅的男人	MAN / MANUAL WHEELCHAIR
1526	👨🏻‍🦽	人物活动	肤色变体（右键）	👨🏻‍🦽	未直接列在现有 Emoji 网格	1f468-1f3fb-200d-1f9bd.png	是	U+1F468 U+1F3FB U+200D U+1F9BD	People & Body	person-activity	fully-qualified	男性、较浅肤色、ManualWheelchair	MAN / LIGHT SKIN TONE / MANUAL WHEELCHAIR
1527	👨🏼‍🦽	人物活动	肤色变体（右键）	👨🏼‍🦽	未直接列在现有 Emoji 网格	1f468-1f3fc-200d-1f9bd.png	是	U+1F468 U+1F3FC U+200D U+1F9BD	People & Body	person-activity	fully-qualified	男性、中等偏浅肤色、ManualWheelchair	MAN / MEDIUM-LIGHT SKIN TONE / MANUAL WHEELCHAIR
1528	👨🏽‍🦽	人物活动	肤色变体（右键）	👨🏽‍🦽	未直接列在现有 Emoji 网格	1f468-1f3fd-200d-1f9bd.png	是	U+1F468 U+1F3FD U+200D U+1F9BD	People & Body	person-activity	fully-qualified	男性、中等肤色、ManualWheelchair	MAN / MEDIUM SKIN TONE / MANUAL WHEELCHAIR
1529	👨🏾‍🦽	人物活动	肤色变体（右键）	👨🏾‍🦽	未直接列在现有 Emoji 网格	1f468-1f3fe-200d-1f9bd.png	是	U+1F468 U+1F3FE U+200D U+1F9BD	People & Body	person-activity	fully-qualified	男性、中等偏深肤色、ManualWheelchair	MAN / MEDIUM-DARK SKIN TONE / MANUAL WHEELCHAIR
1530	👨🏿‍🦽	人物活动	肤色变体（右键）	👨🏿‍🦽	未直接列在现有 Emoji 网格	1f468-1f3ff-200d-1f9bd.png	是	U+1F468 U+1F3FF U+200D U+1F9BD	People & Body	person-activity	fully-qualified	男性、较深肤色、ManualWheelchair	MAN / DARK SKIN TONE / MANUAL WHEELCHAIR
1531	👩‍🦽	人物活动	主网格	👩‍🦽	Emoji·表情与人物 / 第 12 行	1f469-200d-1f9bd.png	是	U+1F469 U+200D U+1F9BD	People & Body	person-activity	fully-qualified	坐手动轮椅的女人	WOMAN / MANUAL WHEELCHAIR
1532	👩🏻‍🦽	人物活动	肤色变体（右键）	👩🏻‍🦽	未直接列在现有 Emoji 网格	1f469-1f3fb-200d-1f9bd.png	是	U+1F469 U+1F3FB U+200D U+1F9BD	People & Body	person-activity	fully-qualified	女性、较浅肤色、ManualWheelchair	WOMAN / LIGHT SKIN TONE / MANUAL WHEELCHAIR
1533	👩🏼‍🦽	人物活动	肤色变体（右键）	👩🏼‍🦽	未直接列在现有 Emoji 网格	1f469-1f3fc-200d-1f9bd.png	是	U+1F469 U+1F3FC U+200D U+1F9BD	People & Body	person-activity	fully-qualified	女性、中等偏浅肤色、ManualWheelchair	WOMAN / MEDIUM-LIGHT SKIN TONE / MANUAL WHEELCHAIR
1534	👩🏽‍🦽	人物活动	肤色变体（右键）	👩🏽‍🦽	未直接列在现有 Emoji 网格	1f469-1f3fd-200d-1f9bd.png	是	U+1F469 U+1F3FD U+200D U+1F9BD	People & Body	person-activity	fully-qualified	女性、中等肤色、ManualWheelchair	WOMAN / MEDIUM SKIN TONE / MANUAL WHEELCHAIR
1535	👩🏾‍🦽	人物活动	肤色变体（右键）	👩🏾‍🦽	未直接列在现有 Emoji 网格	1f469-1f3fe-200d-1f9bd.png	是	U+1F469 U+1F3FE U+200D U+1F9BD	People & Body	person-activity	fully-qualified	女性、中等偏深肤色、ManualWheelchair	WOMAN / MEDIUM-DARK SKIN TONE / MANUAL WHEELCHAIR
1536	👩🏿‍🦽	人物活动	肤色变体（右键）	👩🏿‍🦽	未直接列在现有 Emoji 网格	1f469-1f3ff-200d-1f9bd.png	是	U+1F469 U+1F3FF U+200D U+1F9BD	People & Body	person-activity	fully-qualified	女性、较深肤色、ManualWheelchair	WOMAN / DARK SKIN TONE / MANUAL WHEELCHAIR
1537	🏃	人物活动	主网格	🏃	Emoji·符号与旗帜 / 第 40 行	1f3c3.png	是	U+1F3C3	People & Body	person-activity	fully-qualified	跑步者	RUNNER
1538	🏃🏻	人物活动	肤色变体（右键）	🏃🏻	未直接列在现有 Emoji 网格	1f3c3-1f3fb.png	是	U+1F3C3 U+1F3FB	People & Body	person-activity	fully-qualified	Runner、较浅肤色	RUNNER / LIGHT SKIN TONE
1539	🏃🏼	人物活动	肤色变体（右键）	🏃🏼	未直接列在现有 Emoji 网格	1f3c3-1f3fc.png	是	U+1F3C3 U+1F3FC	People & Body	person-activity	fully-qualified	Runner、中等偏浅肤色	RUNNER / MEDIUM-LIGHT SKIN TONE
1540	🏃🏽	人物活动	肤色变体（右键）	🏃🏽	未直接列在现有 Emoji 网格	1f3c3-1f3fd.png	是	U+1F3C3 U+1F3FD	People & Body	person-activity	fully-qualified	Runner、中等肤色	RUNNER / MEDIUM SKIN TONE
1541	🏃🏾	人物活动	肤色变体（右键）	🏃🏾	未直接列在现有 Emoji 网格	1f3c3-1f3fe.png	是	U+1F3C3 U+1F3FE	People & Body	person-activity	fully-qualified	Runner、中等偏深肤色	RUNNER / MEDIUM-DARK SKIN TONE
1542	🏃🏿	人物活动	肤色变体（右键）	🏃🏿	未直接列在现有 Emoji 网格	1f3c3-1f3ff.png	是	U+1F3C3 U+1F3FF	People & Body	person-activity	fully-qualified	Runner、较深肤色	RUNNER / DARK SKIN TONE
1543	🏃‍♂️	人物活动	主网格	🏃‍♂️	Emoji·符号与旗帜 / 第 29 行	1f3c3-200d-2642.png	是	U+1F3C3 U+200D U+2642 U+FE0F	People & Body	person-activity	fully-qualified	男生跑步	RUNNER / MALE SIGN
1544	🏃🏻‍♂️	人物活动	肤色变体（右键）	🏃🏻‍♂️	未直接列在现有 Emoji 网格	1f3c3-1f3fb-200d-2642.png	是	U+1F3C3 U+1F3FB U+200D U+2642 U+FE0F	People & Body	person-activity	fully-qualified	Runner、较浅肤色、男性符号	RUNNER / LIGHT SKIN TONE / MALE SIGN
1545	🏃🏼‍♂️	人物活动	肤色变体（右键）	🏃🏼‍♂️	未直接列在现有 Emoji 网格	1f3c3-1f3fc-200d-2642.png	是	U+1F3C3 U+1F3FC U+200D U+2642 U+FE0F	People & Body	person-activity	fully-qualified	Runner、中等偏浅肤色、男性符号	RUNNER / MEDIUM-LIGHT SKIN TONE / MALE SIGN
1546	🏃🏽‍♂️	人物活动	肤色变体（右键）	🏃🏽‍♂️	未直接列在现有 Emoji 网格	1f3c3-1f3fd-200d-2642.png	是	U+1F3C3 U+1F3FD U+200D U+2642 U+FE0F	People & Body	person-activity	fully-qualified	Runner、中等肤色、男性符号	RUNNER / MEDIUM SKIN TONE / MALE SIGN
1547	🏃🏾‍♂️	人物活动	肤色变体（右键）	🏃🏾‍♂️	未直接列在现有 Emoji 网格	1f3c3-1f3fe-200d-2642.png	是	U+1F3C3 U+1F3FE U+200D U+2642 U+FE0F	People & Body	person-activity	fully-qualified	Runner、中等偏深肤色、男性符号	RUNNER / MEDIUM-DARK SKIN TONE / MALE SIGN
1548	🏃🏿‍♂️	人物活动	肤色变体（右键）	🏃🏿‍♂️	未直接列在现有 Emoji 网格	1f3c3-1f3ff-200d-2642.png	是	U+1F3C3 U+1F3FF U+200D U+2642 U+FE0F	People & Body	person-activity	fully-qualified	Runner、较深肤色、男性符号	RUNNER / DARK SKIN TONE / MALE SIGN
1549	🏃‍♀️	人物活动	主网格	🏃‍♀️	Emoji·符号与旗帜 / 第 29 行	1f3c3-200d-2640.png	是	U+1F3C3 U+200D U+2640 U+FE0F	People & Body	person-activity	fully-qualified	女生跑步	RUNNER / FEMALE SIGN
1550	🏃🏻‍♀️	人物活动	肤色变体（右键）	🏃🏻‍♀️	未直接列在现有 Emoji 网格	1f3c3-1f3fb-200d-2640.png	是	U+1F3C3 U+1F3FB U+200D U+2640 U+FE0F	People & Body	person-activity	fully-qualified	Runner、较浅肤色、女性符号	RUNNER / LIGHT SKIN TONE / FEMALE SIGN
1551	🏃🏼‍♀️	人物活动	肤色变体（右键）	🏃🏼‍♀️	未直接列在现有 Emoji 网格	1f3c3-1f3fc-200d-2640.png	是	U+1F3C3 U+1F3FC U+200D U+2640 U+FE0F	People & Body	person-activity	fully-qualified	Runner、中等偏浅肤色、女性符号	RUNNER / MEDIUM-LIGHT SKIN TONE / FEMALE SIGN
1552	🏃🏽‍♀️	人物活动	肤色变体（右键）	🏃🏽‍♀️	未直接列在现有 Emoji 网格	1f3c3-1f3fd-200d-2640.png	是	U+1F3C3 U+1F3FD U+200D U+2640 U+FE0F	People & Body	person-activity	fully-qualified	Runner、中等肤色、女性符号	RUNNER / MEDIUM SKIN TONE / FEMALE SIGN
1553	🏃🏾‍♀️	人物活动	肤色变体（右键）	🏃🏾‍♀️	未直接列在现有 Emoji 网格	1f3c3-1f3fe-200d-2640.png	是	U+1F3C3 U+1F3FE U+200D U+2640 U+FE0F	People & Body	person-activity	fully-qualified	Runner、中等偏深肤色、女性符号	RUNNER / MEDIUM-DARK SKIN TONE / FEMALE SIGN
1554	🏃🏿‍♀️	人物活动	肤色变体（右键）	🏃🏿‍♀️	未直接列在现有 Emoji 网格	1f3c3-1f3ff-200d-2640.png	是	U+1F3C3 U+1F3FF U+200D U+2640 U+FE0F	People & Body	person-activity	fully-qualified	Runner、较深肤色、女性符号	RUNNER / DARK SKIN TONE / FEMALE SIGN
1555	💃	人物活动	主网格	💃	Emoji·符号与旗帜 / 第 43 行	1f483.png	是	U+1F483	People & Body	person-activity	fully-qualified	跳舞的女人	DANCER
1556	💃🏻	人物活动	肤色变体（右键）	💃🏻	未直接列在现有 Emoji 网格	1f483-1f3fb.png	是	U+1F483 U+1F3FB	People & Body	person-activity	fully-qualified	Dancer、较浅肤色	DANCER / LIGHT SKIN TONE
1557	💃🏼	人物活动	肤色变体（右键）	💃🏼	未直接列在现有 Emoji 网格	1f483-1f3fc.png	是	U+1F483 U+1F3FC	People & Body	person-activity	fully-qualified	Dancer、中等偏浅肤色	DANCER / MEDIUM-LIGHT SKIN TONE
1558	💃🏽	人物活动	肤色变体（右键）	💃🏽	未直接列在现有 Emoji 网格	1f483-1f3fd.png	是	U+1F483 U+1F3FD	People & Body	person-activity	fully-qualified	Dancer、中等肤色	DANCER / MEDIUM SKIN TONE
1559	💃🏾	人物活动	肤色变体（右键）	💃🏾	未直接列在现有 Emoji 网格	1f483-1f3fe.png	是	U+1F483 U+1F3FE	People & Body	person-activity	fully-qualified	Dancer、中等偏深肤色	DANCER / MEDIUM-DARK SKIN TONE
1560	💃🏿	人物活动	肤色变体（右键）	💃🏿	未直接列在现有 Emoji 网格	1f483-1f3ff.png	是	U+1F483 U+1F3FF	People & Body	person-activity	fully-qualified	Dancer、较深肤色	DANCER / DARK SKIN TONE
1561	🕺	人物活动	主网格	🕺	Emoji·表情与人物 / 第 19 行	1f57a.png	是	U+1F57A	People & Body	person-activity	fully-qualified	跳舞的男人	MAN DANCING
1562	🕺🏻	人物活动	肤色变体（右键）	🕺🏻	未直接列在现有 Emoji 网格	1f57a-1f3fb.png	是	U+1F57A U+1F3FB	People & Body	person-activity	fully-qualified	男性Dancing、较浅肤色	MAN DANCING / LIGHT SKIN TONE
1563	🕺🏼	人物活动	肤色变体（右键）	🕺🏼	未直接列在现有 Emoji 网格	1f57a-1f3fc.png	是	U+1F57A U+1F3FC	People & Body	person-activity	fully-qualified	男性Dancing、中等偏浅肤色	MAN DANCING / MEDIUM-LIGHT SKIN TONE
1564	🕺🏽	人物活动	肤色变体（右键）	🕺🏽	未直接列在现有 Emoji 网格	1f57a-1f3fd.png	是	U+1F57A U+1F3FD	People & Body	person-activity	fully-qualified	男性Dancing、中等肤色	MAN DANCING / MEDIUM SKIN TONE
1565	🕺🏾	人物活动	肤色变体（右键）	🕺🏾	未直接列在现有 Emoji 网格	1f57a-1f3fe.png	是	U+1F57A U+1F3FE	People & Body	person-activity	fully-qualified	男性Dancing、中等偏深肤色	MAN DANCING / MEDIUM-DARK SKIN TONE
1566	🕺🏿	人物活动	肤色变体（右键）	🕺🏿	未直接列在现有 Emoji 网格	1f57a-1f3ff.png	是	U+1F57A U+1F3FF	People & Body	person-activity	fully-qualified	男性Dancing、较深肤色	MAN DANCING / DARK SKIN TONE
1567	🕴️	人物活动	主网格	🕴️	Emoji·表情与人物 / 第 19 行	1f574.png	是	U+1F574 U+FE0F	People & Body	person-activity	fully-qualified	西装革履的人	MAN IN BUSINESS SUIT LEVITATING
1568	🕴	人物活动	呈现别名（不重复显示）	🕴️	Emoji·表情与人物 / 第 19 行	1f574.png	是	U+1F574	People & Body	person-activity	unqualified	西装革履的人	MAN IN BUSINESS SUIT LEVITATING
1569	🕴🏻	人物活动	肤色变体（右键）	🕴🏻	未直接列在现有 Emoji 网格	1f574-1f3fb.png	是	U+1F574 U+1F3FB	People & Body	person-activity	fully-qualified	男性内BusinessSuitLevitating、较浅肤色	MAN IN BUSINESS SUIT LEVITATING / LIGHT SKIN TONE
1570	🕴🏼	人物活动	肤色变体（右键）	🕴🏼	未直接列在现有 Emoji 网格	1f574-1f3fc.png	是	U+1F574 U+1F3FC	People & Body	person-activity	fully-qualified	男性内BusinessSuitLevitating、中等偏浅肤色	MAN IN BUSINESS SUIT LEVITATING / MEDIUM-LIGHT SKIN TONE
1571	🕴🏽	人物活动	肤色变体（右键）	🕴🏽	未直接列在现有 Emoji 网格	1f574-1f3fd.png	是	U+1F574 U+1F3FD	People & Body	person-activity	fully-qualified	男性内BusinessSuitLevitating、中等肤色	MAN IN BUSINESS SUIT LEVITATING / MEDIUM SKIN TONE
1572	🕴🏾	人物活动	肤色变体（右键）	🕴🏾	未直接列在现有 Emoji 网格	1f574-1f3fe.png	是	U+1F574 U+1F3FE	People & Body	person-activity	fully-qualified	男性内BusinessSuitLevitating、中等偏深肤色	MAN IN BUSINESS SUIT LEVITATING / MEDIUM-DARK SKIN TONE
1573	🕴🏿	人物活动	肤色变体（右键）	🕴🏿	未直接列在现有 Emoji 网格	1f574-1f3ff.png	是	U+1F574 U+1F3FF	People & Body	person-activity	fully-qualified	男性内BusinessSuitLevitating、较深肤色	MAN IN BUSINESS SUIT LEVITATING / DARK SKIN TONE
1574	👯	人物活动	主网格	👯	Emoji·表情与人物 / 第 19 行	1f46f.png	是	U+1F46F	People & Body	person-activity	fully-qualified	戴兔耳朵的人	WOMAN WITH BUNNY EARS
1575	👯‍♂️	人物活动	主网格	👯‍♂️	Emoji·表情与人物 / 第 16 行	1f46f-200d-2642.png	是	U+1F46F U+200D U+2642 U+FE0F	People & Body	person-activity	fully-qualified	兔先生	WOMAN WITH BUNNY EARS / MALE SIGN
1576	👯‍♀️	人物活动	主网格	👯‍♀️	Emoji·表情与人物 / 第 16 行	1f46f-200d-2640.png	是	U+1F46F U+200D U+2640 U+FE0F	People & Body	person-activity	fully-qualified	兔女郎	WOMAN WITH BUNNY EARS / FEMALE SIGN
1577	🧖	人物活动	主网格	🧖	Emoji·表情与人物 / 第 18 行	1f9d6.png	是	U+1F9D6	People & Body	person-activity	fully-qualified	蒸房里的人	PERSON IN STEAMY ROOM
1578	🧖🏻	人物活动	肤色变体（右键）	🧖🏻	未直接列在现有 Emoji 网格	1f9d6-1f3fb.png	是	U+1F9D6 U+1F3FB	People & Body	person-activity	fully-qualified	人物内SteamyRoom、较浅肤色	PERSON IN STEAMY ROOM / LIGHT SKIN TONE
1579	🧖🏼	人物活动	肤色变体（右键）	🧖🏼	未直接列在现有 Emoji 网格	1f9d6-1f3fc.png	是	U+1F9D6 U+1F3FC	People & Body	person-activity	fully-qualified	人物内SteamyRoom、中等偏浅肤色	PERSON IN STEAMY ROOM / MEDIUM-LIGHT SKIN TONE
1580	🧖🏽	人物活动	肤色变体（右键）	🧖🏽	未直接列在现有 Emoji 网格	1f9d6-1f3fd.png	是	U+1F9D6 U+1F3FD	People & Body	person-activity	fully-qualified	人物内SteamyRoom、中等肤色	PERSON IN STEAMY ROOM / MEDIUM SKIN TONE
1581	🧖🏾	人物活动	肤色变体（右键）	🧖🏾	未直接列在现有 Emoji 网格	1f9d6-1f3fe.png	是	U+1F9D6 U+1F3FE	People & Body	person-activity	fully-qualified	人物内SteamyRoom、中等偏深肤色	PERSON IN STEAMY ROOM / MEDIUM-DARK SKIN TONE
1582	🧖🏿	人物活动	肤色变体（右键）	🧖🏿	未直接列在现有 Emoji 网格	1f9d6-1f3ff.png	是	U+1F9D6 U+1F3FF	People & Body	person-activity	fully-qualified	人物内SteamyRoom、较深肤色	PERSON IN STEAMY ROOM / DARK SKIN TONE
1583	🧖‍♂️	人物活动	主网格	🧖‍♂️	Emoji·表情与人物 / 第 15 行	1f9d6-200d-2642.png	是	U+1F9D6 U+200D U+2642 U+FE0F	People & Body	person-activity	fully-qualified	蒸房里的男人	PERSON IN STEAMY ROOM / MALE SIGN
1584	🧖🏻‍♂️	人物活动	肤色变体（右键）	🧖🏻‍♂️	未直接列在现有 Emoji 网格	1f9d6-1f3fb-200d-2642.png	是	U+1F9D6 U+1F3FB U+200D U+2642 U+FE0F	People & Body	person-activity	fully-qualified	人物内SteamyRoom、较浅肤色、男性符号	PERSON IN STEAMY ROOM / LIGHT SKIN TONE / MALE SIGN
1585	🧖🏼‍♂️	人物活动	肤色变体（右键）	🧖🏼‍♂️	未直接列在现有 Emoji 网格	1f9d6-1f3fc-200d-2642.png	是	U+1F9D6 U+1F3FC U+200D U+2642 U+FE0F	People & Body	person-activity	fully-qualified	人物内SteamyRoom、中等偏浅肤色、男性符号	PERSON IN STEAMY ROOM / MEDIUM-LIGHT SKIN TONE / MALE SIGN
1586	🧖🏽‍♂️	人物活动	肤色变体（右键）	🧖🏽‍♂️	未直接列在现有 Emoji 网格	1f9d6-1f3fd-200d-2642.png	是	U+1F9D6 U+1F3FD U+200D U+2642 U+FE0F	People & Body	person-activity	fully-qualified	人物内SteamyRoom、中等肤色、男性符号	PERSON IN STEAMY ROOM / MEDIUM SKIN TONE / MALE SIGN
1587	🧖🏾‍♂️	人物活动	肤色变体（右键）	🧖🏾‍♂️	未直接列在现有 Emoji 网格	1f9d6-1f3fe-200d-2642.png	是	U+1F9D6 U+1F3FE U+200D U+2642 U+FE0F	People & Body	person-activity	fully-qualified	人物内SteamyRoom、中等偏深肤色、男性符号	PERSON IN STEAMY ROOM / MEDIUM-DARK SKIN TONE / MALE SIGN
1588	🧖🏿‍♂️	人物活动	肤色变体（右键）	🧖🏿‍♂️	未直接列在现有 Emoji 网格	1f9d6-1f3ff-200d-2642.png	是	U+1F9D6 U+1F3FF U+200D U+2642 U+FE0F	People & Body	person-activity	fully-qualified	人物内SteamyRoom、较深肤色、男性符号	PERSON IN STEAMY ROOM / DARK SKIN TONE / MALE SIGN
1589	🧖‍♀️	人物活动	主网格	🧖‍♀️	Emoji·表情与人物 / 第 15 行	1f9d6-200d-2640.png	是	U+1F9D6 U+200D U+2640 U+FE0F	People & Body	person-activity	fully-qualified	蒸房里的女人	PERSON IN STEAMY ROOM / FEMALE SIGN
1590	🧖🏻‍♀️	人物活动	肤色变体（右键）	🧖🏻‍♀️	未直接列在现有 Emoji 网格	1f9d6-1f3fb-200d-2640.png	是	U+1F9D6 U+1F3FB U+200D U+2640 U+FE0F	People & Body	person-activity	fully-qualified	人物内SteamyRoom、较浅肤色、女性符号	PERSON IN STEAMY ROOM / LIGHT SKIN TONE / FEMALE SIGN
1591	🧖🏼‍♀️	人物活动	肤色变体（右键）	🧖🏼‍♀️	未直接列在现有 Emoji 网格	1f9d6-1f3fc-200d-2640.png	是	U+1F9D6 U+1F3FC U+200D U+2640 U+FE0F	People & Body	person-activity	fully-qualified	人物内SteamyRoom、中等偏浅肤色、女性符号	PERSON IN STEAMY ROOM / MEDIUM-LIGHT SKIN TONE / FEMALE SIGN
1592	🧖🏽‍♀️	人物活动	肤色变体（右键）	🧖🏽‍♀️	未直接列在现有 Emoji 网格	1f9d6-1f3fd-200d-2640.png	是	U+1F9D6 U+1F3FD U+200D U+2640 U+FE0F	People & Body	person-activity	fully-qualified	人物内SteamyRoom、中等肤色、女性符号	PERSON IN STEAMY ROOM / MEDIUM SKIN TONE / FEMALE SIGN
1593	🧖🏾‍♀️	人物活动	肤色变体（右键）	🧖🏾‍♀️	未直接列在现有 Emoji 网格	1f9d6-1f3fe-200d-2640.png	是	U+1F9D6 U+1F3FE U+200D U+2640 U+FE0F	People & Body	person-activity	fully-qualified	人物内SteamyRoom、中等偏深肤色、女性符号	PERSON IN STEAMY ROOM / MEDIUM-DARK SKIN TONE / FEMALE SIGN
1594	🧖🏿‍♀️	人物活动	肤色变体（右键）	🧖🏿‍♀️	未直接列在现有 Emoji 网格	1f9d6-1f3ff-200d-2640.png	是	U+1F9D6 U+1F3FF U+200D U+2640 U+FE0F	People & Body	person-activity	fully-qualified	人物内SteamyRoom、较深肤色、女性符号	PERSON IN STEAMY ROOM / DARK SKIN TONE / FEMALE SIGN
1595	🧗	人物活动	主网格	🧗	Emoji·表情与人物 / 第 18 行	1f9d7.png	是	U+1F9D7	People & Body	person-activity	fully-qualified	攀爬的人	PERSON CLIMBING
1596	🧗🏻	人物活动	肤色变体（右键）	🧗🏻	未直接列在现有 Emoji 网格	1f9d7-1f3fb.png	是	U+1F9D7 U+1F3FB	People & Body	person-activity	fully-qualified	人物Climbing、较浅肤色	PERSON CLIMBING / LIGHT SKIN TONE
1597	🧗🏼	人物活动	肤色变体（右键）	🧗🏼	未直接列在现有 Emoji 网格	1f9d7-1f3fc.png	是	U+1F9D7 U+1F3FC	People & Body	person-activity	fully-qualified	人物Climbing、中等偏浅肤色	PERSON CLIMBING / MEDIUM-LIGHT SKIN TONE
1598	🧗🏽	人物活动	肤色变体（右键）	🧗🏽	未直接列在现有 Emoji 网格	1f9d7-1f3fd.png	是	U+1F9D7 U+1F3FD	People & Body	person-activity	fully-qualified	人物Climbing、中等肤色	PERSON CLIMBING / MEDIUM SKIN TONE
1599	🧗🏾	人物活动	肤色变体（右键）	🧗🏾	未直接列在现有 Emoji 网格	1f9d7-1f3fe.png	是	U+1F9D7 U+1F3FE	People & Body	person-activity	fully-qualified	人物Climbing、中等偏深肤色	PERSON CLIMBING / MEDIUM-DARK SKIN TONE
1600	🧗🏿	人物活动	肤色变体（右键）	🧗🏿	未直接列在现有 Emoji 网格	1f9d7-1f3ff.png	是	U+1F9D7 U+1F3FF	People & Body	person-activity	fully-qualified	人物Climbing、较深肤色	PERSON CLIMBING / DARK SKIN TONE
1601	🧗‍♂️	人物活动	主网格	🧗‍♂️	Emoji·表情与人物 / 第 15 行	1f9d7-200d-2642.png	是	U+1F9D7 U+200D U+2642 U+FE0F	People & Body	person-activity	fully-qualified	攀爬的男人	PERSON CLIMBING / MALE SIGN
1602	🧗🏻‍♂️	人物活动	肤色变体（右键）	🧗🏻‍♂️	未直接列在现有 Emoji 网格	1f9d7-1f3fb-200d-2642.png	是	U+1F9D7 U+1F3FB U+200D U+2642 U+FE0F	People & Body	person-activity	fully-qualified	人物Climbing、较浅肤色、男性符号	PERSON CLIMBING / LIGHT SKIN TONE / MALE SIGN
1603	🧗🏼‍♂️	人物活动	肤色变体（右键）	🧗🏼‍♂️	未直接列在现有 Emoji 网格	1f9d7-1f3fc-200d-2642.png	是	U+1F9D7 U+1F3FC U+200D U+2642 U+FE0F	People & Body	person-activity	fully-qualified	人物Climbing、中等偏浅肤色、男性符号	PERSON CLIMBING / MEDIUM-LIGHT SKIN TONE / MALE SIGN
1604	🧗🏽‍♂️	人物活动	肤色变体（右键）	🧗🏽‍♂️	未直接列在现有 Emoji 网格	1f9d7-1f3fd-200d-2642.png	是	U+1F9D7 U+1F3FD U+200D U+2642 U+FE0F	People & Body	person-activity	fully-qualified	人物Climbing、中等肤色、男性符号	PERSON CLIMBING / MEDIUM SKIN TONE / MALE SIGN
1605	🧗🏾‍♂️	人物活动	肤色变体（右键）	🧗🏾‍♂️	未直接列在现有 Emoji 网格	1f9d7-1f3fe-200d-2642.png	是	U+1F9D7 U+1F3FE U+200D U+2642 U+FE0F	People & Body	person-activity	fully-qualified	人物Climbing、中等偏深肤色、男性符号	PERSON CLIMBING / MEDIUM-DARK SKIN TONE / MALE SIGN
1606	🧗🏿‍♂️	人物活动	肤色变体（右键）	🧗🏿‍♂️	未直接列在现有 Emoji 网格	1f9d7-1f3ff-200d-2642.png	是	U+1F9D7 U+1F3FF U+200D U+2642 U+FE0F	People & Body	person-activity	fully-qualified	人物Climbing、较深肤色、男性符号	PERSON CLIMBING / DARK SKIN TONE / MALE SIGN
1607	🧗‍♀️	人物活动	主网格	🧗‍♀️	Emoji·表情与人物 / 第 15 行	1f9d7-200d-2640.png	是	U+1F9D7 U+200D U+2640 U+FE0F	People & Body	person-activity	fully-qualified	攀爬的女人	PERSON CLIMBING / FEMALE SIGN
1608	🧗🏻‍♀️	人物活动	肤色变体（右键）	🧗🏻‍♀️	未直接列在现有 Emoji 网格	1f9d7-1f3fb-200d-2640.png	是	U+1F9D7 U+1F3FB U+200D U+2640 U+FE0F	People & Body	person-activity	fully-qualified	人物Climbing、较浅肤色、女性符号	PERSON CLIMBING / LIGHT SKIN TONE / FEMALE SIGN
1609	🧗🏼‍♀️	人物活动	肤色变体（右键）	🧗🏼‍♀️	未直接列在现有 Emoji 网格	1f9d7-1f3fc-200d-2640.png	是	U+1F9D7 U+1F3FC U+200D U+2640 U+FE0F	People & Body	person-activity	fully-qualified	人物Climbing、中等偏浅肤色、女性符号	PERSON CLIMBING / MEDIUM-LIGHT SKIN TONE / FEMALE SIGN
1610	🧗🏽‍♀️	人物活动	肤色变体（右键）	🧗🏽‍♀️	未直接列在现有 Emoji 网格	1f9d7-1f3fd-200d-2640.png	是	U+1F9D7 U+1F3FD U+200D U+2640 U+FE0F	People & Body	person-activity	fully-qualified	人物Climbing、中等肤色、女性符号	PERSON CLIMBING / MEDIUM SKIN TONE / FEMALE SIGN
1611	🧗🏾‍♀️	人物活动	肤色变体（右键）	🧗🏾‍♀️	未直接列在现有 Emoji 网格	1f9d7-1f3fe-200d-2640.png	是	U+1F9D7 U+1F3FE U+200D U+2640 U+FE0F	People & Body	person-activity	fully-qualified	人物Climbing、中等偏深肤色、女性符号	PERSON CLIMBING / MEDIUM-DARK SKIN TONE / FEMALE SIGN
1612	🧗🏿‍♀️	人物活动	肤色变体（右键）	🧗🏿‍♀️	未直接列在现有 Emoji 网格	1f9d7-1f3ff-200d-2640.png	是	U+1F9D7 U+1F3FF U+200D U+2640 U+FE0F	People & Body	person-activity	fully-qualified	人物Climbing、较深肤色、女性符号	PERSON CLIMBING / DARK SKIN TONE / FEMALE SIGN
1613	🤺	人物活动	主网格	🤺	Emoji·符号与旗帜 / 第 68 行	1f93a.png	是	U+1F93A	People & Body	person-sport	fully-qualified	击剑选手	FENCER
1614	🏇	人物活动	主网格	🏇	Emoji·动物与自然 / 动物·哺乳与宠物	1f3c7.png	是	U+1F3C7	People & Body	person-sport	fully-qualified	赛马	HORSE RACING
1615	🏇🏻	人物活动	肤色变体（右键）	🏇🏻	未直接列在现有 Emoji 网格	1f3c7-1f3fb.png	是	U+1F3C7 U+1F3FB	People & Body	person-sport	fully-qualified	HorseRacing、较浅肤色	HORSE RACING / LIGHT SKIN TONE
1616	🏇🏼	人物活动	肤色变体（右键）	🏇🏼	未直接列在现有 Emoji 网格	1f3c7-1f3fc.png	是	U+1F3C7 U+1F3FC	People & Body	person-sport	fully-qualified	HorseRacing、中等偏浅肤色	HORSE RACING / MEDIUM-LIGHT SKIN TONE
1617	🏇🏽	人物活动	肤色变体（右键）	🏇🏽	未直接列在现有 Emoji 网格	1f3c7-1f3fd.png	是	U+1F3C7 U+1F3FD	People & Body	person-sport	fully-qualified	HorseRacing、中等肤色	HORSE RACING / MEDIUM SKIN TONE
1618	🏇🏾	人物活动	肤色变体（右键）	🏇🏾	未直接列在现有 Emoji 网格	1f3c7-1f3fe.png	是	U+1F3C7 U+1F3FE	People & Body	person-sport	fully-qualified	HorseRacing、中等偏深肤色	HORSE RACING / MEDIUM-DARK SKIN TONE
1619	🏇🏿	人物活动	肤色变体（右键）	🏇🏿	未直接列在现有 Emoji 网格	1f3c7-1f3ff.png	是	U+1F3C7 U+1F3FF	People & Body	person-sport	fully-qualified	HorseRacing、较深肤色	HORSE RACING / DARK SKIN TONE
1620	⛷️	人物活动	主网格	⛷️	Emoji·符号与旗帜 / 第 36 行	26f7.png	是	U+26F7 U+FE0F	People & Body	person-sport	fully-qualified	滑雪的人	SKIER
1621	⛷	人物活动	呈现别名（不重复显示）	⛷️	Emoji·符号与旗帜 / 第 83 行	26f7.png	是	U+26F7	People & Body	person-sport	unqualified	滑雪的人	SKIER
1622	🏂	人物活动	主网格	🏂	Emoji·动物与自然 / 第 9 行	1f3c2.png	是	U+1F3C2	People & Body	person-sport	fully-qualified	滑雪板	SNOWBOARDER
1623	🏂🏻	人物活动	肤色变体（右键）	🏂🏻	未直接列在现有 Emoji 网格	1f3c2-1f3fb.png	是	U+1F3C2 U+1F3FB	People & Body	person-sport	fully-qualified	Snowboarder、较浅肤色	SNOWBOARDER / LIGHT SKIN TONE
1624	🏂🏼	人物活动	肤色变体（右键）	🏂🏼	未直接列在现有 Emoji 网格	1f3c2-1f3fc.png	是	U+1F3C2 U+1F3FC	People & Body	person-sport	fully-qualified	Snowboarder、中等偏浅肤色	SNOWBOARDER / MEDIUM-LIGHT SKIN TONE
1625	🏂🏽	人物活动	肤色变体（右键）	🏂🏽	未直接列在现有 Emoji 网格	1f3c2-1f3fd.png	是	U+1F3C2 U+1F3FD	People & Body	person-sport	fully-qualified	Snowboarder、中等肤色	SNOWBOARDER / MEDIUM SKIN TONE
1626	🏂🏾	人物活动	肤色变体（右键）	🏂🏾	未直接列在现有 Emoji 网格	1f3c2-1f3fe.png	是	U+1F3C2 U+1F3FE	People & Body	person-sport	fully-qualified	Snowboarder、中等偏深肤色	SNOWBOARDER / MEDIUM-DARK SKIN TONE
1627	🏂🏿	人物活动	肤色变体（右键）	🏂🏿	未直接列在现有 Emoji 网格	1f3c2-1f3ff.png	是	U+1F3C2 U+1F3FF	People & Body	person-sport	fully-qualified	Snowboarder、较深肤色	SNOWBOARDER / DARK SKIN TONE
1628	🏌️	人物活动	主网格	🏌️	Emoji·符号与旗帜 / 第 42 行	1f3cc.png	是	U+1F3CC U+FE0F	People & Body	person-sport	fully-qualified	打高尔夫的人	GOLFER
1629	🏌	人物活动	呈现别名（不重复显示）	🏌️	Emoji·符号与旗帜 / 第 42 行	1f3cc.png	是	U+1F3CC	People & Body	person-sport	unqualified	打高尔夫的人	GOLFER
1630	🏌🏻	人物活动	肤色变体（右键）	🏌🏻	未直接列在现有 Emoji 网格	1f3cc-1f3fb.png	是	U+1F3CC U+1F3FB	People & Body	person-sport	fully-qualified	Golfer、较浅肤色	GOLFER / LIGHT SKIN TONE
1631	🏌🏼	人物活动	肤色变体（右键）	🏌🏼	未直接列在现有 Emoji 网格	1f3cc-1f3fc.png	是	U+1F3CC U+1F3FC	People & Body	person-sport	fully-qualified	Golfer、中等偏浅肤色	GOLFER / MEDIUM-LIGHT SKIN TONE
1632	🏌🏽	人物活动	肤色变体（右键）	🏌🏽	未直接列在现有 Emoji 网格	1f3cc-1f3fd.png	是	U+1F3CC U+1F3FD	People & Body	person-sport	fully-qualified	Golfer、中等肤色	GOLFER / MEDIUM SKIN TONE
1633	🏌🏾	人物活动	肤色变体（右键）	🏌🏾	未直接列在现有 Emoji 网格	1f3cc-1f3fe.png	是	U+1F3CC U+1F3FE	People & Body	person-sport	fully-qualified	Golfer、中等偏深肤色	GOLFER / MEDIUM-DARK SKIN TONE
1634	🏌🏿	人物活动	肤色变体（右键）	🏌🏿	未直接列在现有 Emoji 网格	1f3cc-1f3ff.png	是	U+1F3CC U+1F3FF	People & Body	person-sport	fully-qualified	Golfer、较深肤色	GOLFER / DARK SKIN TONE
1635	🏌️‍♂️	人物活动	主网格	🏌️‍♂️	Emoji·符号与旗帜 / 第 32 行	1f3cc-200d-2642.png	是	U+1F3CC U+FE0F U+200D U+2642 U+FE0F	People & Body	person-sport	fully-qualified	男生打高尔夫	GOLFER / MALE SIGN
1636	🏌🏻‍♂️	人物活动	肤色变体（右键）	🏌🏻‍♂️	Emoji·符号与旗帜 / 第 32 行	1f3cc-1f3fb-200d-2642.png	是	U+1F3CC U+1F3FB U+200D U+2642 U+FE0F	People & Body	person-sport	fully-qualified	Golfer、较浅肤色、男性符号	GOLFER / LIGHT SKIN TONE / MALE SIGN
1637	🏌🏼‍♂️	人物活动	肤色变体（右键）	🏌🏼‍♂️	未直接列在现有 Emoji 网格	1f3cc-1f3fc-200d-2642.png	是	U+1F3CC U+1F3FC U+200D U+2642 U+FE0F	People & Body	person-sport	fully-qualified	Golfer、中等偏浅肤色、男性符号	GOLFER / MEDIUM-LIGHT SKIN TONE / MALE SIGN
1638	🏌🏽‍♂️	人物活动	肤色变体（右键）	🏌🏽‍♂️	未直接列在现有 Emoji 网格	1f3cc-1f3fd-200d-2642.png	是	U+1F3CC U+1F3FD U+200D U+2642 U+FE0F	People & Body	person-sport	fully-qualified	Golfer、中等肤色、男性符号	GOLFER / MEDIUM SKIN TONE / MALE SIGN
1639	🏌🏾‍♂️	人物活动	肤色变体（右键）	🏌🏾‍♂️	未直接列在现有 Emoji 网格	1f3cc-1f3fe-200d-2642.png	是	U+1F3CC U+1F3FE U+200D U+2642 U+FE0F	People & Body	person-sport	fully-qualified	Golfer、中等偏深肤色、男性符号	GOLFER / MEDIUM-DARK SKIN TONE / MALE SIGN
1640	🏌🏿‍♂️	人物活动	肤色变体（右键）	🏌🏿‍♂️	未直接列在现有 Emoji 网格	1f3cc-1f3ff-200d-2642.png	是	U+1F3CC U+1F3FF U+200D U+2642 U+FE0F	People & Body	person-sport	fully-qualified	Golfer、较深肤色、男性符号	GOLFER / DARK SKIN TONE / MALE SIGN
1641	🏌️‍♀️	人物活动	主网格	🏌️‍♀️	Emoji·符号与旗帜 / 第 32 行	1f3cc-200d-2640.png	是	U+1F3CC U+FE0F U+200D U+2640 U+FE0F	People & Body	person-sport	fully-qualified	女生打高尔夫	GOLFER / FEMALE SIGN
1642	🏌🏻‍♀️	人物活动	肤色变体（右键）	🏌🏻‍♀️	Emoji·符号与旗帜 / 第 32 行	1f3cc-1f3fb-200d-2640.png	是	U+1F3CC U+1F3FB U+200D U+2640 U+FE0F	People & Body	person-sport	fully-qualified	Golfer、较浅肤色、女性符号	GOLFER / LIGHT SKIN TONE / FEMALE SIGN
1643	🏌🏼‍♀️	人物活动	肤色变体（右键）	🏌🏼‍♀️	未直接列在现有 Emoji 网格	1f3cc-1f3fc-200d-2640.png	是	U+1F3CC U+1F3FC U+200D U+2640 U+FE0F	People & Body	person-sport	fully-qualified	Golfer、中等偏浅肤色、女性符号	GOLFER / MEDIUM-LIGHT SKIN TONE / FEMALE SIGN
1644	🏌🏽‍♀️	人物活动	肤色变体（右键）	🏌🏽‍♀️	未直接列在现有 Emoji 网格	1f3cc-1f3fd-200d-2640.png	是	U+1F3CC U+1F3FD U+200D U+2640 U+FE0F	People & Body	person-sport	fully-qualified	Golfer、中等肤色、女性符号	GOLFER / MEDIUM SKIN TONE / FEMALE SIGN
1645	🏌🏾‍♀️	人物活动	肤色变体（右键）	🏌🏾‍♀️	未直接列在现有 Emoji 网格	1f3cc-1f3fe-200d-2640.png	是	U+1F3CC U+1F3FE U+200D U+2640 U+FE0F	People & Body	person-sport	fully-qualified	Golfer、中等偏深肤色、女性符号	GOLFER / MEDIUM-DARK SKIN TONE / FEMALE SIGN
1646	🏌🏿‍♀️	人物活动	肤色变体（右键）	🏌🏿‍♀️	未直接列在现有 Emoji 网格	1f3cc-1f3ff-200d-2640.png	是	U+1F3CC U+1F3FF U+200D U+2640 U+FE0F	People & Body	person-sport	fully-qualified	Golfer、较深肤色、女性符号	GOLFER / DARK SKIN TONE / FEMALE SIGN
1647	🏄	人物活动	主网格	🏄	Emoji·符号与旗帜 / 第 40 行	1f3c4.png	是	U+1F3C4	People & Body	person-sport	fully-qualified	冲浪	SURFER
1648	🏄🏻	人物活动	肤色变体（右键）	🏄🏻	未直接列在现有 Emoji 网格	1f3c4-1f3fb.png	是	U+1F3C4 U+1F3FB	People & Body	person-sport	fully-qualified	Surfer、较浅肤色	SURFER / LIGHT SKIN TONE
1649	🏄🏼	人物活动	肤色变体（右键）	🏄🏼	未直接列在现有 Emoji 网格	1f3c4-1f3fc.png	是	U+1F3C4 U+1F3FC	People & Body	person-sport	fully-qualified	Surfer、中等偏浅肤色	SURFER / MEDIUM-LIGHT SKIN TONE
1650	🏄🏽	人物活动	肤色变体（右键）	🏄🏽	未直接列在现有 Emoji 网格	1f3c4-1f3fd.png	是	U+1F3C4 U+1F3FD	People & Body	person-sport	fully-qualified	Surfer、中等肤色	SURFER / MEDIUM SKIN TONE
1651	🏄🏾	人物活动	肤色变体（右键）	🏄🏾	未直接列在现有 Emoji 网格	1f3c4-1f3fe.png	是	U+1F3C4 U+1F3FE	People & Body	person-sport	fully-qualified	Surfer、中等偏深肤色	SURFER / MEDIUM-DARK SKIN TONE
1652	🏄🏿	人物活动	肤色变体（右键）	🏄🏿	未直接列在现有 Emoji 网格	1f3c4-1f3ff.png	是	U+1F3C4 U+1F3FF	People & Body	person-sport	fully-qualified	Surfer、较深肤色	SURFER / DARK SKIN TONE
1653	🏄‍♂️	人物活动	主网格	🏄‍♂️	Emoji·符号与旗帜 / 第 29 行	1f3c4-200d-2642.png	是	U+1F3C4 U+200D U+2642 U+FE0F	People & Body	person-sport	fully-qualified	男生冲浪	SURFER / MALE SIGN
1654	🏄🏻‍♂️	人物活动	肤色变体（右键）	🏄🏻‍♂️	未直接列在现有 Emoji 网格	1f3c4-1f3fb-200d-2642.png	是	U+1F3C4 U+1F3FB U+200D U+2642 U+FE0F	People & Body	person-sport	fully-qualified	Surfer、较浅肤色、男性符号	SURFER / LIGHT SKIN TONE / MALE SIGN
1655	🏄🏼‍♂️	人物活动	肤色变体（右键）	🏄🏼‍♂️	未直接列在现有 Emoji 网格	1f3c4-1f3fc-200d-2642.png	是	U+1F3C4 U+1F3FC U+200D U+2642 U+FE0F	People & Body	person-sport	fully-qualified	Surfer、中等偏浅肤色、男性符号	SURFER / MEDIUM-LIGHT SKIN TONE / MALE SIGN
1656	🏄🏽‍♂️	人物活动	肤色变体（右键）	🏄🏽‍♂️	未直接列在现有 Emoji 网格	1f3c4-1f3fd-200d-2642.png	是	U+1F3C4 U+1F3FD U+200D U+2642 U+FE0F	People & Body	person-sport	fully-qualified	Surfer、中等肤色、男性符号	SURFER / MEDIUM SKIN TONE / MALE SIGN
1657	🏄🏾‍♂️	人物活动	肤色变体（右键）	🏄🏾‍♂️	未直接列在现有 Emoji 网格	1f3c4-1f3fe-200d-2642.png	是	U+1F3C4 U+1F3FE U+200D U+2642 U+FE0F	People & Body	person-sport	fully-qualified	Surfer、中等偏深肤色、男性符号	SURFER / MEDIUM-DARK SKIN TONE / MALE SIGN
1658	🏄🏿‍♂️	人物活动	肤色变体（右键）	🏄🏿‍♂️	未直接列在现有 Emoji 网格	1f3c4-1f3ff-200d-2642.png	是	U+1F3C4 U+1F3FF U+200D U+2642 U+FE0F	People & Body	person-sport	fully-qualified	Surfer、较深肤色、男性符号	SURFER / DARK SKIN TONE / MALE SIGN
1659	🏄‍♀️	人物活动	主网格	🏄‍♀️	Emoji·符号与旗帜 / 第 29 行	1f3c4-200d-2640.png	是	U+1F3C4 U+200D U+2640 U+FE0F	People & Body	person-sport	fully-qualified	女生冲浪	SURFER / FEMALE SIGN
1660	🏄🏻‍♀️	人物活动	肤色变体（右键）	🏄🏻‍♀️	未直接列在现有 Emoji 网格	1f3c4-1f3fb-200d-2640.png	是	U+1F3C4 U+1F3FB U+200D U+2640 U+FE0F	People & Body	person-sport	fully-qualified	Surfer、较浅肤色、女性符号	SURFER / LIGHT SKIN TONE / FEMALE SIGN
1661	🏄🏼‍♀️	人物活动	肤色变体（右键）	🏄🏼‍♀️	未直接列在现有 Emoji 网格	1f3c4-1f3fc-200d-2640.png	是	U+1F3C4 U+1F3FC U+200D U+2640 U+FE0F	People & Body	person-sport	fully-qualified	Surfer、中等偏浅肤色、女性符号	SURFER / MEDIUM-LIGHT SKIN TONE / FEMALE SIGN
1662	🏄🏽‍♀️	人物活动	肤色变体（右键）	🏄🏽‍♀️	未直接列在现有 Emoji 网格	1f3c4-1f3fd-200d-2640.png	是	U+1F3C4 U+1F3FD U+200D U+2640 U+FE0F	People & Body	person-sport	fully-qualified	Surfer、中等肤色、女性符号	SURFER / MEDIUM SKIN TONE / FEMALE SIGN
1663	🏄🏾‍♀️	人物活动	肤色变体（右键）	🏄🏾‍♀️	未直接列在现有 Emoji 网格	1f3c4-1f3fe-200d-2640.png	是	U+1F3C4 U+1F3FE U+200D U+2640 U+FE0F	People & Body	person-sport	fully-qualified	Surfer、中等偏深肤色、女性符号	SURFER / MEDIUM-DARK SKIN TONE / FEMALE SIGN
1664	🏄🏿‍♀️	人物活动	肤色变体（右键）	🏄🏿‍♀️	未直接列在现有 Emoji 网格	1f3c4-1f3ff-200d-2640.png	是	U+1F3C4 U+1F3FF U+200D U+2640 U+FE0F	People & Body	person-sport	fully-qualified	Surfer、较深肤色、女性符号	SURFER / DARK SKIN TONE / FEMALE SIGN
1665	🚣	人物活动	主网格	🚣	Emoji·旅行与物品 / 第 5 行	1f6a3.png	是	U+1F6A3	People & Body	person-sport	fully-qualified	划艇	ROWBOAT
1666	🚣🏻	人物活动	肤色变体（右键）	🚣🏻	未直接列在现有 Emoji 网格	1f6a3-1f3fb.png	是	U+1F6A3 U+1F3FB	People & Body	person-sport	fully-qualified	Rowboat、较浅肤色	ROWBOAT / LIGHT SKIN TONE
1667	🚣🏼	人物活动	肤色变体（右键）	🚣🏼	未直接列在现有 Emoji 网格	1f6a3-1f3fc.png	是	U+1F6A3 U+1F3FC	People & Body	person-sport	fully-qualified	Rowboat、中等偏浅肤色	ROWBOAT / MEDIUM-LIGHT SKIN TONE
1668	🚣🏽	人物活动	肤色变体（右键）	🚣🏽	未直接列在现有 Emoji 网格	1f6a3-1f3fd.png	是	U+1F6A3 U+1F3FD	People & Body	person-sport	fully-qualified	Rowboat、中等肤色	ROWBOAT / MEDIUM SKIN TONE
1669	🚣🏾	人物活动	肤色变体（右键）	🚣🏾	未直接列在现有 Emoji 网格	1f6a3-1f3fe.png	是	U+1F6A3 U+1F3FE	People & Body	person-sport	fully-qualified	Rowboat、中等偏深肤色	ROWBOAT / MEDIUM-DARK SKIN TONE
1670	🚣🏿	人物活动	肤色变体（右键）	🚣🏿	未直接列在现有 Emoji 网格	1f6a3-1f3ff.png	是	U+1F6A3 U+1F3FF	People & Body	person-sport	fully-qualified	Rowboat、较深肤色	ROWBOAT / DARK SKIN TONE
1671	🚣‍♂️	人物活动	主网格	🚣‍♂️	Emoji·旅行与物品 / 其他旅行与物品	1f6a3-200d-2642.png	是	U+1F6A3 U+200D U+2642 U+FE0F	People & Body	person-sport	fully-qualified	男生划船	ROWBOAT / MALE SIGN
1672	🚣🏻‍♂️	人物活动	肤色变体（右键）	🚣🏻‍♂️	未直接列在现有 Emoji 网格	1f6a3-1f3fb-200d-2642.png	是	U+1F6A3 U+1F3FB U+200D U+2642 U+FE0F	People & Body	person-sport	fully-qualified	Rowboat、较浅肤色、男性符号	ROWBOAT / LIGHT SKIN TONE / MALE SIGN
1673	🚣🏼‍♂️	人物活动	肤色变体（右键）	🚣🏼‍♂️	未直接列在现有 Emoji 网格	1f6a3-1f3fc-200d-2642.png	是	U+1F6A3 U+1F3FC U+200D U+2642 U+FE0F	People & Body	person-sport	fully-qualified	Rowboat、中等偏浅肤色、男性符号	ROWBOAT / MEDIUM-LIGHT SKIN TONE / MALE SIGN
1674	🚣🏽‍♂️	人物活动	肤色变体（右键）	🚣🏽‍♂️	未直接列在现有 Emoji 网格	1f6a3-1f3fd-200d-2642.png	是	U+1F6A3 U+1F3FD U+200D U+2642 U+FE0F	People & Body	person-sport	fully-qualified	Rowboat、中等肤色、男性符号	ROWBOAT / MEDIUM SKIN TONE / MALE SIGN
1675	🚣🏾‍♂️	人物活动	肤色变体（右键）	🚣🏾‍♂️	未直接列在现有 Emoji 网格	1f6a3-1f3fe-200d-2642.png	是	U+1F6A3 U+1F3FE U+200D U+2642 U+FE0F	People & Body	person-sport	fully-qualified	Rowboat、中等偏深肤色、男性符号	ROWBOAT / MEDIUM-DARK SKIN TONE / MALE SIGN
1676	🚣🏿‍♂️	人物活动	肤色变体（右键）	🚣🏿‍♂️	未直接列在现有 Emoji 网格	1f6a3-1f3ff-200d-2642.png	是	U+1F6A3 U+1F3FF U+200D U+2642 U+FE0F	People & Body	person-sport	fully-qualified	Rowboat、较深肤色、男性符号	ROWBOAT / DARK SKIN TONE / MALE SIGN
1677	🚣‍♀️	人物活动	主网格	🚣‍♀️	Emoji·旅行与物品 / 其他旅行与物品	1f6a3-200d-2640.png	是	U+1F6A3 U+200D U+2640 U+FE0F	People & Body	person-sport	fully-qualified	女生划船	ROWBOAT / FEMALE SIGN
1678	🚣🏻‍♀️	人物活动	肤色变体（右键）	🚣🏻‍♀️	未直接列在现有 Emoji 网格	1f6a3-1f3fb-200d-2640.png	是	U+1F6A3 U+1F3FB U+200D U+2640 U+FE0F	People & Body	person-sport	fully-qualified	Rowboat、较浅肤色、女性符号	ROWBOAT / LIGHT SKIN TONE / FEMALE SIGN
1679	🚣🏼‍♀️	人物活动	肤色变体（右键）	🚣🏼‍♀️	未直接列在现有 Emoji 网格	1f6a3-1f3fc-200d-2640.png	是	U+1F6A3 U+1F3FC U+200D U+2640 U+FE0F	People & Body	person-sport	fully-qualified	Rowboat、中等偏浅肤色、女性符号	ROWBOAT / MEDIUM-LIGHT SKIN TONE / FEMALE SIGN
1680	🚣🏽‍♀️	人物活动	肤色变体（右键）	🚣🏽‍♀️	未直接列在现有 Emoji 网格	1f6a3-1f3fd-200d-2640.png	是	U+1F6A3 U+1F3FD U+200D U+2640 U+FE0F	People & Body	person-sport	fully-qualified	Rowboat、中等肤色、女性符号	ROWBOAT / MEDIUM SKIN TONE / FEMALE SIGN
1681	🚣🏾‍♀️	人物活动	肤色变体（右键）	🚣🏾‍♀️	未直接列在现有 Emoji 网格	1f6a3-1f3fe-200d-2640.png	是	U+1F6A3 U+1F3FE U+200D U+2640 U+FE0F	People & Body	person-sport	fully-qualified	Rowboat、中等偏深肤色、女性符号	ROWBOAT / MEDIUM-DARK SKIN TONE / FEMALE SIGN
1682	🚣🏿‍♀️	人物活动	肤色变体（右键）	🚣🏿‍♀️	未直接列在现有 Emoji 网格	1f6a3-1f3ff-200d-2640.png	是	U+1F6A3 U+1F3FF U+200D U+2640 U+FE0F	People & Body	person-sport	fully-qualified	Rowboat、较深肤色、女性符号	ROWBOAT / DARK SKIN TONE / FEMALE SIGN
1683	🏊	人物活动	主网格	🏊	Emoji·符号与旗帜 / 第 40 行	1f3ca.png	是	U+1F3CA	People & Body	person-sport	fully-qualified	游泳	SWIMMER
1684	🏊🏻	人物活动	肤色变体（右键）	🏊🏻	未直接列在现有 Emoji 网格	1f3ca-1f3fb.png	是	U+1F3CA U+1F3FB	People & Body	person-sport	fully-qualified	Swimmer、较浅肤色	SWIMMER / LIGHT SKIN TONE
1685	🏊🏼	人物活动	肤色变体（右键）	🏊🏼	未直接列在现有 Emoji 网格	1f3ca-1f3fc.png	是	U+1F3CA U+1F3FC	People & Body	person-sport	fully-qualified	Swimmer、中等偏浅肤色	SWIMMER / MEDIUM-LIGHT SKIN TONE
1686	🏊🏽	人物活动	肤色变体（右键）	🏊🏽	未直接列在现有 Emoji 网格	1f3ca-1f3fd.png	是	U+1F3CA U+1F3FD	People & Body	person-sport	fully-qualified	Swimmer、中等肤色	SWIMMER / MEDIUM SKIN TONE
1687	🏊🏾	人物活动	肤色变体（右键）	🏊🏾	未直接列在现有 Emoji 网格	1f3ca-1f3fe.png	是	U+1F3CA U+1F3FE	People & Body	person-sport	fully-qualified	Swimmer、中等偏深肤色	SWIMMER / MEDIUM-DARK SKIN TONE
1688	🏊🏿	人物活动	肤色变体（右键）	🏊🏿	未直接列在现有 Emoji 网格	1f3ca-1f3ff.png	是	U+1F3CA U+1F3FF	People & Body	person-sport	fully-qualified	Swimmer、较深肤色	SWIMMER / DARK SKIN TONE
1689	🏊‍♂️	人物活动	主网格	🏊‍♂️	Emoji·符号与旗帜 / 第 29 行	1f3ca-200d-2642.png	是	U+1F3CA U+200D U+2642 U+FE0F	People & Body	person-sport	fully-qualified	男生游泳	SWIMMER / MALE SIGN
1690	🏊🏻‍♂️	人物活动	肤色变体（右键）	🏊🏻‍♂️	未直接列在现有 Emoji 网格	1f3ca-1f3fb-200d-2642.png	是	U+1F3CA U+1F3FB U+200D U+2642 U+FE0F	People & Body	person-sport	fully-qualified	Swimmer、较浅肤色、男性符号	SWIMMER / LIGHT SKIN TONE / MALE SIGN
1691	🏊🏼‍♂️	人物活动	肤色变体（右键）	🏊🏼‍♂️	未直接列在现有 Emoji 网格	1f3ca-1f3fc-200d-2642.png	是	U+1F3CA U+1F3FC U+200D U+2642 U+FE0F	People & Body	person-sport	fully-qualified	Swimmer、中等偏浅肤色、男性符号	SWIMMER / MEDIUM-LIGHT SKIN TONE / MALE SIGN
1692	🏊🏽‍♂️	人物活动	肤色变体（右键）	🏊🏽‍♂️	未直接列在现有 Emoji 网格	1f3ca-1f3fd-200d-2642.png	是	U+1F3CA U+1F3FD U+200D U+2642 U+FE0F	People & Body	person-sport	fully-qualified	Swimmer、中等肤色、男性符号	SWIMMER / MEDIUM SKIN TONE / MALE SIGN
1693	🏊🏾‍♂️	人物活动	肤色变体（右键）	🏊🏾‍♂️	未直接列在现有 Emoji 网格	1f3ca-1f3fe-200d-2642.png	是	U+1F3CA U+1F3FE U+200D U+2642 U+FE0F	People & Body	person-sport	fully-qualified	Swimmer、中等偏深肤色、男性符号	SWIMMER / MEDIUM-DARK SKIN TONE / MALE SIGN
1694	🏊🏿‍♂️	人物活动	肤色变体（右键）	🏊🏿‍♂️	未直接列在现有 Emoji 网格	1f3ca-1f3ff-200d-2642.png	是	U+1F3CA U+1F3FF U+200D U+2642 U+FE0F	People & Body	person-sport	fully-qualified	Swimmer、较深肤色、男性符号	SWIMMER / DARK SKIN TONE / MALE SIGN
1695	🏊‍♀️	人物活动	主网格	🏊‍♀️	Emoji·符号与旗帜 / 第 29 行	1f3ca-200d-2640.png	是	U+1F3CA U+200D U+2640 U+FE0F	People & Body	person-sport	fully-qualified	女生游泳	SWIMMER / FEMALE SIGN
1696	🏊🏻‍♀️	人物活动	肤色变体（右键）	🏊🏻‍♀️	未直接列在现有 Emoji 网格	1f3ca-1f3fb-200d-2640.png	是	U+1F3CA U+1F3FB U+200D U+2640 U+FE0F	People & Body	person-sport	fully-qualified	Swimmer、较浅肤色、女性符号	SWIMMER / LIGHT SKIN TONE / FEMALE SIGN
1697	🏊🏼‍♀️	人物活动	肤色变体（右键）	🏊🏼‍♀️	未直接列在现有 Emoji 网格	1f3ca-1f3fc-200d-2640.png	是	U+1F3CA U+1F3FC U+200D U+2640 U+FE0F	People & Body	person-sport	fully-qualified	Swimmer、中等偏浅肤色、女性符号	SWIMMER / MEDIUM-LIGHT SKIN TONE / FEMALE SIGN
1698	🏊🏽‍♀️	人物活动	肤色变体（右键）	🏊🏽‍♀️	未直接列在现有 Emoji 网格	1f3ca-1f3fd-200d-2640.png	是	U+1F3CA U+1F3FD U+200D U+2640 U+FE0F	People & Body	person-sport	fully-qualified	Swimmer、中等肤色、女性符号	SWIMMER / MEDIUM SKIN TONE / FEMALE SIGN
1699	🏊🏾‍♀️	人物活动	肤色变体（右键）	🏊🏾‍♀️	未直接列在现有 Emoji 网格	1f3ca-1f3fe-200d-2640.png	是	U+1F3CA U+1F3FE U+200D U+2640 U+FE0F	People & Body	person-sport	fully-qualified	Swimmer、中等偏深肤色、女性符号	SWIMMER / MEDIUM-DARK SKIN TONE / FEMALE SIGN
1700	🏊🏿‍♀️	人物活动	肤色变体（右键）	🏊🏿‍♀️	未直接列在现有 Emoji 网格	1f3ca-1f3ff-200d-2640.png	是	U+1F3CA U+1F3FF U+200D U+2640 U+FE0F	People & Body	person-sport	fully-qualified	Swimmer、较深肤色、女性符号	SWIMMER / DARK SKIN TONE / FEMALE SIGN
1701	⛹️	人物活动	主网格	⛹️	Emoji·表情与人物 / 第 18 行	26f9.png	是	U+26F9 U+FE0F	People & Body	person-sport	fully-qualified	玩球	PERSON WITH BALL
1702	⛹	人物活动	呈现别名（不重复显示）	⛹️	Emoji·表情与人物 / 第 18 行	26f9.png	是	U+26F9	People & Body	person-sport	unqualified	玩球	PERSON WITH BALL
1703	⛹🏻	人物活动	肤色变体（右键）	⛹🏻	未直接列在现有 Emoji 网格	26f9-1f3fb.png	是	U+26F9 U+1F3FB	People & Body	person-sport	fully-qualified	人物带Ball、较浅肤色	PERSON WITH BALL / LIGHT SKIN TONE
1704	⛹🏼	人物活动	肤色变体（右键）	⛹🏼	未直接列在现有 Emoji 网格	26f9-1f3fc.png	是	U+26F9 U+1F3FC	People & Body	person-sport	fully-qualified	人物带Ball、中等偏浅肤色	PERSON WITH BALL / MEDIUM-LIGHT SKIN TONE
1705	⛹🏽	人物活动	肤色变体（右键）	⛹🏽	未直接列在现有 Emoji 网格	26f9-1f3fd.png	是	U+26F9 U+1F3FD	People & Body	person-sport	fully-qualified	人物带Ball、中等肤色	PERSON WITH BALL / MEDIUM SKIN TONE
1706	⛹🏾	人物活动	肤色变体（右键）	⛹🏾	未直接列在现有 Emoji 网格	26f9-1f3fe.png	是	U+26F9 U+1F3FE	People & Body	person-sport	fully-qualified	人物带Ball、中等偏深肤色	PERSON WITH BALL / MEDIUM-DARK SKIN TONE
1707	⛹🏿	人物活动	肤色变体（右键）	⛹🏿	未直接列在现有 Emoji 网格	26f9-1f3ff.png	是	U+26F9 U+1F3FF	People & Body	person-sport	fully-qualified	人物带Ball、较深肤色	PERSON WITH BALL / DARK SKIN TONE
1708	⛹️‍♂️	人物活动	主网格	⛹️‍♂️	Emoji·表情与人物 / 第 16 行	26f9-200d-2642.png	是	U+26F9 U+FE0F U+200D U+2642 U+FE0F	People & Body	person-sport	fully-qualified	男生玩球	PERSON WITH BALL / MALE SIGN
1709	⛹🏻‍♂️	人物活动	肤色变体（右键）	⛹🏻‍♂️	Emoji·表情与人物 / 第 16 行	26f9-1f3fb-200d-2642.png	是	U+26F9 U+1F3FB U+200D U+2642 U+FE0F	People & Body	person-sport	fully-qualified	人物带Ball、较浅肤色、男性符号	PERSON WITH BALL / LIGHT SKIN TONE / MALE SIGN
1710	⛹🏼‍♂️	人物活动	肤色变体（右键）	⛹🏼‍♂️	未直接列在现有 Emoji 网格	26f9-1f3fc-200d-2642.png	是	U+26F9 U+1F3FC U+200D U+2642 U+FE0F	People & Body	person-sport	fully-qualified	人物带Ball、中等偏浅肤色、男性符号	PERSON WITH BALL / MEDIUM-LIGHT SKIN TONE / MALE SIGN
1711	⛹🏽‍♂️	人物活动	肤色变体（右键）	⛹🏽‍♂️	未直接列在现有 Emoji 网格	26f9-1f3fd-200d-2642.png	是	U+26F9 U+1F3FD U+200D U+2642 U+FE0F	People & Body	person-sport	fully-qualified	人物带Ball、中等肤色、男性符号	PERSON WITH BALL / MEDIUM SKIN TONE / MALE SIGN
1712	⛹🏾‍♂️	人物活动	肤色变体（右键）	⛹🏾‍♂️	未直接列在现有 Emoji 网格	26f9-1f3fe-200d-2642.png	是	U+26F9 U+1F3FE U+200D U+2642 U+FE0F	People & Body	person-sport	fully-qualified	人物带Ball、中等偏深肤色、男性符号	PERSON WITH BALL / MEDIUM-DARK SKIN TONE / MALE SIGN
1713	⛹🏿‍♂️	人物活动	肤色变体（右键）	⛹🏿‍♂️	未直接列在现有 Emoji 网格	26f9-1f3ff-200d-2642.png	是	U+26F9 U+1F3FF U+200D U+2642 U+FE0F	People & Body	person-sport	fully-qualified	人物带Ball、较深肤色、男性符号	PERSON WITH BALL / DARK SKIN TONE / MALE SIGN
1714	⛹️‍♀️	人物活动	主网格	⛹️‍♀️	Emoji·表情与人物 / 第 16 行	26f9-200d-2640.png	是	U+26F9 U+FE0F U+200D U+2640 U+FE0F	People & Body	person-sport	fully-qualified	女生玩球	PERSON WITH BALL / FEMALE SIGN
1715	⛹🏻‍♀️	人物活动	肤色变体（右键）	⛹🏻‍♀️	Emoji·表情与人物 / 第 16 行	26f9-1f3fb-200d-2640.png	是	U+26F9 U+1F3FB U+200D U+2640 U+FE0F	People & Body	person-sport	fully-qualified	人物带Ball、较浅肤色、女性符号	PERSON WITH BALL / LIGHT SKIN TONE / FEMALE SIGN
1716	⛹🏼‍♀️	人物活动	肤色变体（右键）	⛹🏼‍♀️	未直接列在现有 Emoji 网格	26f9-1f3fc-200d-2640.png	是	U+26F9 U+1F3FC U+200D U+2640 U+FE0F	People & Body	person-sport	fully-qualified	人物带Ball、中等偏浅肤色、女性符号	PERSON WITH BALL / MEDIUM-LIGHT SKIN TONE / FEMALE SIGN
1717	⛹🏽‍♀️	人物活动	肤色变体（右键）	⛹🏽‍♀️	未直接列在现有 Emoji 网格	26f9-1f3fd-200d-2640.png	是	U+26F9 U+1F3FD U+200D U+2640 U+FE0F	People & Body	person-sport	fully-qualified	人物带Ball、中等肤色、女性符号	PERSON WITH BALL / MEDIUM SKIN TONE / FEMALE SIGN
1718	⛹🏾‍♀️	人物活动	肤色变体（右键）	⛹🏾‍♀️	未直接列在现有 Emoji 网格	26f9-1f3fe-200d-2640.png	是	U+26F9 U+1F3FE U+200D U+2640 U+FE0F	People & Body	person-sport	fully-qualified	人物带Ball、中等偏深肤色、女性符号	PERSON WITH BALL / MEDIUM-DARK SKIN TONE / FEMALE SIGN
1719	⛹🏿‍♀️	人物活动	肤色变体（右键）	⛹🏿‍♀️	未直接列在现有 Emoji 网格	26f9-1f3ff-200d-2640.png	是	U+26F9 U+1F3FF U+200D U+2640 U+FE0F	People & Body	person-sport	fully-qualified	人物带Ball、较深肤色、女性符号	PERSON WITH BALL / DARK SKIN TONE / FEMALE SIGN
1720	🏋️	人物活动	主网格	🏋️	Emoji·符号与旗帜 / 第 41 行	1f3cb.png	是	U+1F3CB U+FE0F	People & Body	person-sport	fully-qualified	举重	WEIGHT LIFTER
1721	🏋	人物活动	呈现别名（不重复显示）	🏋️	Emoji·符号与旗帜 / 第 42 行	1f3cb.png	是	U+1F3CB	People & Body	person-sport	unqualified	举重	WEIGHT LIFTER
1722	🏋🏻	人物活动	肤色变体（右键）	🏋🏻	未直接列在现有 Emoji 网格	1f3cb-1f3fb.png	是	U+1F3CB U+1F3FB	People & Body	person-sport	fully-qualified	WeightLifter、较浅肤色	WEIGHT LIFTER / LIGHT SKIN TONE
1723	🏋🏼	人物活动	肤色变体（右键）	🏋🏼	未直接列在现有 Emoji 网格	1f3cb-1f3fc.png	是	U+1F3CB U+1F3FC	People & Body	person-sport	fully-qualified	WeightLifter、中等偏浅肤色	WEIGHT LIFTER / MEDIUM-LIGHT SKIN TONE
1724	🏋🏽	人物活动	肤色变体（右键）	🏋🏽	未直接列在现有 Emoji 网格	1f3cb-1f3fd.png	是	U+1F3CB U+1F3FD	People & Body	person-sport	fully-qualified	WeightLifter、中等肤色	WEIGHT LIFTER / MEDIUM SKIN TONE
1725	🏋🏾	人物活动	肤色变体（右键）	🏋🏾	未直接列在现有 Emoji 网格	1f3cb-1f3fe.png	是	U+1F3CB U+1F3FE	People & Body	person-sport	fully-qualified	WeightLifter、中等偏深肤色	WEIGHT LIFTER / MEDIUM-DARK SKIN TONE
1726	🏋🏿	人物活动	肤色变体（右键）	🏋🏿	未直接列在现有 Emoji 网格	1f3cb-1f3ff.png	是	U+1F3CB U+1F3FF	People & Body	person-sport	fully-qualified	WeightLifter、较深肤色	WEIGHT LIFTER / DARK SKIN TONE
1727	🏋️‍♂️	人物活动	主网格	🏋️‍♂️	Emoji·符号与旗帜 / 第 32 行	1f3cb-200d-2642.png	是	U+1F3CB U+FE0F U+200D U+2642 U+FE0F	People & Body	person-sport	fully-qualified	男生举重	WEIGHT LIFTER / MALE SIGN
1728	🏋🏻‍♂️	人物活动	肤色变体（右键）	🏋🏻‍♂️	Emoji·符号与旗帜 / 第 32 行	1f3cb-1f3fb-200d-2642.png	是	U+1F3CB U+1F3FB U+200D U+2642 U+FE0F	People & Body	person-sport	fully-qualified	WeightLifter、较浅肤色、男性符号	WEIGHT LIFTER / LIGHT SKIN TONE / MALE SIGN
1729	🏋🏼‍♂️	人物活动	肤色变体（右键）	🏋🏼‍♂️	未直接列在现有 Emoji 网格	1f3cb-1f3fc-200d-2642.png	是	U+1F3CB U+1F3FC U+200D U+2642 U+FE0F	People & Body	person-sport	fully-qualified	WeightLifter、中等偏浅肤色、男性符号	WEIGHT LIFTER / MEDIUM-LIGHT SKIN TONE / MALE SIGN
1730	🏋🏽‍♂️	人物活动	肤色变体（右键）	🏋🏽‍♂️	未直接列在现有 Emoji 网格	1f3cb-1f3fd-200d-2642.png	是	U+1F3CB U+1F3FD U+200D U+2642 U+FE0F	People & Body	person-sport	fully-qualified	WeightLifter、中等肤色、男性符号	WEIGHT LIFTER / MEDIUM SKIN TONE / MALE SIGN
1731	🏋🏾‍♂️	人物活动	肤色变体（右键）	🏋🏾‍♂️	未直接列在现有 Emoji 网格	1f3cb-1f3fe-200d-2642.png	是	U+1F3CB U+1F3FE U+200D U+2642 U+FE0F	People & Body	person-sport	fully-qualified	WeightLifter、中等偏深肤色、男性符号	WEIGHT LIFTER / MEDIUM-DARK SKIN TONE / MALE SIGN
1732	🏋🏿‍♂️	人物活动	肤色变体（右键）	🏋🏿‍♂️	未直接列在现有 Emoji 网格	1f3cb-1f3ff-200d-2642.png	是	U+1F3CB U+1F3FF U+200D U+2642 U+FE0F	People & Body	person-sport	fully-qualified	WeightLifter、较深肤色、男性符号	WEIGHT LIFTER / DARK SKIN TONE / MALE SIGN
1733	🏋️‍♀️	人物活动	主网格	🏋️‍♀️	Emoji·符号与旗帜 / 第 32 行	1f3cb-200d-2640.png	是	U+1F3CB U+FE0F U+200D U+2640 U+FE0F	People & Body	person-sport	fully-qualified	女生举重	WEIGHT LIFTER / FEMALE SIGN
1734	🏋🏻‍♀️	人物活动	肤色变体（右键）	🏋🏻‍♀️	Emoji·符号与旗帜 / 第 32 行	1f3cb-1f3fb-200d-2640.png	是	U+1F3CB U+1F3FB U+200D U+2640 U+FE0F	People & Body	person-sport	fully-qualified	WeightLifter、较浅肤色、女性符号	WEIGHT LIFTER / LIGHT SKIN TONE / FEMALE SIGN
1735	🏋🏼‍♀️	人物活动	肤色变体（右键）	🏋🏼‍♀️	未直接列在现有 Emoji 网格	1f3cb-1f3fc-200d-2640.png	是	U+1F3CB U+1F3FC U+200D U+2640 U+FE0F	People & Body	person-sport	fully-qualified	WeightLifter、中等偏浅肤色、女性符号	WEIGHT LIFTER / MEDIUM-LIGHT SKIN TONE / FEMALE SIGN
1736	🏋🏽‍♀️	人物活动	肤色变体（右键）	🏋🏽‍♀️	未直接列在现有 Emoji 网格	1f3cb-1f3fd-200d-2640.png	是	U+1F3CB U+1F3FD U+200D U+2640 U+FE0F	People & Body	person-sport	fully-qualified	WeightLifter、中等肤色、女性符号	WEIGHT LIFTER / MEDIUM SKIN TONE / FEMALE SIGN
1737	🏋🏾‍♀️	人物活动	肤色变体（右键）	🏋🏾‍♀️	未直接列在现有 Emoji 网格	1f3cb-1f3fe-200d-2640.png	是	U+1F3CB U+1F3FE U+200D U+2640 U+FE0F	People & Body	person-sport	fully-qualified	WeightLifter、中等偏深肤色、女性符号	WEIGHT LIFTER / MEDIUM-DARK SKIN TONE / FEMALE SIGN
1738	🏋🏿‍♀️	人物活动	肤色变体（右键）	🏋🏿‍♀️	未直接列在现有 Emoji 网格	1f3cb-1f3ff-200d-2640.png	是	U+1F3CB U+1F3FF U+200D U+2640 U+FE0F	People & Body	person-sport	fully-qualified	WeightLifter、较深肤色、女性符号	WEIGHT LIFTER / DARK SKIN TONE / FEMALE SIGN
1739	🚴	人物活动	主网格	🚴	Emoji·符号与旗帜 / 第 41 行	1f6b4.png	是	U+1F6B4	People & Body	person-sport	fully-qualified	骑自行车	BICYCLIST
1740	🚴🏻	人物活动	肤色变体（右键）	🚴🏻	未直接列在现有 Emoji 网格	1f6b4-1f3fb.png	是	U+1F6B4 U+1F3FB	People & Body	person-sport	fully-qualified	Bicyclist、较浅肤色	BICYCLIST / LIGHT SKIN TONE
1741	🚴🏼	人物活动	肤色变体（右键）	🚴🏼	未直接列在现有 Emoji 网格	1f6b4-1f3fc.png	是	U+1F6B4 U+1F3FC	People & Body	person-sport	fully-qualified	Bicyclist、中等偏浅肤色	BICYCLIST / MEDIUM-LIGHT SKIN TONE
1742	🚴🏽	人物活动	肤色变体（右键）	🚴🏽	未直接列在现有 Emoji 网格	1f6b4-1f3fd.png	是	U+1F6B4 U+1F3FD	People & Body	person-sport	fully-qualified	Bicyclist、中等肤色	BICYCLIST / MEDIUM SKIN TONE
1743	🚴🏾	人物活动	肤色变体（右键）	🚴🏾	未直接列在现有 Emoji 网格	1f6b4-1f3fe.png	是	U+1F6B4 U+1F3FE	People & Body	person-sport	fully-qualified	Bicyclist、中等偏深肤色	BICYCLIST / MEDIUM-DARK SKIN TONE
1744	🚴🏿	人物活动	肤色变体（右键）	🚴🏿	未直接列在现有 Emoji 网格	1f6b4-1f3ff.png	是	U+1F6B4 U+1F3FF	People & Body	person-sport	fully-qualified	Bicyclist、较深肤色	BICYCLIST / DARK SKIN TONE
1745	🚴‍♂️	人物活动	主网格	🚴‍♂️	Emoji·符号与旗帜 / 第 30 行	1f6b4-200d-2642.png	是	U+1F6B4 U+200D U+2642 U+FE0F	People & Body	person-sport	fully-qualified	男生骑自行车	BICYCLIST / MALE SIGN
1746	🚴🏻‍♂️	人物活动	肤色变体（右键）	🚴🏻‍♂️	未直接列在现有 Emoji 网格	1f6b4-1f3fb-200d-2642.png	是	U+1F6B4 U+1F3FB U+200D U+2642 U+FE0F	People & Body	person-sport	fully-qualified	Bicyclist、较浅肤色、男性符号	BICYCLIST / LIGHT SKIN TONE / MALE SIGN
1747	🚴🏼‍♂️	人物活动	肤色变体（右键）	🚴🏼‍♂️	未直接列在现有 Emoji 网格	1f6b4-1f3fc-200d-2642.png	是	U+1F6B4 U+1F3FC U+200D U+2642 U+FE0F	People & Body	person-sport	fully-qualified	Bicyclist、中等偏浅肤色、男性符号	BICYCLIST / MEDIUM-LIGHT SKIN TONE / MALE SIGN
1748	🚴🏽‍♂️	人物活动	肤色变体（右键）	🚴🏽‍♂️	未直接列在现有 Emoji 网格	1f6b4-1f3fd-200d-2642.png	是	U+1F6B4 U+1F3FD U+200D U+2642 U+FE0F	People & Body	person-sport	fully-qualified	Bicyclist、中等肤色、男性符号	BICYCLIST / MEDIUM SKIN TONE / MALE SIGN
1749	🚴🏾‍♂️	人物活动	肤色变体（右键）	🚴🏾‍♂️	未直接列在现有 Emoji 网格	1f6b4-1f3fe-200d-2642.png	是	U+1F6B4 U+1F3FE U+200D U+2642 U+FE0F	People & Body	person-sport	fully-qualified	Bicyclist、中等偏深肤色、男性符号	BICYCLIST / MEDIUM-DARK SKIN TONE / MALE SIGN
1750	🚴🏿‍♂️	人物活动	肤色变体（右键）	🚴🏿‍♂️	未直接列在现有 Emoji 网格	1f6b4-1f3ff-200d-2642.png	是	U+1F6B4 U+1F3FF U+200D U+2642 U+FE0F	People & Body	person-sport	fully-qualified	Bicyclist、较深肤色、男性符号	BICYCLIST / DARK SKIN TONE / MALE SIGN
1751	🚴‍♀️	人物活动	主网格	🚴‍♀️	Emoji·符号与旗帜 / 第 30 行	1f6b4-200d-2640.png	是	U+1F6B4 U+200D U+2640 U+FE0F	People & Body	person-sport	fully-qualified	女生骑自行车	BICYCLIST / FEMALE SIGN
1752	🚴🏻‍♀️	人物活动	肤色变体（右键）	🚴🏻‍♀️	未直接列在现有 Emoji 网格	1f6b4-1f3fb-200d-2640.png	是	U+1F6B4 U+1F3FB U+200D U+2640 U+FE0F	People & Body	person-sport	fully-qualified	Bicyclist、较浅肤色、女性符号	BICYCLIST / LIGHT SKIN TONE / FEMALE SIGN
1753	🚴🏼‍♀️	人物活动	肤色变体（右键）	🚴🏼‍♀️	未直接列在现有 Emoji 网格	1f6b4-1f3fc-200d-2640.png	是	U+1F6B4 U+1F3FC U+200D U+2640 U+FE0F	People & Body	person-sport	fully-qualified	Bicyclist、中等偏浅肤色、女性符号	BICYCLIST / MEDIUM-LIGHT SKIN TONE / FEMALE SIGN
1754	🚴🏽‍♀️	人物活动	肤色变体（右键）	🚴🏽‍♀️	未直接列在现有 Emoji 网格	1f6b4-1f3fd-200d-2640.png	是	U+1F6B4 U+1F3FD U+200D U+2640 U+FE0F	People & Body	person-sport	fully-qualified	Bicyclist、中等肤色、女性符号	BICYCLIST / MEDIUM SKIN TONE / FEMALE SIGN
1755	🚴🏾‍♀️	人物活动	肤色变体（右键）	🚴🏾‍♀️	未直接列在现有 Emoji 网格	1f6b4-1f3fe-200d-2640.png	是	U+1F6B4 U+1F3FE U+200D U+2640 U+FE0F	People & Body	person-sport	fully-qualified	Bicyclist、中等偏深肤色、女性符号	BICYCLIST / MEDIUM-DARK SKIN TONE / FEMALE SIGN
1756	🚴🏿‍♀️	人物活动	肤色变体（右键）	🚴🏿‍♀️	未直接列在现有 Emoji 网格	1f6b4-1f3ff-200d-2640.png	是	U+1F6B4 U+1F3FF U+200D U+2640 U+FE0F	People & Body	person-sport	fully-qualified	Bicyclist、较深肤色、女性符号	BICYCLIST / DARK SKIN TONE / FEMALE SIGN
1757	🚵	人物活动	主网格	🚵	Emoji·旅行与物品 / 地点与场景	1f6b5.png	是	U+1F6B5	People & Body	person-sport	fully-qualified	骑山地车	MOUNTAIN BICYCLIST
1758	🚵🏻	人物活动	肤色变体（右键）	🚵🏻	未直接列在现有 Emoji 网格	1f6b5-1f3fb.png	是	U+1F6B5 U+1F3FB	People & Body	person-sport	fully-qualified	MountainBicyclist、较浅肤色	MOUNTAIN BICYCLIST / LIGHT SKIN TONE
1759	🚵🏼	人物活动	肤色变体（右键）	🚵🏼	未直接列在现有 Emoji 网格	1f6b5-1f3fc.png	是	U+1F6B5 U+1F3FC	People & Body	person-sport	fully-qualified	MountainBicyclist、中等偏浅肤色	MOUNTAIN BICYCLIST / MEDIUM-LIGHT SKIN TONE
1760	🚵🏽	人物活动	肤色变体（右键）	🚵🏽	未直接列在现有 Emoji 网格	1f6b5-1f3fd.png	是	U+1F6B5 U+1F3FD	People & Body	person-sport	fully-qualified	MountainBicyclist、中等肤色	MOUNTAIN BICYCLIST / MEDIUM SKIN TONE
1761	🚵🏾	人物活动	肤色变体（右键）	🚵🏾	未直接列在现有 Emoji 网格	1f6b5-1f3fe.png	是	U+1F6B5 U+1F3FE	People & Body	person-sport	fully-qualified	MountainBicyclist、中等偏深肤色	MOUNTAIN BICYCLIST / MEDIUM-DARK SKIN TONE
1762	🚵🏿	人物活动	肤色变体（右键）	🚵🏿	未直接列在现有 Emoji 网格	1f6b5-1f3ff.png	是	U+1F6B5 U+1F3FF	People & Body	person-sport	fully-qualified	MountainBicyclist、较深肤色	MOUNTAIN BICYCLIST / DARK SKIN TONE
1763	🚵‍♂️	人物活动	主网格	🚵‍♂️	Emoji·旅行与物品 / 地点与场景	1f6b5-200d-2642.png	是	U+1F6B5 U+200D U+2642 U+FE0F	People & Body	person-sport	fully-qualified	男生骑山地车	MOUNTAIN BICYCLIST / MALE SIGN
1764	🚵🏻‍♂️	人物活动	肤色变体（右键）	🚵🏻‍♂️	未直接列在现有 Emoji 网格	1f6b5-1f3fb-200d-2642.png	是	U+1F6B5 U+1F3FB U+200D U+2642 U+FE0F	People & Body	person-sport	fully-qualified	MountainBicyclist、较浅肤色、男性符号	MOUNTAIN BICYCLIST / LIGHT SKIN TONE / MALE SIGN
1765	🚵🏼‍♂️	人物活动	肤色变体（右键）	🚵🏼‍♂️	未直接列在现有 Emoji 网格	1f6b5-1f3fc-200d-2642.png	是	U+1F6B5 U+1F3FC U+200D U+2642 U+FE0F	People & Body	person-sport	fully-qualified	MountainBicyclist、中等偏浅肤色、男性符号	MOUNTAIN BICYCLIST / MEDIUM-LIGHT SKIN TONE / MALE SIGN
1766	🚵🏽‍♂️	人物活动	肤色变体（右键）	🚵🏽‍♂️	未直接列在现有 Emoji 网格	1f6b5-1f3fd-200d-2642.png	是	U+1F6B5 U+1F3FD U+200D U+2642 U+FE0F	People & Body	person-sport	fully-qualified	MountainBicyclist、中等肤色、男性符号	MOUNTAIN BICYCLIST / MEDIUM SKIN TONE / MALE SIGN
1767	🚵🏾‍♂️	人物活动	肤色变体（右键）	🚵🏾‍♂️	未直接列在现有 Emoji 网格	1f6b5-1f3fe-200d-2642.png	是	U+1F6B5 U+1F3FE U+200D U+2642 U+FE0F	People & Body	person-sport	fully-qualified	MountainBicyclist、中等偏深肤色、男性符号	MOUNTAIN BICYCLIST / MEDIUM-DARK SKIN TONE / MALE SIGN
1768	🚵🏿‍♂️	人物活动	肤色变体（右键）	🚵🏿‍♂️	未直接列在现有 Emoji 网格	1f6b5-1f3ff-200d-2642.png	是	U+1F6B5 U+1F3FF U+200D U+2642 U+FE0F	People & Body	person-sport	fully-qualified	MountainBicyclist、较深肤色、男性符号	MOUNTAIN BICYCLIST / DARK SKIN TONE / MALE SIGN
1769	🚵‍♀️	人物活动	主网格	🚵‍♀️	Emoji·旅行与物品 / 地点与场景	1f6b5-200d-2640.png	是	U+1F6B5 U+200D U+2640 U+FE0F	People & Body	person-sport	fully-qualified	女生骑山地车	MOUNTAIN BICYCLIST / FEMALE SIGN
1770	🚵🏻‍♀️	人物活动	肤色变体（右键）	🚵🏻‍♀️	未直接列在现有 Emoji 网格	1f6b5-1f3fb-200d-2640.png	是	U+1F6B5 U+1F3FB U+200D U+2640 U+FE0F	People & Body	person-sport	fully-qualified	MountainBicyclist、较浅肤色、女性符号	MOUNTAIN BICYCLIST / LIGHT SKIN TONE / FEMALE SIGN
1771	🚵🏼‍♀️	人物活动	肤色变体（右键）	🚵🏼‍♀️	未直接列在现有 Emoji 网格	1f6b5-1f3fc-200d-2640.png	是	U+1F6B5 U+1F3FC U+200D U+2640 U+FE0F	People & Body	person-sport	fully-qualified	MountainBicyclist、中等偏浅肤色、女性符号	MOUNTAIN BICYCLIST / MEDIUM-LIGHT SKIN TONE / FEMALE SIGN
1772	🚵🏽‍♀️	人物活动	肤色变体（右键）	🚵🏽‍♀️	未直接列在现有 Emoji 网格	1f6b5-1f3fd-200d-2640.png	是	U+1F6B5 U+1F3FD U+200D U+2640 U+FE0F	People & Body	person-sport	fully-qualified	MountainBicyclist、中等肤色、女性符号	MOUNTAIN BICYCLIST / MEDIUM SKIN TONE / FEMALE SIGN
1773	🚵🏾‍♀️	人物活动	肤色变体（右键）	🚵🏾‍♀️	未直接列在现有 Emoji 网格	1f6b5-1f3fe-200d-2640.png	是	U+1F6B5 U+1F3FE U+200D U+2640 U+FE0F	People & Body	person-sport	fully-qualified	MountainBicyclist、中等偏深肤色、女性符号	MOUNTAIN BICYCLIST / MEDIUM-DARK SKIN TONE / FEMALE SIGN
1774	🚵🏿‍♀️	人物活动	肤色变体（右键）	🚵🏿‍♀️	未直接列在现有 Emoji 网格	1f6b5-1f3ff-200d-2640.png	是	U+1F6B5 U+1F3FF U+200D U+2640 U+FE0F	People & Body	person-sport	fully-qualified	MountainBicyclist、较深肤色、女性符号	MOUNTAIN BICYCLIST / DARK SKIN TONE / FEMALE SIGN
1775	🤸	人物活动	主网格	🤸	Emoji·表情与人物 / 第 17 行	1f938.png	是	U+1F938	People & Body	person-sport	fully-qualified	侧手翻	PERSON DOING CARTWHEEL
1776	🤸🏻	人物活动	肤色变体（右键）	🤸🏻	未直接列在现有 Emoji 网格	1f938-1f3fb.png	是	U+1F938 U+1F3FB	People & Body	person-sport	fully-qualified	人物DoingCartwheel、较浅肤色	PERSON DOING CARTWHEEL / LIGHT SKIN TONE
1777	🤸🏼	人物活动	肤色变体（右键）	🤸🏼	未直接列在现有 Emoji 网格	1f938-1f3fc.png	是	U+1F938 U+1F3FC	People & Body	person-sport	fully-qualified	人物DoingCartwheel、中等偏浅肤色	PERSON DOING CARTWHEEL / MEDIUM-LIGHT SKIN TONE
1778	🤸🏽	人物活动	肤色变体（右键）	🤸🏽	未直接列在现有 Emoji 网格	1f938-1f3fd.png	是	U+1F938 U+1F3FD	People & Body	person-sport	fully-qualified	人物DoingCartwheel、中等肤色	PERSON DOING CARTWHEEL / MEDIUM SKIN TONE
1779	🤸🏾	人物活动	肤色变体（右键）	🤸🏾	未直接列在现有 Emoji 网格	1f938-1f3fe.png	是	U+1F938 U+1F3FE	People & Body	person-sport	fully-qualified	人物DoingCartwheel、中等偏深肤色	PERSON DOING CARTWHEEL / MEDIUM-DARK SKIN TONE
1780	🤸🏿	人物活动	肤色变体（右键）	🤸🏿	未直接列在现有 Emoji 网格	1f938-1f3ff.png	是	U+1F938 U+1F3FF	People & Body	person-sport	fully-qualified	人物DoingCartwheel、较深肤色	PERSON DOING CARTWHEEL / DARK SKIN TONE
1781	🤸‍♂️	人物活动	主网格	🤸‍♂️	Emoji·表情与人物 / 第 14 行	1f938-200d-2642.png	是	U+1F938 U+200D U+2642 U+FE0F	People & Body	person-sport	fully-qualified	男生侧手翻	PERSON DOING CARTWHEEL / MALE SIGN
1782	🤸🏻‍♂️	人物活动	肤色变体（右键）	🤸🏻‍♂️	未直接列在现有 Emoji 网格	1f938-1f3fb-200d-2642.png	是	U+1F938 U+1F3FB U+200D U+2642 U+FE0F	People & Body	person-sport	fully-qualified	人物DoingCartwheel、较浅肤色、男性符号	PERSON DOING CARTWHEEL / LIGHT SKIN TONE / MALE SIGN
1783	🤸🏼‍♂️	人物活动	肤色变体（右键）	🤸🏼‍♂️	未直接列在现有 Emoji 网格	1f938-1f3fc-200d-2642.png	是	U+1F938 U+1F3FC U+200D U+2642 U+FE0F	People & Body	person-sport	fully-qualified	人物DoingCartwheel、中等偏浅肤色、男性符号	PERSON DOING CARTWHEEL / MEDIUM-LIGHT SKIN TONE / MALE SIGN
1784	🤸🏽‍♂️	人物活动	肤色变体（右键）	🤸🏽‍♂️	未直接列在现有 Emoji 网格	1f938-1f3fd-200d-2642.png	是	U+1F938 U+1F3FD U+200D U+2642 U+FE0F	People & Body	person-sport	fully-qualified	人物DoingCartwheel、中等肤色、男性符号	PERSON DOING CARTWHEEL / MEDIUM SKIN TONE / MALE SIGN
1785	🤸🏾‍♂️	人物活动	肤色变体（右键）	🤸🏾‍♂️	未直接列在现有 Emoji 网格	1f938-1f3fe-200d-2642.png	是	U+1F938 U+1F3FE U+200D U+2642 U+FE0F	People & Body	person-sport	fully-qualified	人物DoingCartwheel、中等偏深肤色、男性符号	PERSON DOING CARTWHEEL / MEDIUM-DARK SKIN TONE / MALE SIGN
1786	🤸🏿‍♂️	人物活动	肤色变体（右键）	🤸🏿‍♂️	未直接列在现有 Emoji 网格	1f938-1f3ff-200d-2642.png	是	U+1F938 U+1F3FF U+200D U+2642 U+FE0F	People & Body	person-sport	fully-qualified	人物DoingCartwheel、较深肤色、男性符号	PERSON DOING CARTWHEEL / DARK SKIN TONE / MALE SIGN
1787	🤸‍♀️	人物活动	主网格	🤸‍♀️	Emoji·表情与人物 / 第 14 行	1f938-200d-2640.png	是	U+1F938 U+200D U+2640 U+FE0F	People & Body	person-sport	fully-qualified	女生侧手翻	PERSON DOING CARTWHEEL / FEMALE SIGN
1788	🤸🏻‍♀️	人物活动	肤色变体（右键）	🤸🏻‍♀️	未直接列在现有 Emoji 网格	1f938-1f3fb-200d-2640.png	是	U+1F938 U+1F3FB U+200D U+2640 U+FE0F	People & Body	person-sport	fully-qualified	人物DoingCartwheel、较浅肤色、女性符号	PERSON DOING CARTWHEEL / LIGHT SKIN TONE / FEMALE SIGN
1789	🤸🏼‍♀️	人物活动	肤色变体（右键）	🤸🏼‍♀️	未直接列在现有 Emoji 网格	1f938-1f3fc-200d-2640.png	是	U+1F938 U+1F3FC U+200D U+2640 U+FE0F	People & Body	person-sport	fully-qualified	人物DoingCartwheel、中等偏浅肤色、女性符号	PERSON DOING CARTWHEEL / MEDIUM-LIGHT SKIN TONE / FEMALE SIGN
1790	🤸🏽‍♀️	人物活动	肤色变体（右键）	🤸🏽‍♀️	未直接列在现有 Emoji 网格	1f938-1f3fd-200d-2640.png	是	U+1F938 U+1F3FD U+200D U+2640 U+FE0F	People & Body	person-sport	fully-qualified	人物DoingCartwheel、中等肤色、女性符号	PERSON DOING CARTWHEEL / MEDIUM SKIN TONE / FEMALE SIGN
1791	🤸🏾‍♀️	人物活动	肤色变体（右键）	🤸🏾‍♀️	未直接列在现有 Emoji 网格	1f938-1f3fe-200d-2640.png	是	U+1F938 U+1F3FE U+200D U+2640 U+FE0F	People & Body	person-sport	fully-qualified	人物DoingCartwheel、中等偏深肤色、女性符号	PERSON DOING CARTWHEEL / MEDIUM-DARK SKIN TONE / FEMALE SIGN
1792	🤸🏿‍♀️	人物活动	肤色变体（右键）	🤸🏿‍♀️	未直接列在现有 Emoji 网格	1f938-1f3ff-200d-2640.png	是	U+1F938 U+1F3FF U+200D U+2640 U+FE0F	People & Body	person-sport	fully-qualified	人物DoingCartwheel、较深肤色、女性符号	PERSON DOING CARTWHEEL / DARK SKIN TONE / FEMALE SIGN
1793	🤼	人物活动	主网格	🤼	Emoji·符号与旗帜 / 第 44 行	1f93c.png	是	U+1F93C	People & Body	person-sport	fully-qualified	摔跤选手	WRESTLERS
1794	🤼‍♂️	人物活动	主网格	🤼‍♂️	Emoji·符号与旗帜 / 第 31 行	1f93c-200d-2642.png	是	U+1F93C U+200D U+2642 U+FE0F	People & Body	person-sport	fully-qualified	男生摔跤	WRESTLERS / MALE SIGN
1795	🤼‍♀️	人物活动	主网格	🤼‍♀️	Emoji·符号与旗帜 / 第 31 行	1f93c-200d-2640.png	是	U+1F93C U+200D U+2640 U+FE0F	People & Body	person-sport	fully-qualified	女生摔跤	WRESTLERS / FEMALE SIGN
1796	🤽	人物活动	主网格	🤽	Emoji·动物与自然 / 自然与其他	1f93d.png	是	U+1F93D	People & Body	person-sport	fully-qualified	水球	WATER POLO
1797	🤽🏻	人物活动	肤色变体（右键）	🤽🏻	未直接列在现有 Emoji 网格	1f93d-1f3fb.png	是	U+1F93D U+1F3FB	People & Body	person-sport	fully-qualified	WaterPolo、较浅肤色	WATER POLO / LIGHT SKIN TONE
1798	🤽🏼	人物活动	肤色变体（右键）	🤽🏼	未直接列在现有 Emoji 网格	1f93d-1f3fc.png	是	U+1F93D U+1F3FC	People & Body	person-sport	fully-qualified	WaterPolo、中等偏浅肤色	WATER POLO / MEDIUM-LIGHT SKIN TONE
1799	🤽🏽	人物活动	肤色变体（右键）	🤽🏽	未直接列在现有 Emoji 网格	1f93d-1f3fd.png	是	U+1F93D U+1F3FD	People & Body	person-sport	fully-qualified	WaterPolo、中等肤色	WATER POLO / MEDIUM SKIN TONE
1800	🤽🏾	人物活动	肤色变体（右键）	🤽🏾	未直接列在现有 Emoji 网格	1f93d-1f3fe.png	是	U+1F93D U+1F3FE	People & Body	person-sport	fully-qualified	WaterPolo、中等偏深肤色	WATER POLO / MEDIUM-DARK SKIN TONE
1801	🤽🏿	人物活动	肤色变体（右键）	🤽🏿	未直接列在现有 Emoji 网格	1f93d-1f3ff.png	是	U+1F93D U+1F3FF	People & Body	person-sport	fully-qualified	WaterPolo、较深肤色	WATER POLO / DARK SKIN TONE
1802	🤽‍♂️	人物活动	主网格	🤽‍♂️	Emoji·动物与自然 / 自然与其他	1f93d-200d-2642.png	是	U+1F93D U+200D U+2642 U+FE0F	People & Body	person-sport	fully-qualified	男生玩水球	WATER POLO / MALE SIGN
1803	🤽🏻‍♂️	人物活动	肤色变体（右键）	🤽🏻‍♂️	未直接列在现有 Emoji 网格	1f93d-1f3fb-200d-2642.png	是	U+1F93D U+1F3FB U+200D U+2642 U+FE0F	People & Body	person-sport	fully-qualified	WaterPolo、较浅肤色、男性符号	WATER POLO / LIGHT SKIN TONE / MALE SIGN
1804	🤽🏼‍♂️	人物活动	肤色变体（右键）	🤽🏼‍♂️	未直接列在现有 Emoji 网格	1f93d-1f3fc-200d-2642.png	是	U+1F93D U+1F3FC U+200D U+2642 U+FE0F	People & Body	person-sport	fully-qualified	WaterPolo、中等偏浅肤色、男性符号	WATER POLO / MEDIUM-LIGHT SKIN TONE / MALE SIGN
1805	🤽🏽‍♂️	人物活动	肤色变体（右键）	🤽🏽‍♂️	未直接列在现有 Emoji 网格	1f93d-1f3fd-200d-2642.png	是	U+1F93D U+1F3FD U+200D U+2642 U+FE0F	People & Body	person-sport	fully-qualified	WaterPolo、中等肤色、男性符号	WATER POLO / MEDIUM SKIN TONE / MALE SIGN
1806	🤽🏾‍♂️	人物活动	肤色变体（右键）	🤽🏾‍♂️	未直接列在现有 Emoji 网格	1f93d-1f3fe-200d-2642.png	是	U+1F93D U+1F3FE U+200D U+2642 U+FE0F	People & Body	person-sport	fully-qualified	WaterPolo、中等偏深肤色、男性符号	WATER POLO / MEDIUM-DARK SKIN TONE / MALE SIGN
1807	🤽🏿‍♂️	人物活动	肤色变体（右键）	🤽🏿‍♂️	未直接列在现有 Emoji 网格	1f93d-1f3ff-200d-2642.png	是	U+1F93D U+1F3FF U+200D U+2642 U+FE0F	People & Body	person-sport	fully-qualified	WaterPolo、较深肤色、男性符号	WATER POLO / DARK SKIN TONE / MALE SIGN
1808	🤽‍♀️	人物活动	主网格	🤽‍♀️	Emoji·动物与自然 / 自然与其他	1f93d-200d-2640.png	是	U+1F93D U+200D U+2640 U+FE0F	People & Body	person-sport	fully-qualified	女生玩水球	WATER POLO / FEMALE SIGN
1809	🤽🏻‍♀️	人物活动	肤色变体（右键）	🤽🏻‍♀️	未直接列在现有 Emoji 网格	1f93d-1f3fb-200d-2640.png	是	U+1F93D U+1F3FB U+200D U+2640 U+FE0F	People & Body	person-sport	fully-qualified	WaterPolo、较浅肤色、女性符号	WATER POLO / LIGHT SKIN TONE / FEMALE SIGN
1810	🤽🏼‍♀️	人物活动	肤色变体（右键）	🤽🏼‍♀️	未直接列在现有 Emoji 网格	1f93d-1f3fc-200d-2640.png	是	U+1F93D U+1F3FC U+200D U+2640 U+FE0F	People & Body	person-sport	fully-qualified	WaterPolo、中等偏浅肤色、女性符号	WATER POLO / MEDIUM-LIGHT SKIN TONE / FEMALE SIGN
1811	🤽🏽‍♀️	人物活动	肤色变体（右键）	🤽🏽‍♀️	未直接列在现有 Emoji 网格	1f93d-1f3fd-200d-2640.png	是	U+1F93D U+1F3FD U+200D U+2640 U+FE0F	People & Body	person-sport	fully-qualified	WaterPolo、中等肤色、女性符号	WATER POLO / MEDIUM SKIN TONE / FEMALE SIGN
1812	🤽🏾‍♀️	人物活动	肤色变体（右键）	🤽🏾‍♀️	未直接列在现有 Emoji 网格	1f93d-1f3fe-200d-2640.png	是	U+1F93D U+1F3FE U+200D U+2640 U+FE0F	People & Body	person-sport	fully-qualified	WaterPolo、中等偏深肤色、女性符号	WATER POLO / MEDIUM-DARK SKIN TONE / FEMALE SIGN
1813	🤽🏿‍♀️	人物活动	肤色变体（右键）	🤽🏿‍♀️	未直接列在现有 Emoji 网格	1f93d-1f3ff-200d-2640.png	是	U+1F93D U+1F3FF U+200D U+2640 U+FE0F	People & Body	person-sport	fully-qualified	WaterPolo、较深肤色、女性符号	WATER POLO / DARK SKIN TONE / FEMALE SIGN
1814	🤾	人物活动	主网格	🤾	Emoji·表情与人物 / 第 4 行	1f93e.png	是	U+1F93E	People & Body	person-sport	fully-qualified	手球	HANDBALL
1815	🤾🏻	人物活动	肤色变体（右键）	🤾🏻	未直接列在现有 Emoji 网格	1f93e-1f3fb.png	是	U+1F93E U+1F3FB	People & Body	person-sport	fully-qualified	Handball、较浅肤色	HANDBALL / LIGHT SKIN TONE
1816	🤾🏼	人物活动	肤色变体（右键）	🤾🏼	未直接列在现有 Emoji 网格	1f93e-1f3fc.png	是	U+1F93E U+1F3FC	People & Body	person-sport	fully-qualified	Handball、中等偏浅肤色	HANDBALL / MEDIUM-LIGHT SKIN TONE
1817	🤾🏽	人物活动	肤色变体（右键）	🤾🏽	未直接列在现有 Emoji 网格	1f93e-1f3fd.png	是	U+1F93E U+1F3FD	People & Body	person-sport	fully-qualified	Handball、中等肤色	HANDBALL / MEDIUM SKIN TONE
1818	🤾🏾	人物活动	肤色变体（右键）	🤾🏾	未直接列在现有 Emoji 网格	1f93e-1f3fe.png	是	U+1F93E U+1F3FE	People & Body	person-sport	fully-qualified	Handball、中等偏深肤色	HANDBALL / MEDIUM-DARK SKIN TONE
1819	🤾🏿	人物活动	肤色变体（右键）	🤾🏿	未直接列在现有 Emoji 网格	1f93e-1f3ff.png	是	U+1F93E U+1F3FF	People & Body	person-sport	fully-qualified	Handball、较深肤色	HANDBALL / DARK SKIN TONE
1820	🤾‍♂️	人物活动	主网格	🤾‍♂️	Emoji·表情与人物 / 手势与手部	1f93e-200d-2642.png	是	U+1F93E U+200D U+2642 U+FE0F	People & Body	person-sport	fully-qualified	男生玩手球	HANDBALL / MALE SIGN
1821	🤾🏻‍♂️	人物活动	肤色变体（右键）	🤾🏻‍♂️	未直接列在现有 Emoji 网格	1f93e-1f3fb-200d-2642.png	是	U+1F93E U+1F3FB U+200D U+2642 U+FE0F	People & Body	person-sport	fully-qualified	Handball、较浅肤色、男性符号	HANDBALL / LIGHT SKIN TONE / MALE SIGN
1822	🤾🏼‍♂️	人物活动	肤色变体（右键）	🤾🏼‍♂️	未直接列在现有 Emoji 网格	1f93e-1f3fc-200d-2642.png	是	U+1F93E U+1F3FC U+200D U+2642 U+FE0F	People & Body	person-sport	fully-qualified	Handball、中等偏浅肤色、男性符号	HANDBALL / MEDIUM-LIGHT SKIN TONE / MALE SIGN
1823	🤾🏽‍♂️	人物活动	肤色变体（右键）	🤾🏽‍♂️	未直接列在现有 Emoji 网格	1f93e-1f3fd-200d-2642.png	是	U+1F93E U+1F3FD U+200D U+2642 U+FE0F	People & Body	person-sport	fully-qualified	Handball、中等肤色、男性符号	HANDBALL / MEDIUM SKIN TONE / MALE SIGN
1824	🤾🏾‍♂️	人物活动	肤色变体（右键）	🤾🏾‍♂️	未直接列在现有 Emoji 网格	1f93e-1f3fe-200d-2642.png	是	U+1F93E U+1F3FE U+200D U+2642 U+FE0F	People & Body	person-sport	fully-qualified	Handball、中等偏深肤色、男性符号	HANDBALL / MEDIUM-DARK SKIN TONE / MALE SIGN
1825	🤾🏿‍♂️	人物活动	肤色变体（右键）	🤾🏿‍♂️	未直接列在现有 Emoji 网格	1f93e-1f3ff-200d-2642.png	是	U+1F93E U+1F3FF U+200D U+2642 U+FE0F	People & Body	person-sport	fully-qualified	Handball、较深肤色、男性符号	HANDBALL / DARK SKIN TONE / MALE SIGN
1826	🤾‍♀️	人物活动	主网格	🤾‍♀️	Emoji·表情与人物 / 手势与手部	1f93e-200d-2640.png	是	U+1F93E U+200D U+2640 U+FE0F	People & Body	person-sport	fully-qualified	女生玩手球	HANDBALL / FEMALE SIGN
1827	🤾🏻‍♀️	人物活动	肤色变体（右键）	🤾🏻‍♀️	未直接列在现有 Emoji 网格	1f93e-1f3fb-200d-2640.png	是	U+1F93E U+1F3FB U+200D U+2640 U+FE0F	People & Body	person-sport	fully-qualified	Handball、较浅肤色、女性符号	HANDBALL / LIGHT SKIN TONE / FEMALE SIGN
1828	🤾🏼‍♀️	人物活动	肤色变体（右键）	🤾🏼‍♀️	未直接列在现有 Emoji 网格	1f93e-1f3fc-200d-2640.png	是	U+1F93E U+1F3FC U+200D U+2640 U+FE0F	People & Body	person-sport	fully-qualified	Handball、中等偏浅肤色、女性符号	HANDBALL / MEDIUM-LIGHT SKIN TONE / FEMALE SIGN
1829	🤾🏽‍♀️	人物活动	肤色变体（右键）	🤾🏽‍♀️	未直接列在现有 Emoji 网格	1f93e-1f3fd-200d-2640.png	是	U+1F93E U+1F3FD U+200D U+2640 U+FE0F	People & Body	person-sport	fully-qualified	Handball、中等肤色、女性符号	HANDBALL / MEDIUM SKIN TONE / FEMALE SIGN
1830	🤾🏾‍♀️	人物活动	肤色变体（右键）	🤾🏾‍♀️	未直接列在现有 Emoji 网格	1f93e-1f3fe-200d-2640.png	是	U+1F93E U+1F3FE U+200D U+2640 U+FE0F	People & Body	person-sport	fully-qualified	Handball、中等偏深肤色、女性符号	HANDBALL / MEDIUM-DARK SKIN TONE / FEMALE SIGN
1831	🤾🏿‍♀️	人物活动	肤色变体（右键）	🤾🏿‍♀️	未直接列在现有 Emoji 网格	1f93e-1f3ff-200d-2640.png	是	U+1F93E U+1F3FF U+200D U+2640 U+FE0F	People & Body	person-sport	fully-qualified	Handball、较深肤色、女性符号	HANDBALL / DARK SKIN TONE / FEMALE SIGN
1832	🤹	人物活动	主网格	🤹	Emoji·符号与旗帜 / 第 41 行	1f939.png	是	U+1F939	People & Body	person-sport	fully-qualified	抛接杂耍	JUGGLING
1833	🤹🏻	人物活动	肤色变体（右键）	🤹🏻	未直接列在现有 Emoji 网格	1f939-1f3fb.png	是	U+1F939 U+1F3FB	People & Body	person-sport	fully-qualified	Juggling、较浅肤色	JUGGLING / LIGHT SKIN TONE
1834	🤹🏼	人物活动	肤色变体（右键）	🤹🏼	未直接列在现有 Emoji 网格	1f939-1f3fc.png	是	U+1F939 U+1F3FC	People & Body	person-sport	fully-qualified	Juggling、中等偏浅肤色	JUGGLING / MEDIUM-LIGHT SKIN TONE
1835	🤹🏽	人物活动	肤色变体（右键）	🤹🏽	未直接列在现有 Emoji 网格	1f939-1f3fd.png	是	U+1F939 U+1F3FD	People & Body	person-sport	fully-qualified	Juggling、中等肤色	JUGGLING / MEDIUM SKIN TONE
1836	🤹🏾	人物活动	肤色变体（右键）	🤹🏾	未直接列在现有 Emoji 网格	1f939-1f3fe.png	是	U+1F939 U+1F3FE	People & Body	person-sport	fully-qualified	Juggling、中等偏深肤色	JUGGLING / MEDIUM-DARK SKIN TONE
1837	🤹🏿	人物活动	肤色变体（右键）	🤹🏿	未直接列在现有 Emoji 网格	1f939-1f3ff.png	是	U+1F939 U+1F3FF	People & Body	person-sport	fully-qualified	Juggling、较深肤色	JUGGLING / DARK SKIN TONE
1838	🤹‍♂️	人物活动	主网格	🤹‍♂️	Emoji·符号与旗帜 / 第 30 行	1f939-200d-2642.png	是	U+1F939 U+200D U+2642 U+FE0F	People & Body	person-sport	fully-qualified	男生抛接杂耍	JUGGLING / MALE SIGN
1839	🤹🏻‍♂️	人物活动	肤色变体（右键）	🤹🏻‍♂️	未直接列在现有 Emoji 网格	1f939-1f3fb-200d-2642.png	是	U+1F939 U+1F3FB U+200D U+2642 U+FE0F	People & Body	person-sport	fully-qualified	Juggling、较浅肤色、男性符号	JUGGLING / LIGHT SKIN TONE / MALE SIGN
1840	🤹🏼‍♂️	人物活动	肤色变体（右键）	🤹🏼‍♂️	未直接列在现有 Emoji 网格	1f939-1f3fc-200d-2642.png	是	U+1F939 U+1F3FC U+200D U+2642 U+FE0F	People & Body	person-sport	fully-qualified	Juggling、中等偏浅肤色、男性符号	JUGGLING / MEDIUM-LIGHT SKIN TONE / MALE SIGN
1841	🤹🏽‍♂️	人物活动	肤色变体（右键）	🤹🏽‍♂️	未直接列在现有 Emoji 网格	1f939-1f3fd-200d-2642.png	是	U+1F939 U+1F3FD U+200D U+2642 U+FE0F	People & Body	person-sport	fully-qualified	Juggling、中等肤色、男性符号	JUGGLING / MEDIUM SKIN TONE / MALE SIGN
1842	🤹🏾‍♂️	人物活动	肤色变体（右键）	🤹🏾‍♂️	未直接列在现有 Emoji 网格	1f939-1f3fe-200d-2642.png	是	U+1F939 U+1F3FE U+200D U+2642 U+FE0F	People & Body	person-sport	fully-qualified	Juggling、中等偏深肤色、男性符号	JUGGLING / MEDIUM-DARK SKIN TONE / MALE SIGN
1843	🤹🏿‍♂️	人物活动	肤色变体（右键）	🤹🏿‍♂️	未直接列在现有 Emoji 网格	1f939-1f3ff-200d-2642.png	是	U+1F939 U+1F3FF U+200D U+2642 U+FE0F	People & Body	person-sport	fully-qualified	Juggling、较深肤色、男性符号	JUGGLING / DARK SKIN TONE / MALE SIGN
1844	🤹‍♀️	人物活动	主网格	🤹‍♀️	Emoji·符号与旗帜 / 第 30 行	1f939-200d-2640.png	是	U+1F939 U+200D U+2640 U+FE0F	People & Body	person-sport	fully-qualified	女生抛接杂耍	JUGGLING / FEMALE SIGN
1845	🤹🏻‍♀️	人物活动	肤色变体（右键）	🤹🏻‍♀️	未直接列在现有 Emoji 网格	1f939-1f3fb-200d-2640.png	是	U+1F939 U+1F3FB U+200D U+2640 U+FE0F	People & Body	person-sport	fully-qualified	Juggling、较浅肤色、女性符号	JUGGLING / LIGHT SKIN TONE / FEMALE SIGN
1846	🤹🏼‍♀️	人物活动	肤色变体（右键）	🤹🏼‍♀️	未直接列在现有 Emoji 网格	1f939-1f3fc-200d-2640.png	是	U+1F939 U+1F3FC U+200D U+2640 U+FE0F	People & Body	person-sport	fully-qualified	Juggling、中等偏浅肤色、女性符号	JUGGLING / MEDIUM-LIGHT SKIN TONE / FEMALE SIGN
1847	🤹🏽‍♀️	人物活动	肤色变体（右键）	🤹🏽‍♀️	未直接列在现有 Emoji 网格	1f939-1f3fd-200d-2640.png	是	U+1F939 U+1F3FD U+200D U+2640 U+FE0F	People & Body	person-sport	fully-qualified	Juggling、中等肤色、女性符号	JUGGLING / MEDIUM SKIN TONE / FEMALE SIGN
1848	🤹🏾‍♀️	人物活动	肤色变体（右键）	🤹🏾‍♀️	未直接列在现有 Emoji 网格	1f939-1f3fe-200d-2640.png	是	U+1F939 U+1F3FE U+200D U+2640 U+FE0F	People & Body	person-sport	fully-qualified	Juggling、中等偏深肤色、女性符号	JUGGLING / MEDIUM-DARK SKIN TONE / FEMALE SIGN
1849	🤹🏿‍♀️	人物活动	肤色变体（右键）	🤹🏿‍♀️	未直接列在现有 Emoji 网格	1f939-1f3ff-200d-2640.png	是	U+1F939 U+1F3FF U+200D U+2640 U+FE0F	People & Body	person-sport	fully-qualified	Juggling、较深肤色、女性符号	JUGGLING / DARK SKIN TONE / FEMALE SIGN
1850	🧘	人物活动	主网格	🧘	Emoji·表情与人物 / 第 18 行	1f9d8.png	是	U+1F9D8	People & Body	person-resting	fully-qualified	盘腿的人	PERSON IN LOTUS POSITION
1851	🧘🏻	人物活动	肤色变体（右键）	🧘🏻	未直接列在现有 Emoji 网格	1f9d8-1f3fb.png	是	U+1F9D8 U+1F3FB	People & Body	person-resting	fully-qualified	人物内LotusPosition、较浅肤色	PERSON IN LOTUS POSITION / LIGHT SKIN TONE
1852	🧘🏼	人物活动	肤色变体（右键）	🧘🏼	未直接列在现有 Emoji 网格	1f9d8-1f3fc.png	是	U+1F9D8 U+1F3FC	People & Body	person-resting	fully-qualified	人物内LotusPosition、中等偏浅肤色	PERSON IN LOTUS POSITION / MEDIUM-LIGHT SKIN TONE
1853	🧘🏽	人物活动	肤色变体（右键）	🧘🏽	未直接列在现有 Emoji 网格	1f9d8-1f3fd.png	是	U+1F9D8 U+1F3FD	People & Body	person-resting	fully-qualified	人物内LotusPosition、中等肤色	PERSON IN LOTUS POSITION / MEDIUM SKIN TONE
1854	🧘🏾	人物活动	肤色变体（右键）	🧘🏾	未直接列在现有 Emoji 网格	1f9d8-1f3fe.png	是	U+1F9D8 U+1F3FE	People & Body	person-resting	fully-qualified	人物内LotusPosition、中等偏深肤色	PERSON IN LOTUS POSITION / MEDIUM-DARK SKIN TONE
1855	🧘🏿	人物活动	肤色变体（右键）	🧘🏿	未直接列在现有 Emoji 网格	1f9d8-1f3ff.png	是	U+1F9D8 U+1F3FF	People & Body	person-resting	fully-qualified	人物内LotusPosition、较深肤色	PERSON IN LOTUS POSITION / DARK SKIN TONE
1856	🧘‍♂️	人物活动	主网格	🧘‍♂️	Emoji·表情与人物 / 第 16 行	1f9d8-200d-2642.png	是	U+1F9D8 U+200D U+2642 U+FE0F	People & Body	person-resting	fully-qualified	盘腿的男人	PERSON IN LOTUS POSITION / MALE SIGN
1857	🧘🏻‍♂️	人物活动	肤色变体（右键）	🧘🏻‍♂️	未直接列在现有 Emoji 网格	1f9d8-1f3fb-200d-2642.png	是	U+1F9D8 U+1F3FB U+200D U+2642 U+FE0F	People & Body	person-resting	fully-qualified	人物内LotusPosition、较浅肤色、男性符号	PERSON IN LOTUS POSITION / LIGHT SKIN TONE / MALE SIGN
1858	🧘🏼‍♂️	人物活动	肤色变体（右键）	🧘🏼‍♂️	未直接列在现有 Emoji 网格	1f9d8-1f3fc-200d-2642.png	是	U+1F9D8 U+1F3FC U+200D U+2642 U+FE0F	People & Body	person-resting	fully-qualified	人物内LotusPosition、中等偏浅肤色、男性符号	PERSON IN LOTUS POSITION / MEDIUM-LIGHT SKIN TONE / MALE SIGN
1859	🧘🏽‍♂️	人物活动	肤色变体（右键）	🧘🏽‍♂️	未直接列在现有 Emoji 网格	1f9d8-1f3fd-200d-2642.png	是	U+1F9D8 U+1F3FD U+200D U+2642 U+FE0F	People & Body	person-resting	fully-qualified	人物内LotusPosition、中等肤色、男性符号	PERSON IN LOTUS POSITION / MEDIUM SKIN TONE / MALE SIGN
1860	🧘🏾‍♂️	人物活动	肤色变体（右键）	🧘🏾‍♂️	未直接列在现有 Emoji 网格	1f9d8-1f3fe-200d-2642.png	是	U+1F9D8 U+1F3FE U+200D U+2642 U+FE0F	People & Body	person-resting	fully-qualified	人物内LotusPosition、中等偏深肤色、男性符号	PERSON IN LOTUS POSITION / MEDIUM-DARK SKIN TONE / MALE SIGN
1861	🧘🏿‍♂️	人物活动	肤色变体（右键）	🧘🏿‍♂️	未直接列在现有 Emoji 网格	1f9d8-1f3ff-200d-2642.png	是	U+1F9D8 U+1F3FF U+200D U+2642 U+FE0F	People & Body	person-resting	fully-qualified	人物内LotusPosition、较深肤色、男性符号	PERSON IN LOTUS POSITION / DARK SKIN TONE / MALE SIGN
1862	🧘‍♀️	人物活动	主网格	🧘‍♀️	Emoji·表情与人物 / 第 15 行	1f9d8-200d-2640.png	是	U+1F9D8 U+200D U+2640 U+FE0F	People & Body	person-resting	fully-qualified	盘腿的女人	PERSON IN LOTUS POSITION / FEMALE SIGN
1863	🧘🏻‍♀️	人物活动	肤色变体（右键）	🧘🏻‍♀️	未直接列在现有 Emoji 网格	1f9d8-1f3fb-200d-2640.png	是	U+1F9D8 U+1F3FB U+200D U+2640 U+FE0F	People & Body	person-resting	fully-qualified	人物内LotusPosition、较浅肤色、女性符号	PERSON IN LOTUS POSITION / LIGHT SKIN TONE / FEMALE SIGN
1864	🧘🏼‍♀️	人物活动	肤色变体（右键）	🧘🏼‍♀️	未直接列在现有 Emoji 网格	1f9d8-1f3fc-200d-2640.png	是	U+1F9D8 U+1F3FC U+200D U+2640 U+FE0F	People & Body	person-resting	fully-qualified	人物内LotusPosition、中等偏浅肤色、女性符号	PERSON IN LOTUS POSITION / MEDIUM-LIGHT SKIN TONE / FEMALE SIGN
1865	🧘🏽‍♀️	人物活动	肤色变体（右键）	🧘🏽‍♀️	未直接列在现有 Emoji 网格	1f9d8-1f3fd-200d-2640.png	是	U+1F9D8 U+1F3FD U+200D U+2640 U+FE0F	People & Body	person-resting	fully-qualified	人物内LotusPosition、中等肤色、女性符号	PERSON IN LOTUS POSITION / MEDIUM SKIN TONE / FEMALE SIGN
1866	🧘🏾‍♀️	人物活动	肤色变体（右键）	🧘🏾‍♀️	未直接列在现有 Emoji 网格	1f9d8-1f3fe-200d-2640.png	是	U+1F9D8 U+1F3FE U+200D U+2640 U+FE0F	People & Body	person-resting	fully-qualified	人物内LotusPosition、中等偏深肤色、女性符号	PERSON IN LOTUS POSITION / MEDIUM-DARK SKIN TONE / FEMALE SIGN
1867	🧘🏿‍♀️	人物活动	肤色变体（右键）	🧘🏿‍♀️	未直接列在现有 Emoji 网格	1f9d8-1f3ff-200d-2640.png	是	U+1F9D8 U+1F3FF U+200D U+2640 U+FE0F	People & Body	person-resting	fully-qualified	人物内LotusPosition、较深肤色、女性符号	PERSON IN LOTUS POSITION / DARK SKIN TONE / FEMALE SIGN
1868	🛀	人物活动	主网格	🛀	Emoji·符号与旗帜 / 第 43 行	1f6c0.png	是	U+1F6C0	People & Body	person-resting	fully-qualified	洗澡的人	BATH
1869	🛀🏻	人物活动	肤色变体（右键）	🛀🏻	未直接列在现有 Emoji 网格	1f6c0-1f3fb.png	是	U+1F6C0 U+1F3FB	People & Body	person-resting	fully-qualified	Bath、较浅肤色	BATH / LIGHT SKIN TONE
1870	🛀🏼	人物活动	肤色变体（右键）	🛀🏼	未直接列在现有 Emoji 网格	1f6c0-1f3fc.png	是	U+1F6C0 U+1F3FC	People & Body	person-resting	fully-qualified	Bath、中等偏浅肤色	BATH / MEDIUM-LIGHT SKIN TONE
1871	🛀🏽	人物活动	肤色变体（右键）	🛀🏽	未直接列在现有 Emoji 网格	1f6c0-1f3fd.png	是	U+1F6C0 U+1F3FD	People & Body	person-resting	fully-qualified	Bath、中等肤色	BATH / MEDIUM SKIN TONE
1872	🛀🏾	人物活动	肤色变体（右键）	🛀🏾	未直接列在现有 Emoji 网格	1f6c0-1f3fe.png	是	U+1F6C0 U+1F3FE	People & Body	person-resting	fully-qualified	Bath、中等偏深肤色	BATH / MEDIUM-DARK SKIN TONE
1873	🛀🏿	人物活动	肤色变体（右键）	🛀🏿	未直接列在现有 Emoji 网格	1f6c0-1f3ff.png	是	U+1F6C0 U+1F3FF	People & Body	person-resting	fully-qualified	Bath、较深肤色	BATH / DARK SKIN TONE
1874	🛌	人物活动	主网格	🛌	Emoji·符号与旗帜 / 第 43 行	1f6cc.png	是	U+1F6CC	People & Body	person-resting	fully-qualified	躺在床上的人	SLEEPING ACCOMMODATION
1875	🛌🏻	人物活动	肤色变体（右键）	🛌🏻	未直接列在现有 Emoji 网格	1f6cc-1f3fb.png	是	U+1F6CC U+1F3FB	People & Body	person-resting	fully-qualified	SleepingAccommodation、较浅肤色	SLEEPING ACCOMMODATION / LIGHT SKIN TONE
1876	🛌🏼	人物活动	肤色变体（右键）	🛌🏼	未直接列在现有 Emoji 网格	1f6cc-1f3fc.png	是	U+1F6CC U+1F3FC	People & Body	person-resting	fully-qualified	SleepingAccommodation、中等偏浅肤色	SLEEPING ACCOMMODATION / MEDIUM-LIGHT SKIN TONE
1877	🛌🏽	人物活动	肤色变体（右键）	🛌🏽	未直接列在现有 Emoji 网格	1f6cc-1f3fd.png	是	U+1F6CC U+1F3FD	People & Body	person-resting	fully-qualified	SleepingAccommodation、中等肤色	SLEEPING ACCOMMODATION / MEDIUM SKIN TONE
1878	🛌🏾	人物活动	肤色变体（右键）	🛌🏾	未直接列在现有 Emoji 网格	1f6cc-1f3fe.png	是	U+1F6CC U+1F3FE	People & Body	person-resting	fully-qualified	SleepingAccommodation、中等偏深肤色	SLEEPING ACCOMMODATION / MEDIUM-DARK SKIN TONE
1879	🛌🏿	人物活动	肤色变体（右键）	🛌🏿	未直接列在现有 Emoji 网格	1f6cc-1f3ff.png	是	U+1F6CC U+1F3FF	People & Body	person-resting	fully-qualified	SleepingAccommodation、较深肤色	SLEEPING ACCOMMODATION / DARK SKIN TONE
1880	🫂	家庭	主网格	🫂	Emoji·表情与人物 / 第 20 行	1fac2.png	是	U+1FAC2	People & Body	person-symbol	fully-qualified	人的拥抱	PEOPLE HUGGING
1881	🧑‍🤝‍🧑	家庭	主网格	🧑‍🤝‍🧑	Emoji·表情与人物 / 手势与手部	1f9d1-200d-1f91d-200d-1f9d1.png	是	U+1F9D1 U+200D U+1F91D U+200D U+1F9D1	People & Body	family	fully-qualified	手拉手的两个人	ADULT / HANDSHAKE / ADULT
1882	🧑🏻‍🤝‍🧑🏻	家庭	肤色变体（右键）	🧑🏻‍🤝‍🧑🏻	未直接列在现有 Emoji 网格	1f9d1-1f3fb-200d-1f91d-200d-1f9d1-1f3fb.png	是	U+1F9D1 U+1F3FB U+200D U+1F91D U+200D U+1F9D1 U+1F3FB	People & Body	family	fully-qualified	成年人、较浅肤色、Handshake、成年人、较浅肤色	ADULT / LIGHT SKIN TONE / HANDSHAKE / ADULT / LIGHT SKIN TONE
1883	🧑🏻‍🤝‍🧑🏼	家庭	肤色变体（右键）	🧑🏻‍🤝‍🧑🏼	未直接列在现有 Emoji 网格	1f9d1-1f3fb-200d-1f91d-200d-1f9d1-1f3fc.png	是	U+1F9D1 U+1F3FB U+200D U+1F91D U+200D U+1F9D1 U+1F3FC	People & Body	family	fully-qualified	成年人、较浅肤色、Handshake、成年人、中等偏浅肤色	ADULT / LIGHT SKIN TONE / HANDSHAKE / ADULT / MEDIUM-LIGHT SKIN TONE
1884	🧑🏻‍🤝‍🧑🏽	家庭	肤色变体（右键）	🧑🏻‍🤝‍🧑🏽	未直接列在现有 Emoji 网格	1f9d1-1f3fb-200d-1f91d-200d-1f9d1-1f3fd.png	是	U+1F9D1 U+1F3FB U+200D U+1F91D U+200D U+1F9D1 U+1F3FD	People & Body	family	fully-qualified	成年人、较浅肤色、Handshake、成年人、中等肤色	ADULT / LIGHT SKIN TONE / HANDSHAKE / ADULT / MEDIUM SKIN TONE
1885	🧑🏻‍🤝‍🧑🏾	家庭	肤色变体（右键）	🧑🏻‍🤝‍🧑🏾	未直接列在现有 Emoji 网格	1f9d1-1f3fb-200d-1f91d-200d-1f9d1-1f3fe.png	是	U+1F9D1 U+1F3FB U+200D U+1F91D U+200D U+1F9D1 U+1F3FE	People & Body	family	fully-qualified	成年人、较浅肤色、Handshake、成年人、中等偏深肤色	ADULT / LIGHT SKIN TONE / HANDSHAKE / ADULT / MEDIUM-DARK SKIN TONE
1886	🧑🏻‍🤝‍🧑🏿	家庭	肤色变体（右键）	🧑🏻‍🤝‍🧑🏿	未直接列在现有 Emoji 网格	1f9d1-1f3fb-200d-1f91d-200d-1f9d1-1f3ff.png	是	U+1F9D1 U+1F3FB U+200D U+1F91D U+200D U+1F9D1 U+1F3FF	People & Body	family	fully-qualified	成年人、较浅肤色、Handshake、成年人、较深肤色	ADULT / LIGHT SKIN TONE / HANDSHAKE / ADULT / DARK SKIN TONE
1887	🧑🏼‍🤝‍🧑🏻	家庭	肤色变体（右键）	🧑🏼‍🤝‍🧑🏻	未直接列在现有 Emoji 网格	1f9d1-1f3fc-200d-1f91d-200d-1f9d1-1f3fb.png	是	U+1F9D1 U+1F3FC U+200D U+1F91D U+200D U+1F9D1 U+1F3FB	People & Body	family	fully-qualified	成年人、中等偏浅肤色、Handshake、成年人、较浅肤色	ADULT / MEDIUM-LIGHT SKIN TONE / HANDSHAKE / ADULT / LIGHT SKIN TONE
1888	🧑🏼‍🤝‍🧑🏼	家庭	肤色变体（右键）	🧑🏼‍🤝‍🧑🏼	未直接列在现有 Emoji 网格	1f9d1-1f3fc-200d-1f91d-200d-1f9d1-1f3fc.png	是	U+1F9D1 U+1F3FC U+200D U+1F91D U+200D U+1F9D1 U+1F3FC	People & Body	family	fully-qualified	成年人、中等偏浅肤色、Handshake、成年人、中等偏浅肤色	ADULT / MEDIUM-LIGHT SKIN TONE / HANDSHAKE / ADULT / MEDIUM-LIGHT SKIN TONE
1889	🧑🏼‍🤝‍🧑🏽	家庭	肤色变体（右键）	🧑🏼‍🤝‍🧑🏽	未直接列在现有 Emoji 网格	1f9d1-1f3fc-200d-1f91d-200d-1f9d1-1f3fd.png	是	U+1F9D1 U+1F3FC U+200D U+1F91D U+200D U+1F9D1 U+1F3FD	People & Body	family	fully-qualified	成年人、中等偏浅肤色、Handshake、成年人、中等肤色	ADULT / MEDIUM-LIGHT SKIN TONE / HANDSHAKE / ADULT / MEDIUM SKIN TONE
1890	🧑🏼‍🤝‍🧑🏾	家庭	肤色变体（右键）	🧑🏼‍🤝‍🧑🏾	未直接列在现有 Emoji 网格	1f9d1-1f3fc-200d-1f91d-200d-1f9d1-1f3fe.png	是	U+1F9D1 U+1F3FC U+200D U+1F91D U+200D U+1F9D1 U+1F3FE	People & Body	family	fully-qualified	成年人、中等偏浅肤色、Handshake、成年人、中等偏深肤色	ADULT / MEDIUM-LIGHT SKIN TONE / HANDSHAKE / ADULT / MEDIUM-DARK SKIN TONE
1891	🧑🏼‍🤝‍🧑🏿	家庭	肤色变体（右键）	🧑🏼‍🤝‍🧑🏿	未直接列在现有 Emoji 网格	1f9d1-1f3fc-200d-1f91d-200d-1f9d1-1f3ff.png	是	U+1F9D1 U+1F3FC U+200D U+1F91D U+200D U+1F9D1 U+1F3FF	People & Body	family	fully-qualified	成年人、中等偏浅肤色、Handshake、成年人、较深肤色	ADULT / MEDIUM-LIGHT SKIN TONE / HANDSHAKE / ADULT / DARK SKIN TONE
1892	🧑🏽‍🤝‍🧑🏻	家庭	肤色变体（右键）	🧑🏽‍🤝‍🧑🏻	未直接列在现有 Emoji 网格	1f9d1-1f3fd-200d-1f91d-200d-1f9d1-1f3fb.png	是	U+1F9D1 U+1F3FD U+200D U+1F91D U+200D U+1F9D1 U+1F3FB	People & Body	family	fully-qualified	成年人、中等肤色、Handshake、成年人、较浅肤色	ADULT / MEDIUM SKIN TONE / HANDSHAKE / ADULT / LIGHT SKIN TONE
1893	🧑🏽‍🤝‍🧑🏼	家庭	肤色变体（右键）	🧑🏽‍🤝‍🧑🏼	未直接列在现有 Emoji 网格	1f9d1-1f3fd-200d-1f91d-200d-1f9d1-1f3fc.png	是	U+1F9D1 U+1F3FD U+200D U+1F91D U+200D U+1F9D1 U+1F3FC	People & Body	family	fully-qualified	成年人、中等肤色、Handshake、成年人、中等偏浅肤色	ADULT / MEDIUM SKIN TONE / HANDSHAKE / ADULT / MEDIUM-LIGHT SKIN TONE
1894	🧑🏽‍🤝‍🧑🏽	家庭	肤色变体（右键）	🧑🏽‍🤝‍🧑🏽	未直接列在现有 Emoji 网格	1f9d1-1f3fd-200d-1f91d-200d-1f9d1-1f3fd.png	是	U+1F9D1 U+1F3FD U+200D U+1F91D U+200D U+1F9D1 U+1F3FD	People & Body	family	fully-qualified	成年人、中等肤色、Handshake、成年人、中等肤色	ADULT / MEDIUM SKIN TONE / HANDSHAKE / ADULT / MEDIUM SKIN TONE
1895	🧑🏽‍🤝‍🧑🏾	家庭	肤色变体（右键）	🧑🏽‍🤝‍🧑🏾	未直接列在现有 Emoji 网格	1f9d1-1f3fd-200d-1f91d-200d-1f9d1-1f3fe.png	是	U+1F9D1 U+1F3FD U+200D U+1F91D U+200D U+1F9D1 U+1F3FE	People & Body	family	fully-qualified	成年人、中等肤色、Handshake、成年人、中等偏深肤色	ADULT / MEDIUM SKIN TONE / HANDSHAKE / ADULT / MEDIUM-DARK SKIN TONE
1896	🧑🏽‍🤝‍🧑🏿	家庭	肤色变体（右键）	🧑🏽‍🤝‍🧑🏿	未直接列在现有 Emoji 网格	1f9d1-1f3fd-200d-1f91d-200d-1f9d1-1f3ff.png	是	U+1F9D1 U+1F3FD U+200D U+1F91D U+200D U+1F9D1 U+1F3FF	People & Body	family	fully-qualified	成年人、中等肤色、Handshake、成年人、较深肤色	ADULT / MEDIUM SKIN TONE / HANDSHAKE / ADULT / DARK SKIN TONE
1897	🧑🏾‍🤝‍🧑🏻	家庭	肤色变体（右键）	🧑🏾‍🤝‍🧑🏻	未直接列在现有 Emoji 网格	1f9d1-1f3fe-200d-1f91d-200d-1f9d1-1f3fb.png	是	U+1F9D1 U+1F3FE U+200D U+1F91D U+200D U+1F9D1 U+1F3FB	People & Body	family	fully-qualified	成年人、中等偏深肤色、Handshake、成年人、较浅肤色	ADULT / MEDIUM-DARK SKIN TONE / HANDSHAKE / ADULT / LIGHT SKIN TONE
1898	🧑🏾‍🤝‍🧑🏼	家庭	肤色变体（右键）	🧑🏾‍🤝‍🧑🏼	未直接列在现有 Emoji 网格	1f9d1-1f3fe-200d-1f91d-200d-1f9d1-1f3fc.png	是	U+1F9D1 U+1F3FE U+200D U+1F91D U+200D U+1F9D1 U+1F3FC	People & Body	family	fully-qualified	成年人、中等偏深肤色、Handshake、成年人、中等偏浅肤色	ADULT / MEDIUM-DARK SKIN TONE / HANDSHAKE / ADULT / MEDIUM-LIGHT SKIN TONE
1899	🧑🏾‍🤝‍🧑🏽	家庭	肤色变体（右键）	🧑🏾‍🤝‍🧑🏽	未直接列在现有 Emoji 网格	1f9d1-1f3fe-200d-1f91d-200d-1f9d1-1f3fd.png	是	U+1F9D1 U+1F3FE U+200D U+1F91D U+200D U+1F9D1 U+1F3FD	People & Body	family	fully-qualified	成年人、中等偏深肤色、Handshake、成年人、中等肤色	ADULT / MEDIUM-DARK SKIN TONE / HANDSHAKE / ADULT / MEDIUM SKIN TONE
1900	🧑🏾‍🤝‍🧑🏾	家庭	肤色变体（右键）	🧑🏾‍🤝‍🧑🏾	未直接列在现有 Emoji 网格	1f9d1-1f3fe-200d-1f91d-200d-1f9d1-1f3fe.png	是	U+1F9D1 U+1F3FE U+200D U+1F91D U+200D U+1F9D1 U+1F3FE	People & Body	family	fully-qualified	成年人、中等偏深肤色、Handshake、成年人、中等偏深肤色	ADULT / MEDIUM-DARK SKIN TONE / HANDSHAKE / ADULT / MEDIUM-DARK SKIN TONE
1901	🧑🏾‍🤝‍🧑🏿	家庭	肤色变体（右键）	🧑🏾‍🤝‍🧑🏿	未直接列在现有 Emoji 网格	1f9d1-1f3fe-200d-1f91d-200d-1f9d1-1f3ff.png	是	U+1F9D1 U+1F3FE U+200D U+1F91D U+200D U+1F9D1 U+1F3FF	People & Body	family	fully-qualified	成年人、中等偏深肤色、Handshake、成年人、较深肤色	ADULT / MEDIUM-DARK SKIN TONE / HANDSHAKE / ADULT / DARK SKIN TONE
1902	🧑🏿‍🤝‍🧑🏻	家庭	肤色变体（右键）	🧑🏿‍🤝‍🧑🏻	未直接列在现有 Emoji 网格	1f9d1-1f3ff-200d-1f91d-200d-1f9d1-1f3fb.png	是	U+1F9D1 U+1F3FF U+200D U+1F91D U+200D U+1F9D1 U+1F3FB	People & Body	family	fully-qualified	成年人、较深肤色、Handshake、成年人、较浅肤色	ADULT / DARK SKIN TONE / HANDSHAKE / ADULT / LIGHT SKIN TONE
1903	🧑🏿‍🤝‍🧑🏼	家庭	肤色变体（右键）	🧑🏿‍🤝‍🧑🏼	未直接列在现有 Emoji 网格	1f9d1-1f3ff-200d-1f91d-200d-1f9d1-1f3fc.png	是	U+1F9D1 U+1F3FF U+200D U+1F91D U+200D U+1F9D1 U+1F3FC	People & Body	family	fully-qualified	成年人、较深肤色、Handshake、成年人、中等偏浅肤色	ADULT / DARK SKIN TONE / HANDSHAKE / ADULT / MEDIUM-LIGHT SKIN TONE
1904	🧑🏿‍🤝‍🧑🏽	家庭	肤色变体（右键）	🧑🏿‍🤝‍🧑🏽	未直接列在现有 Emoji 网格	1f9d1-1f3ff-200d-1f91d-200d-1f9d1-1f3fd.png	是	U+1F9D1 U+1F3FF U+200D U+1F91D U+200D U+1F9D1 U+1F3FD	People & Body	family	fully-qualified	成年人、较深肤色、Handshake、成年人、中等肤色	ADULT / DARK SKIN TONE / HANDSHAKE / ADULT / MEDIUM SKIN TONE
1905	🧑🏿‍🤝‍🧑🏾	家庭	肤色变体（右键）	🧑🏿‍🤝‍🧑🏾	未直接列在现有 Emoji 网格	1f9d1-1f3ff-200d-1f91d-200d-1f9d1-1f3fe.png	是	U+1F9D1 U+1F3FF U+200D U+1F91D U+200D U+1F9D1 U+1F3FE	People & Body	family	fully-qualified	成年人、较深肤色、Handshake、成年人、中等偏深肤色	ADULT / DARK SKIN TONE / HANDSHAKE / ADULT / MEDIUM-DARK SKIN TONE
1906	🧑🏿‍🤝‍🧑🏿	家庭	肤色变体（右键）	🧑🏿‍🤝‍🧑🏿	未直接列在现有 Emoji 网格	1f9d1-1f3ff-200d-1f91d-200d-1f9d1-1f3ff.png	是	U+1F9D1 U+1F3FF U+200D U+1F91D U+200D U+1F9D1 U+1F3FF	People & Body	family	fully-qualified	成年人、较深肤色、Handshake、成年人、较深肤色	ADULT / DARK SKIN TONE / HANDSHAKE / ADULT / DARK SKIN TONE
1907	👭	家庭	主网格	👭	Emoji·表情与人物 / 第 5 行	1f46d.png	是	U+1F46D	People & Body	family	fully-qualified	手拉手的两个女人	TWO WOMEN HOLDING HANDS
1908	👭🏻	家庭	肤色变体（右键）	👭🏻	未直接列在现有 Emoji 网格	1f46d-1f3fb.png	是	U+1F46D U+1F3FB	People & Body	family	fully-qualified	二WomenHoldingHands、较浅肤色	TWO WOMEN HOLDING HANDS / LIGHT SKIN TONE
1909	👩🏻‍🤝‍👩🏼	家庭	肤色变体（右键）	👩🏻‍🤝‍👩🏼	未直接列在现有 Emoji 网格	1f469-1f3fb-200d-1f91d-200d-1f469-1f3fc.png	是	U+1F469 U+1F3FB U+200D U+1F91D U+200D U+1F469 U+1F3FC	People & Body	family	fully-qualified	女性、较浅肤色、Handshake、女性、中等偏浅肤色	WOMAN / LIGHT SKIN TONE / HANDSHAKE / WOMAN / MEDIUM-LIGHT SKIN TONE
1910	👩🏻‍🤝‍👩🏽	家庭	肤色变体（右键）	👩🏻‍🤝‍👩🏽	未直接列在现有 Emoji 网格	1f469-1f3fb-200d-1f91d-200d-1f469-1f3fd.png	是	U+1F469 U+1F3FB U+200D U+1F91D U+200D U+1F469 U+1F3FD	People & Body	family	fully-qualified	女性、较浅肤色、Handshake、女性、中等肤色	WOMAN / LIGHT SKIN TONE / HANDSHAKE / WOMAN / MEDIUM SKIN TONE
1911	👩🏻‍🤝‍👩🏾	家庭	肤色变体（右键）	👩🏻‍🤝‍👩🏾	未直接列在现有 Emoji 网格	1f469-1f3fb-200d-1f91d-200d-1f469-1f3fe.png	是	U+1F469 U+1F3FB U+200D U+1F91D U+200D U+1F469 U+1F3FE	People & Body	family	fully-qualified	女性、较浅肤色、Handshake、女性、中等偏深肤色	WOMAN / LIGHT SKIN TONE / HANDSHAKE / WOMAN / MEDIUM-DARK SKIN TONE
1912	👩🏻‍🤝‍👩🏿	家庭	肤色变体（右键）	👩🏻‍🤝‍👩🏿	未直接列在现有 Emoji 网格	1f469-1f3fb-200d-1f91d-200d-1f469-1f3ff.png	是	U+1F469 U+1F3FB U+200D U+1F91D U+200D U+1F469 U+1F3FF	People & Body	family	fully-qualified	女性、较浅肤色、Handshake、女性、较深肤色	WOMAN / LIGHT SKIN TONE / HANDSHAKE / WOMAN / DARK SKIN TONE
1913	👩🏼‍🤝‍👩🏻	家庭	肤色变体（右键）	👩🏼‍🤝‍👩🏻	未直接列在现有 Emoji 网格	1f469-1f3fc-200d-1f91d-200d-1f469-1f3fb.png	是	U+1F469 U+1F3FC U+200D U+1F91D U+200D U+1F469 U+1F3FB	People & Body	family	fully-qualified	女性、中等偏浅肤色、Handshake、女性、较浅肤色	WOMAN / MEDIUM-LIGHT SKIN TONE / HANDSHAKE / WOMAN / LIGHT SKIN TONE
1914	👭🏼	家庭	肤色变体（右键）	👭🏼	未直接列在现有 Emoji 网格	1f46d-1f3fc.png	是	U+1F46D U+1F3FC	People & Body	family	fully-qualified	二WomenHoldingHands、中等偏浅肤色	TWO WOMEN HOLDING HANDS / MEDIUM-LIGHT SKIN TONE
1915	👩🏼‍🤝‍👩🏽	家庭	肤色变体（右键）	👩🏼‍🤝‍👩🏽	未直接列在现有 Emoji 网格	1f469-1f3fc-200d-1f91d-200d-1f469-1f3fd.png	是	U+1F469 U+1F3FC U+200D U+1F91D U+200D U+1F469 U+1F3FD	People & Body	family	fully-qualified	女性、中等偏浅肤色、Handshake、女性、中等肤色	WOMAN / MEDIUM-LIGHT SKIN TONE / HANDSHAKE / WOMAN / MEDIUM SKIN TONE
1916	👩🏼‍🤝‍👩🏾	家庭	肤色变体（右键）	👩🏼‍🤝‍👩🏾	未直接列在现有 Emoji 网格	1f469-1f3fc-200d-1f91d-200d-1f469-1f3fe.png	是	U+1F469 U+1F3FC U+200D U+1F91D U+200D U+1F469 U+1F3FE	People & Body	family	fully-qualified	女性、中等偏浅肤色、Handshake、女性、中等偏深肤色	WOMAN / MEDIUM-LIGHT SKIN TONE / HANDSHAKE / WOMAN / MEDIUM-DARK SKIN TONE
1917	👩🏼‍🤝‍👩🏿	家庭	肤色变体（右键）	👩🏼‍🤝‍👩🏿	未直接列在现有 Emoji 网格	1f469-1f3fc-200d-1f91d-200d-1f469-1f3ff.png	是	U+1F469 U+1F3FC U+200D U+1F91D U+200D U+1F469 U+1F3FF	People & Body	family	fully-qualified	女性、中等偏浅肤色、Handshake、女性、较深肤色	WOMAN / MEDIUM-LIGHT SKIN TONE / HANDSHAKE / WOMAN / DARK SKIN TONE
1918	👩🏽‍🤝‍👩🏻	家庭	肤色变体（右键）	👩🏽‍🤝‍👩🏻	未直接列在现有 Emoji 网格	1f469-1f3fd-200d-1f91d-200d-1f469-1f3fb.png	是	U+1F469 U+1F3FD U+200D U+1F91D U+200D U+1F469 U+1F3FB	People & Body	family	fully-qualified	女性、中等肤色、Handshake、女性、较浅肤色	WOMAN / MEDIUM SKIN TONE / HANDSHAKE / WOMAN / LIGHT SKIN TONE
1919	👩🏽‍🤝‍👩🏼	家庭	肤色变体（右键）	👩🏽‍🤝‍👩🏼	未直接列在现有 Emoji 网格	1f469-1f3fd-200d-1f91d-200d-1f469-1f3fc.png	是	U+1F469 U+1F3FD U+200D U+1F91D U+200D U+1F469 U+1F3FC	People & Body	family	fully-qualified	女性、中等肤色、Handshake、女性、中等偏浅肤色	WOMAN / MEDIUM SKIN TONE / HANDSHAKE / WOMAN / MEDIUM-LIGHT SKIN TONE
1920	👭🏽	家庭	肤色变体（右键）	👭🏽	未直接列在现有 Emoji 网格	1f46d-1f3fd.png	是	U+1F46D U+1F3FD	People & Body	family	fully-qualified	二WomenHoldingHands、中等肤色	TWO WOMEN HOLDING HANDS / MEDIUM SKIN TONE
1921	👩🏽‍🤝‍👩🏾	家庭	肤色变体（右键）	👩🏽‍🤝‍👩🏾	未直接列在现有 Emoji 网格	1f469-1f3fd-200d-1f91d-200d-1f469-1f3fe.png	是	U+1F469 U+1F3FD U+200D U+1F91D U+200D U+1F469 U+1F3FE	People & Body	family	fully-qualified	女性、中等肤色、Handshake、女性、中等偏深肤色	WOMAN / MEDIUM SKIN TONE / HANDSHAKE / WOMAN / MEDIUM-DARK SKIN TONE
1922	👩🏽‍🤝‍👩🏿	家庭	肤色变体（右键）	👩🏽‍🤝‍👩🏿	未直接列在现有 Emoji 网格	1f469-1f3fd-200d-1f91d-200d-1f469-1f3ff.png	是	U+1F469 U+1F3FD U+200D U+1F91D U+200D U+1F469 U+1F3FF	People & Body	family	fully-qualified	女性、中等肤色、Handshake、女性、较深肤色	WOMAN / MEDIUM SKIN TONE / HANDSHAKE / WOMAN / DARK SKIN TONE
1923	👩🏾‍🤝‍👩🏻	家庭	肤色变体（右键）	👩🏾‍🤝‍👩🏻	未直接列在现有 Emoji 网格	1f469-1f3fe-200d-1f91d-200d-1f469-1f3fb.png	是	U+1F469 U+1F3FE U+200D U+1F91D U+200D U+1F469 U+1F3FB	People & Body	family	fully-qualified	女性、中等偏深肤色、Handshake、女性、较浅肤色	WOMAN / MEDIUM-DARK SKIN TONE / HANDSHAKE / WOMAN / LIGHT SKIN TONE
1924	👩🏾‍🤝‍👩🏼	家庭	肤色变体（右键）	👩🏾‍🤝‍👩🏼	未直接列在现有 Emoji 网格	1f469-1f3fe-200d-1f91d-200d-1f469-1f3fc.png	是	U+1F469 U+1F3FE U+200D U+1F91D U+200D U+1F469 U+1F3FC	People & Body	family	fully-qualified	女性、中等偏深肤色、Handshake、女性、中等偏浅肤色	WOMAN / MEDIUM-DARK SKIN TONE / HANDSHAKE / WOMAN / MEDIUM-LIGHT SKIN TONE
1925	👩🏾‍🤝‍👩🏽	家庭	肤色变体（右键）	👩🏾‍🤝‍👩🏽	未直接列在现有 Emoji 网格	1f469-1f3fe-200d-1f91d-200d-1f469-1f3fd.png	是	U+1F469 U+1F3FE U+200D U+1F91D U+200D U+1F469 U+1F3FD	People & Body	family	fully-qualified	女性、中等偏深肤色、Handshake、女性、中等肤色	WOMAN / MEDIUM-DARK SKIN TONE / HANDSHAKE / WOMAN / MEDIUM SKIN TONE
1926	👭🏾	家庭	肤色变体（右键）	👭🏾	未直接列在现有 Emoji 网格	1f46d-1f3fe.png	是	U+1F46D U+1F3FE	People & Body	family	fully-qualified	二WomenHoldingHands、中等偏深肤色	TWO WOMEN HOLDING HANDS / MEDIUM-DARK SKIN TONE
1927	👩🏾‍🤝‍👩🏿	家庭	肤色变体（右键）	👩🏾‍🤝‍👩🏿	未直接列在现有 Emoji 网格	1f469-1f3fe-200d-1f91d-200d-1f469-1f3ff.png	是	U+1F469 U+1F3FE U+200D U+1F91D U+200D U+1F469 U+1F3FF	People & Body	family	fully-qualified	女性、中等偏深肤色、Handshake、女性、较深肤色	WOMAN / MEDIUM-DARK SKIN TONE / HANDSHAKE / WOMAN / DARK SKIN TONE
1928	👩🏿‍🤝‍👩🏻	家庭	肤色变体（右键）	👩🏿‍🤝‍👩🏻	Emoji·表情与人物 / 手势与手部	1f469-1f3ff-200d-1f91d-200d-1f469-1f3fb.png	是	U+1F469 U+1F3FF U+200D U+1F91D U+200D U+1F469 U+1F3FB	People & Body	family	fully-qualified	女性、较深肤色、Handshake、女性、较浅肤色	WOMAN / DARK SKIN TONE / HANDSHAKE / WOMAN / LIGHT SKIN TONE
1929	👩🏿‍🤝‍👩🏼	家庭	肤色变体（右键）	👩🏿‍🤝‍👩🏼	未直接列在现有 Emoji 网格	1f469-1f3ff-200d-1f91d-200d-1f469-1f3fc.png	是	U+1F469 U+1F3FF U+200D U+1F91D U+200D U+1F469 U+1F3FC	People & Body	family	fully-qualified	女性、较深肤色、Handshake、女性、中等偏浅肤色	WOMAN / DARK SKIN TONE / HANDSHAKE / WOMAN / MEDIUM-LIGHT SKIN TONE
1930	👩🏿‍🤝‍👩🏽	家庭	肤色变体（右键）	👩🏿‍🤝‍👩🏽	未直接列在现有 Emoji 网格	1f469-1f3ff-200d-1f91d-200d-1f469-1f3fd.png	是	U+1F469 U+1F3FF U+200D U+1F91D U+200D U+1F469 U+1F3FD	People & Body	family	fully-qualified	女性、较深肤色、Handshake、女性、中等肤色	WOMAN / DARK SKIN TONE / HANDSHAKE / WOMAN / MEDIUM SKIN TONE
1931	👩🏿‍🤝‍👩🏾	家庭	肤色变体（右键）	👩🏿‍🤝‍👩🏾	未直接列在现有 Emoji 网格	1f469-1f3ff-200d-1f91d-200d-1f469-1f3fe.png	是	U+1F469 U+1F3FF U+200D U+1F91D U+200D U+1F469 U+1F3FE	People & Body	family	fully-qualified	女性、较深肤色、Handshake、女性、中等偏深肤色	WOMAN / DARK SKIN TONE / HANDSHAKE / WOMAN / MEDIUM-DARK SKIN TONE
1932	👭🏿	家庭	肤色变体（右键）	👭🏿	未直接列在现有 Emoji 网格	1f46d-1f3ff.png	是	U+1F46D U+1F3FF	People & Body	family	fully-qualified	二WomenHoldingHands、较深肤色	TWO WOMEN HOLDING HANDS / DARK SKIN TONE
1933	👫	家庭	主网格	👫	Emoji·表情与人物 / 第 4 行	1f46b.png	是	U+1F46B	People & Body	family	fully-qualified	手拉手的一男一女	MAN AND WOMAN HOLDING HANDS
1934	👫🏻	家庭	肤色变体（右键）	👫🏻	未直接列在现有 Emoji 网格	1f46b-1f3fb.png	是	U+1F46B U+1F3FB	People & Body	family	fully-qualified	男性和女性HoldingHands、较浅肤色	MAN AND WOMAN HOLDING HANDS / LIGHT SKIN TONE
1935	👩🏻‍🤝‍👨🏼	家庭	肤色变体（右键）	👩🏻‍🤝‍👨🏼	未直接列在现有 Emoji 网格	1f469-1f3fb-200d-1f91d-200d-1f468-1f3fc.png	是	U+1F469 U+1F3FB U+200D U+1F91D U+200D U+1F468 U+1F3FC	People & Body	family	fully-qualified	女性、较浅肤色、Handshake、男性、中等偏浅肤色	WOMAN / LIGHT SKIN TONE / HANDSHAKE / MAN / MEDIUM-LIGHT SKIN TONE
1936	👩🏻‍🤝‍👨🏽	家庭	肤色变体（右键）	👩🏻‍🤝‍👨🏽	未直接列在现有 Emoji 网格	1f469-1f3fb-200d-1f91d-200d-1f468-1f3fd.png	是	U+1F469 U+1F3FB U+200D U+1F91D U+200D U+1F468 U+1F3FD	People & Body	family	fully-qualified	女性、较浅肤色、Handshake、男性、中等肤色	WOMAN / LIGHT SKIN TONE / HANDSHAKE / MAN / MEDIUM SKIN TONE
1937	👩🏻‍🤝‍👨🏾	家庭	肤色变体（右键）	👩🏻‍🤝‍👨🏾	未直接列在现有 Emoji 网格	1f469-1f3fb-200d-1f91d-200d-1f468-1f3fe.png	是	U+1F469 U+1F3FB U+200D U+1F91D U+200D U+1F468 U+1F3FE	People & Body	family	fully-qualified	女性、较浅肤色、Handshake、男性、中等偏深肤色	WOMAN / LIGHT SKIN TONE / HANDSHAKE / MAN / MEDIUM-DARK SKIN TONE
1938	👩🏻‍🤝‍👨🏿	家庭	肤色变体（右键）	👩🏻‍🤝‍👨🏿	未直接列在现有 Emoji 网格	1f469-1f3fb-200d-1f91d-200d-1f468-1f3ff.png	是	U+1F469 U+1F3FB U+200D U+1F91D U+200D U+1F468 U+1F3FF	People & Body	family	fully-qualified	女性、较浅肤色、Handshake、男性、较深肤色	WOMAN / LIGHT SKIN TONE / HANDSHAKE / MAN / DARK SKIN TONE
1939	👩🏼‍🤝‍👨🏻	家庭	肤色变体（右键）	👩🏼‍🤝‍👨🏻	未直接列在现有 Emoji 网格	1f469-1f3fc-200d-1f91d-200d-1f468-1f3fb.png	是	U+1F469 U+1F3FC U+200D U+1F91D U+200D U+1F468 U+1F3FB	People & Body	family	fully-qualified	女性、中等偏浅肤色、Handshake、男性、较浅肤色	WOMAN / MEDIUM-LIGHT SKIN TONE / HANDSHAKE / MAN / LIGHT SKIN TONE
1940	👫🏼	家庭	肤色变体（右键）	👫🏼	未直接列在现有 Emoji 网格	1f46b-1f3fc.png	是	U+1F46B U+1F3FC	People & Body	family	fully-qualified	男性和女性HoldingHands、中等偏浅肤色	MAN AND WOMAN HOLDING HANDS / MEDIUM-LIGHT SKIN TONE
1941	👩🏼‍🤝‍👨🏽	家庭	肤色变体（右键）	👩🏼‍🤝‍👨🏽	未直接列在现有 Emoji 网格	1f469-1f3fc-200d-1f91d-200d-1f468-1f3fd.png	是	U+1F469 U+1F3FC U+200D U+1F91D U+200D U+1F468 U+1F3FD	People & Body	family	fully-qualified	女性、中等偏浅肤色、Handshake、男性、中等肤色	WOMAN / MEDIUM-LIGHT SKIN TONE / HANDSHAKE / MAN / MEDIUM SKIN TONE
1942	👩🏼‍🤝‍👨🏾	家庭	肤色变体（右键）	👩🏼‍🤝‍👨🏾	未直接列在现有 Emoji 网格	1f469-1f3fc-200d-1f91d-200d-1f468-1f3fe.png	是	U+1F469 U+1F3FC U+200D U+1F91D U+200D U+1F468 U+1F3FE	People & Body	family	fully-qualified	女性、中等偏浅肤色、Handshake、男性、中等偏深肤色	WOMAN / MEDIUM-LIGHT SKIN TONE / HANDSHAKE / MAN / MEDIUM-DARK SKIN TONE
1943	👩🏼‍🤝‍👨🏿	家庭	肤色变体（右键）	👩🏼‍🤝‍👨🏿	未直接列在现有 Emoji 网格	1f469-1f3fc-200d-1f91d-200d-1f468-1f3ff.png	是	U+1F469 U+1F3FC U+200D U+1F91D U+200D U+1F468 U+1F3FF	People & Body	family	fully-qualified	女性、中等偏浅肤色、Handshake、男性、较深肤色	WOMAN / MEDIUM-LIGHT SKIN TONE / HANDSHAKE / MAN / DARK SKIN TONE
1944	👩🏽‍🤝‍👨🏻	家庭	肤色变体（右键）	👩🏽‍🤝‍👨🏻	未直接列在现有 Emoji 网格	1f469-1f3fd-200d-1f91d-200d-1f468-1f3fb.png	是	U+1F469 U+1F3FD U+200D U+1F91D U+200D U+1F468 U+1F3FB	People & Body	family	fully-qualified	女性、中等肤色、Handshake、男性、较浅肤色	WOMAN / MEDIUM SKIN TONE / HANDSHAKE / MAN / LIGHT SKIN TONE
1945	👩🏽‍🤝‍👨🏼	家庭	肤色变体（右键）	👩🏽‍🤝‍👨🏼	未直接列在现有 Emoji 网格	1f469-1f3fd-200d-1f91d-200d-1f468-1f3fc.png	是	U+1F469 U+1F3FD U+200D U+1F91D U+200D U+1F468 U+1F3FC	People & Body	family	fully-qualified	女性、中等肤色、Handshake、男性、中等偏浅肤色	WOMAN / MEDIUM SKIN TONE / HANDSHAKE / MAN / MEDIUM-LIGHT SKIN TONE
1946	👫🏽	家庭	肤色变体（右键）	👫🏽	未直接列在现有 Emoji 网格	1f46b-1f3fd.png	是	U+1F46B U+1F3FD	People & Body	family	fully-qualified	男性和女性HoldingHands、中等肤色	MAN AND WOMAN HOLDING HANDS / MEDIUM SKIN TONE
1947	👩🏽‍🤝‍👨🏾	家庭	肤色变体（右键）	👩🏽‍🤝‍👨🏾	未直接列在现有 Emoji 网格	1f469-1f3fd-200d-1f91d-200d-1f468-1f3fe.png	是	U+1F469 U+1F3FD U+200D U+1F91D U+200D U+1F468 U+1F3FE	People & Body	family	fully-qualified	女性、中等肤色、Handshake、男性、中等偏深肤色	WOMAN / MEDIUM SKIN TONE / HANDSHAKE / MAN / MEDIUM-DARK SKIN TONE
1948	👩🏽‍🤝‍👨🏿	家庭	肤色变体（右键）	👩🏽‍🤝‍👨🏿	未直接列在现有 Emoji 网格	1f469-1f3fd-200d-1f91d-200d-1f468-1f3ff.png	是	U+1F469 U+1F3FD U+200D U+1F91D U+200D U+1F468 U+1F3FF	People & Body	family	fully-qualified	女性、中等肤色、Handshake、男性、较深肤色	WOMAN / MEDIUM SKIN TONE / HANDSHAKE / MAN / DARK SKIN TONE
1949	👩🏾‍🤝‍👨🏻	家庭	肤色变体（右键）	👩🏾‍🤝‍👨🏻	未直接列在现有 Emoji 网格	1f469-1f3fe-200d-1f91d-200d-1f468-1f3fb.png	是	U+1F469 U+1F3FE U+200D U+1F91D U+200D U+1F468 U+1F3FB	People & Body	family	fully-qualified	女性、中等偏深肤色、Handshake、男性、较浅肤色	WOMAN / MEDIUM-DARK SKIN TONE / HANDSHAKE / MAN / LIGHT SKIN TONE
1950	👩🏾‍🤝‍👨🏼	家庭	肤色变体（右键）	👩🏾‍🤝‍👨🏼	未直接列在现有 Emoji 网格	1f469-1f3fe-200d-1f91d-200d-1f468-1f3fc.png	是	U+1F469 U+1F3FE U+200D U+1F91D U+200D U+1F468 U+1F3FC	People & Body	family	fully-qualified	女性、中等偏深肤色、Handshake、男性、中等偏浅肤色	WOMAN / MEDIUM-DARK SKIN TONE / HANDSHAKE / MAN / MEDIUM-LIGHT SKIN TONE
1951	👩🏾‍🤝‍👨🏽	家庭	肤色变体（右键）	👩🏾‍🤝‍👨🏽	未直接列在现有 Emoji 网格	1f469-1f3fe-200d-1f91d-200d-1f468-1f3fd.png	是	U+1F469 U+1F3FE U+200D U+1F91D U+200D U+1F468 U+1F3FD	People & Body	family	fully-qualified	女性、中等偏深肤色、Handshake、男性、中等肤色	WOMAN / MEDIUM-DARK SKIN TONE / HANDSHAKE / MAN / MEDIUM SKIN TONE
1952	👫🏾	家庭	肤色变体（右键）	👫🏾	未直接列在现有 Emoji 网格	1f46b-1f3fe.png	是	U+1F46B U+1F3FE	People & Body	family	fully-qualified	男性和女性HoldingHands、中等偏深肤色	MAN AND WOMAN HOLDING HANDS / MEDIUM-DARK SKIN TONE
1953	👩🏾‍🤝‍👨🏿	家庭	肤色变体（右键）	👩🏾‍🤝‍👨🏿	未直接列在现有 Emoji 网格	1f469-1f3fe-200d-1f91d-200d-1f468-1f3ff.png	是	U+1F469 U+1F3FE U+200D U+1F91D U+200D U+1F468 U+1F3FF	People & Body	family	fully-qualified	女性、中等偏深肤色、Handshake、男性、较深肤色	WOMAN / MEDIUM-DARK SKIN TONE / HANDSHAKE / MAN / DARK SKIN TONE
1954	👩🏿‍🤝‍👨🏻	家庭	肤色变体（右键）	👩🏿‍🤝‍👨🏻	Emoji·表情与人物 / 手势与手部	1f469-1f3ff-200d-1f91d-200d-1f468-1f3fb.png	是	U+1F469 U+1F3FF U+200D U+1F91D U+200D U+1F468 U+1F3FB	People & Body	family	fully-qualified	女性、较深肤色、Handshake、男性、较浅肤色	WOMAN / DARK SKIN TONE / HANDSHAKE / MAN / LIGHT SKIN TONE
1955	👩🏿‍🤝‍👨🏼	家庭	肤色变体（右键）	👩🏿‍🤝‍👨🏼	未直接列在现有 Emoji 网格	1f469-1f3ff-200d-1f91d-200d-1f468-1f3fc.png	是	U+1F469 U+1F3FF U+200D U+1F91D U+200D U+1F468 U+1F3FC	People & Body	family	fully-qualified	女性、较深肤色、Handshake、男性、中等偏浅肤色	WOMAN / DARK SKIN TONE / HANDSHAKE / MAN / MEDIUM-LIGHT SKIN TONE
1956	👩🏿‍🤝‍👨🏽	家庭	肤色变体（右键）	👩🏿‍🤝‍👨🏽	未直接列在现有 Emoji 网格	1f469-1f3ff-200d-1f91d-200d-1f468-1f3fd.png	是	U+1F469 U+1F3FF U+200D U+1F91D U+200D U+1F468 U+1F3FD	People & Body	family	fully-qualified	女性、较深肤色、Handshake、男性、中等肤色	WOMAN / DARK SKIN TONE / HANDSHAKE / MAN / MEDIUM SKIN TONE
1957	👩🏿‍🤝‍👨🏾	家庭	肤色变体（右键）	👩🏿‍🤝‍👨🏾	未直接列在现有 Emoji 网格	1f469-1f3ff-200d-1f91d-200d-1f468-1f3fe.png	是	U+1F469 U+1F3FF U+200D U+1F91D U+200D U+1F468 U+1F3FE	People & Body	family	fully-qualified	女性、较深肤色、Handshake、男性、中等偏深肤色	WOMAN / DARK SKIN TONE / HANDSHAKE / MAN / MEDIUM-DARK SKIN TONE
1958	👫🏿	家庭	肤色变体（右键）	👫🏿	未直接列在现有 Emoji 网格	1f46b-1f3ff.png	是	U+1F46B U+1F3FF	People & Body	family	fully-qualified	男性和女性HoldingHands、较深肤色	MAN AND WOMAN HOLDING HANDS / DARK SKIN TONE
1959	👬	家庭	主网格	👬	Emoji·表情与人物 / 第 5 行	1f46c.png	是	U+1F46C	People & Body	family	fully-qualified	手拉手的两个男人	TWO MEN HOLDING HANDS
1960	👬🏻	家庭	肤色变体（右键）	👬🏻	未直接列在现有 Emoji 网格	1f46c-1f3fb.png	是	U+1F46C U+1F3FB	People & Body	family	fully-qualified	二MenHoldingHands、较浅肤色	TWO MEN HOLDING HANDS / LIGHT SKIN TONE
1961	👨🏻‍🤝‍👨🏼	家庭	肤色变体（右键）	👨🏻‍🤝‍👨🏼	Emoji·表情与人物 / 手势与手部	1f468-1f3fb-200d-1f91d-200d-1f468-1f3fc.png	是	U+1F468 U+1F3FB U+200D U+1F91D U+200D U+1F468 U+1F3FC	People & Body	family	fully-qualified	男性、较浅肤色、Handshake、男性、中等偏浅肤色	MAN / LIGHT SKIN TONE / HANDSHAKE / MAN / MEDIUM-LIGHT SKIN TONE
1962	👨🏻‍🤝‍👨🏽	家庭	肤色变体（右键）	👨🏻‍🤝‍👨🏽	未直接列在现有 Emoji 网格	1f468-1f3fb-200d-1f91d-200d-1f468-1f3fd.png	是	U+1F468 U+1F3FB U+200D U+1F91D U+200D U+1F468 U+1F3FD	People & Body	family	fully-qualified	男性、较浅肤色、Handshake、男性、中等肤色	MAN / LIGHT SKIN TONE / HANDSHAKE / MAN / MEDIUM SKIN TONE
1963	👨🏻‍🤝‍👨🏾	家庭	肤色变体（右键）	👨🏻‍🤝‍👨🏾	未直接列在现有 Emoji 网格	1f468-1f3fb-200d-1f91d-200d-1f468-1f3fe.png	是	U+1F468 U+1F3FB U+200D U+1F91D U+200D U+1F468 U+1F3FE	People & Body	family	fully-qualified	男性、较浅肤色、Handshake、男性、中等偏深肤色	MAN / LIGHT SKIN TONE / HANDSHAKE / MAN / MEDIUM-DARK SKIN TONE
1964	👨🏻‍🤝‍👨🏿	家庭	肤色变体（右键）	👨🏻‍🤝‍👨🏿	未直接列在现有 Emoji 网格	1f468-1f3fb-200d-1f91d-200d-1f468-1f3ff.png	是	U+1F468 U+1F3FB U+200D U+1F91D U+200D U+1F468 U+1F3FF	People & Body	family	fully-qualified	男性、较浅肤色、Handshake、男性、较深肤色	MAN / LIGHT SKIN TONE / HANDSHAKE / MAN / DARK SKIN TONE
1965	👨🏼‍🤝‍👨🏻	家庭	肤色变体（右键）	👨🏼‍🤝‍👨🏻	未直接列在现有 Emoji 网格	1f468-1f3fc-200d-1f91d-200d-1f468-1f3fb.png	是	U+1F468 U+1F3FC U+200D U+1F91D U+200D U+1F468 U+1F3FB	People & Body	family	fully-qualified	男性、中等偏浅肤色、Handshake、男性、较浅肤色	MAN / MEDIUM-LIGHT SKIN TONE / HANDSHAKE / MAN / LIGHT SKIN TONE
1966	👬🏼	家庭	肤色变体（右键）	👬🏼	未直接列在现有 Emoji 网格	1f46c-1f3fc.png	是	U+1F46C U+1F3FC	People & Body	family	fully-qualified	二MenHoldingHands、中等偏浅肤色	TWO MEN HOLDING HANDS / MEDIUM-LIGHT SKIN TONE
1967	👨🏼‍🤝‍👨🏽	家庭	肤色变体（右键）	👨🏼‍🤝‍👨🏽	未直接列在现有 Emoji 网格	1f468-1f3fc-200d-1f91d-200d-1f468-1f3fd.png	是	U+1F468 U+1F3FC U+200D U+1F91D U+200D U+1F468 U+1F3FD	People & Body	family	fully-qualified	男性、中等偏浅肤色、Handshake、男性、中等肤色	MAN / MEDIUM-LIGHT SKIN TONE / HANDSHAKE / MAN / MEDIUM SKIN TONE
1968	👨🏼‍🤝‍👨🏾	家庭	肤色变体（右键）	👨🏼‍🤝‍👨🏾	未直接列在现有 Emoji 网格	1f468-1f3fc-200d-1f91d-200d-1f468-1f3fe.png	是	U+1F468 U+1F3FC U+200D U+1F91D U+200D U+1F468 U+1F3FE	People & Body	family	fully-qualified	男性、中等偏浅肤色、Handshake、男性、中等偏深肤色	MAN / MEDIUM-LIGHT SKIN TONE / HANDSHAKE / MAN / MEDIUM-DARK SKIN TONE
1969	👨🏼‍🤝‍👨🏿	家庭	肤色变体（右键）	👨🏼‍🤝‍👨🏿	未直接列在现有 Emoji 网格	1f468-1f3fc-200d-1f91d-200d-1f468-1f3ff.png	是	U+1F468 U+1F3FC U+200D U+1F91D U+200D U+1F468 U+1F3FF	People & Body	family	fully-qualified	男性、中等偏浅肤色、Handshake、男性、较深肤色	MAN / MEDIUM-LIGHT SKIN TONE / HANDSHAKE / MAN / DARK SKIN TONE
1970	👨🏽‍🤝‍👨🏻	家庭	肤色变体（右键）	👨🏽‍🤝‍👨🏻	未直接列在现有 Emoji 网格	1f468-1f3fd-200d-1f91d-200d-1f468-1f3fb.png	是	U+1F468 U+1F3FD U+200D U+1F91D U+200D U+1F468 U+1F3FB	People & Body	family	fully-qualified	男性、中等肤色、Handshake、男性、较浅肤色	MAN / MEDIUM SKIN TONE / HANDSHAKE / MAN / LIGHT SKIN TONE
1971	👨🏽‍🤝‍👨🏼	家庭	肤色变体（右键）	👨🏽‍🤝‍👨🏼	未直接列在现有 Emoji 网格	1f468-1f3fd-200d-1f91d-200d-1f468-1f3fc.png	是	U+1F468 U+1F3FD U+200D U+1F91D U+200D U+1F468 U+1F3FC	People & Body	family	fully-qualified	男性、中等肤色、Handshake、男性、中等偏浅肤色	MAN / MEDIUM SKIN TONE / HANDSHAKE / MAN / MEDIUM-LIGHT SKIN TONE
1972	👬🏽	家庭	肤色变体（右键）	👬🏽	未直接列在现有 Emoji 网格	1f46c-1f3fd.png	是	U+1F46C U+1F3FD	People & Body	family	fully-qualified	二MenHoldingHands、中等肤色	TWO MEN HOLDING HANDS / MEDIUM SKIN TONE
1973	👨🏽‍🤝‍👨🏾	家庭	肤色变体（右键）	👨🏽‍🤝‍👨🏾	未直接列在现有 Emoji 网格	1f468-1f3fd-200d-1f91d-200d-1f468-1f3fe.png	是	U+1F468 U+1F3FD U+200D U+1F91D U+200D U+1F468 U+1F3FE	People & Body	family	fully-qualified	男性、中等肤色、Handshake、男性、中等偏深肤色	MAN / MEDIUM SKIN TONE / HANDSHAKE / MAN / MEDIUM-DARK SKIN TONE
1974	👨🏽‍🤝‍👨🏿	家庭	肤色变体（右键）	👨🏽‍🤝‍👨🏿	未直接列在现有 Emoji 网格	1f468-1f3fd-200d-1f91d-200d-1f468-1f3ff.png	是	U+1F468 U+1F3FD U+200D U+1F91D U+200D U+1F468 U+1F3FF	People & Body	family	fully-qualified	男性、中等肤色、Handshake、男性、较深肤色	MAN / MEDIUM SKIN TONE / HANDSHAKE / MAN / DARK SKIN TONE
1975	👨🏾‍🤝‍👨🏻	家庭	肤色变体（右键）	👨🏾‍🤝‍👨🏻	未直接列在现有 Emoji 网格	1f468-1f3fe-200d-1f91d-200d-1f468-1f3fb.png	是	U+1F468 U+1F3FE U+200D U+1F91D U+200D U+1F468 U+1F3FB	People & Body	family	fully-qualified	男性、中等偏深肤色、Handshake、男性、较浅肤色	MAN / MEDIUM-DARK SKIN TONE / HANDSHAKE / MAN / LIGHT SKIN TONE
1976	👨🏾‍🤝‍👨🏼	家庭	肤色变体（右键）	👨🏾‍🤝‍👨🏼	未直接列在现有 Emoji 网格	1f468-1f3fe-200d-1f91d-200d-1f468-1f3fc.png	是	U+1F468 U+1F3FE U+200D U+1F91D U+200D U+1F468 U+1F3FC	People & Body	family	fully-qualified	男性、中等偏深肤色、Handshake、男性、中等偏浅肤色	MAN / MEDIUM-DARK SKIN TONE / HANDSHAKE / MAN / MEDIUM-LIGHT SKIN TONE
1977	👨🏾‍🤝‍👨🏽	家庭	肤色变体（右键）	👨🏾‍🤝‍👨🏽	未直接列在现有 Emoji 网格	1f468-1f3fe-200d-1f91d-200d-1f468-1f3fd.png	是	U+1F468 U+1F3FE U+200D U+1F91D U+200D U+1F468 U+1F3FD	People & Body	family	fully-qualified	男性、中等偏深肤色、Handshake、男性、中等肤色	MAN / MEDIUM-DARK SKIN TONE / HANDSHAKE / MAN / MEDIUM SKIN TONE
1978	👬🏾	家庭	肤色变体（右键）	👬🏾	未直接列在现有 Emoji 网格	1f46c-1f3fe.png	是	U+1F46C U+1F3FE	People & Body	family	fully-qualified	二MenHoldingHands、中等偏深肤色	TWO MEN HOLDING HANDS / MEDIUM-DARK SKIN TONE
1979	👨🏾‍🤝‍👨🏿	家庭	肤色变体（右键）	👨🏾‍🤝‍👨🏿	未直接列在现有 Emoji 网格	1f468-1f3fe-200d-1f91d-200d-1f468-1f3ff.png	是	U+1F468 U+1F3FE U+200D U+1F91D U+200D U+1F468 U+1F3FF	People & Body	family	fully-qualified	男性、中等偏深肤色、Handshake、男性、较深肤色	MAN / MEDIUM-DARK SKIN TONE / HANDSHAKE / MAN / DARK SKIN TONE
1980	👨🏿‍🤝‍👨🏻	家庭	肤色变体（右键）	👨🏿‍🤝‍👨🏻	未直接列在现有 Emoji 网格	1f468-1f3ff-200d-1f91d-200d-1f468-1f3fb.png	是	U+1F468 U+1F3FF U+200D U+1F91D U+200D U+1F468 U+1F3FB	People & Body	family	fully-qualified	男性、较深肤色、Handshake、男性、较浅肤色	MAN / DARK SKIN TONE / HANDSHAKE / MAN / LIGHT SKIN TONE
1981	👨🏿‍🤝‍👨🏼	家庭	肤色变体（右键）	👨🏿‍🤝‍👨🏼	未直接列在现有 Emoji 网格	1f468-1f3ff-200d-1f91d-200d-1f468-1f3fc.png	是	U+1F468 U+1F3FF U+200D U+1F91D U+200D U+1F468 U+1F3FC	People & Body	family	fully-qualified	男性、较深肤色、Handshake、男性、中等偏浅肤色	MAN / DARK SKIN TONE / HANDSHAKE / MAN / MEDIUM-LIGHT SKIN TONE
1982	👨🏿‍🤝‍👨🏽	家庭	肤色变体（右键）	👨🏿‍🤝‍👨🏽	未直接列在现有 Emoji 网格	1f468-1f3ff-200d-1f91d-200d-1f468-1f3fd.png	是	U+1F468 U+1F3FF U+200D U+1F91D U+200D U+1F468 U+1F3FD	People & Body	family	fully-qualified	男性、较深肤色、Handshake、男性、中等肤色	MAN / DARK SKIN TONE / HANDSHAKE / MAN / MEDIUM SKIN TONE
1983	👨🏿‍🤝‍👨🏾	家庭	肤色变体（右键）	👨🏿‍🤝‍👨🏾	未直接列在现有 Emoji 网格	1f468-1f3ff-200d-1f91d-200d-1f468-1f3fe.png	是	U+1F468 U+1F3FF U+200D U+1F91D U+200D U+1F468 U+1F3FE	People & Body	family	fully-qualified	男性、较深肤色、Handshake、男性、中等偏深肤色	MAN / DARK SKIN TONE / HANDSHAKE / MAN / MEDIUM-DARK SKIN TONE
1984	👬🏿	家庭	肤色变体（右键）	👬🏿	未直接列在现有 Emoji 网格	1f46c-1f3ff.png	是	U+1F46C U+1F3FF	People & Body	family	fully-qualified	二MenHoldingHands、较深肤色	TWO MEN HOLDING HANDS / DARK SKIN TONE
1985	💏	家庭	主网格	💏	Emoji·表情与人物 / 关系与家庭	1f48f.png	是	U+1F48F	People & Body	family	fully-qualified	亲吻	KISS
1986	💏🏻	家庭	肤色变体（右键）	💏🏻	未直接列在现有 Emoji 网格	1f48f-1f3fb.png	是	U+1F48F U+1F3FB	People & Body	family	fully-qualified	亲吻、较浅肤色	KISS / LIGHT SKIN TONE
1987	💏🏼	家庭	肤色变体（右键）	💏🏼	未直接列在现有 Emoji 网格	1f48f-1f3fc.png	是	U+1F48F U+1F3FC	People & Body	family	fully-qualified	亲吻、中等偏浅肤色	KISS / MEDIUM-LIGHT SKIN TONE
1988	💏🏽	家庭	肤色变体（右键）	💏🏽	未直接列在现有 Emoji 网格	1f48f-1f3fd.png	是	U+1F48F U+1F3FD	People & Body	family	fully-qualified	亲吻、中等肤色	KISS / MEDIUM SKIN TONE
1989	💏🏾	家庭	肤色变体（右键）	💏🏾	未直接列在现有 Emoji 网格	1f48f-1f3fe.png	是	U+1F48F U+1F3FE	People & Body	family	fully-qualified	亲吻、中等偏深肤色	KISS / MEDIUM-DARK SKIN TONE
1990	💏🏿	家庭	肤色变体（右键）	💏🏿	未直接列在现有 Emoji 网格	1f48f-1f3ff.png	是	U+1F48F U+1F3FF	People & Body	family	fully-qualified	亲吻、较深肤色	KISS / DARK SKIN TONE
1991	🧑🏻‍❤️‍💋‍🧑🏼	家庭	肤色变体（右键）	🧑🏻‍❤️‍💋‍🧑🏼	未直接列在现有 Emoji 网格	1f9d1-1f3fb-200d-2764-200d-1f48b-200d-1f9d1-1f3fc.png	是	U+1F9D1 U+1F3FB U+200D U+2764 U+FE0F U+200D U+1F48B U+200D U+1F9D1 U+1F3FC	People & Body	family	fully-qualified	成年人、较浅肤色、粗体黑心、亲吻标记、成年人、中等偏浅肤色	ADULT / LIGHT SKIN TONE / HEAVY BLACK HEART / KISS MARK / ADULT / MEDIUM-LIGHT SKIN TONE
1992	🧑🏻‍❤️‍💋‍🧑🏽	家庭	肤色变体（右键）	🧑🏻‍❤️‍💋‍🧑🏽	未直接列在现有 Emoji 网格	1f9d1-1f3fb-200d-2764-200d-1f48b-200d-1f9d1-1f3fd.png	是	U+1F9D1 U+1F3FB U+200D U+2764 U+FE0F U+200D U+1F48B U+200D U+1F9D1 U+1F3FD	People & Body	family	fully-qualified	成年人、较浅肤色、粗体黑心、亲吻标记、成年人、中等肤色	ADULT / LIGHT SKIN TONE / HEAVY BLACK HEART / KISS MARK / ADULT / MEDIUM SKIN TONE
1993	🧑🏻‍❤️‍💋‍🧑🏾	家庭	肤色变体（右键）	🧑🏻‍❤️‍💋‍🧑🏾	未直接列在现有 Emoji 网格	1f9d1-1f3fb-200d-2764-200d-1f48b-200d-1f9d1-1f3fe.png	是	U+1F9D1 U+1F3FB U+200D U+2764 U+FE0F U+200D U+1F48B U+200D U+1F9D1 U+1F3FE	People & Body	family	fully-qualified	成年人、较浅肤色、粗体黑心、亲吻标记、成年人、中等偏深肤色	ADULT / LIGHT SKIN TONE / HEAVY BLACK HEART / KISS MARK / ADULT / MEDIUM-DARK SKIN TONE
1994	🧑🏻‍❤️‍💋‍🧑🏿	家庭	肤色变体（右键）	🧑🏻‍❤️‍💋‍🧑🏿	未直接列在现有 Emoji 网格	1f9d1-1f3fb-200d-2764-200d-1f48b-200d-1f9d1-1f3ff.png	是	U+1F9D1 U+1F3FB U+200D U+2764 U+FE0F U+200D U+1F48B U+200D U+1F9D1 U+1F3FF	People & Body	family	fully-qualified	成年人、较浅肤色、粗体黑心、亲吻标记、成年人、较深肤色	ADULT / LIGHT SKIN TONE / HEAVY BLACK HEART / KISS MARK / ADULT / DARK SKIN TONE
1995	🧑🏼‍❤️‍💋‍🧑🏻	家庭	肤色变体（右键）	🧑🏼‍❤️‍💋‍🧑🏻	未直接列在现有 Emoji 网格	1f9d1-1f3fc-200d-2764-200d-1f48b-200d-1f9d1-1f3fb.png	是	U+1F9D1 U+1F3FC U+200D U+2764 U+FE0F U+200D U+1F48B U+200D U+1F9D1 U+1F3FB	People & Body	family	fully-qualified	成年人、中等偏浅肤色、粗体黑心、亲吻标记、成年人、较浅肤色	ADULT / MEDIUM-LIGHT SKIN TONE / HEAVY BLACK HEART / KISS MARK / ADULT / LIGHT SKIN TONE
1996	🧑🏼‍❤️‍💋‍🧑🏽	家庭	肤色变体（右键）	🧑🏼‍❤️‍💋‍🧑🏽	未直接列在现有 Emoji 网格	1f9d1-1f3fc-200d-2764-200d-1f48b-200d-1f9d1-1f3fd.png	是	U+1F9D1 U+1F3FC U+200D U+2764 U+FE0F U+200D U+1F48B U+200D U+1F9D1 U+1F3FD	People & Body	family	fully-qualified	成年人、中等偏浅肤色、粗体黑心、亲吻标记、成年人、中等肤色	ADULT / MEDIUM-LIGHT SKIN TONE / HEAVY BLACK HEART / KISS MARK / ADULT / MEDIUM SKIN TONE
1997	🧑🏼‍❤️‍💋‍🧑🏾	家庭	肤色变体（右键）	🧑🏼‍❤️‍💋‍🧑🏾	未直接列在现有 Emoji 网格	1f9d1-1f3fc-200d-2764-200d-1f48b-200d-1f9d1-1f3fe.png	是	U+1F9D1 U+1F3FC U+200D U+2764 U+FE0F U+200D U+1F48B U+200D U+1F9D1 U+1F3FE	People & Body	family	fully-qualified	成年人、中等偏浅肤色、粗体黑心、亲吻标记、成年人、中等偏深肤色	ADULT / MEDIUM-LIGHT SKIN TONE / HEAVY BLACK HEART / KISS MARK / ADULT / MEDIUM-DARK SKIN TONE
1998	🧑🏼‍❤️‍💋‍🧑🏿	家庭	肤色变体（右键）	🧑🏼‍❤️‍💋‍🧑🏿	未直接列在现有 Emoji 网格	1f9d1-1f3fc-200d-2764-200d-1f48b-200d-1f9d1-1f3ff.png	是	U+1F9D1 U+1F3FC U+200D U+2764 U+FE0F U+200D U+1F48B U+200D U+1F9D1 U+1F3FF	People & Body	family	fully-qualified	成年人、中等偏浅肤色、粗体黑心、亲吻标记、成年人、较深肤色	ADULT / MEDIUM-LIGHT SKIN TONE / HEAVY BLACK HEART / KISS MARK / ADULT / DARK SKIN TONE
1999	🧑🏽‍❤️‍💋‍🧑🏻	家庭	肤色变体（右键）	🧑🏽‍❤️‍💋‍🧑🏻	未直接列在现有 Emoji 网格	1f9d1-1f3fd-200d-2764-200d-1f48b-200d-1f9d1-1f3fb.png	是	U+1F9D1 U+1F3FD U+200D U+2764 U+FE0F U+200D U+1F48B U+200D U+1F9D1 U+1F3FB	People & Body	family	fully-qualified	成年人、中等肤色、粗体黑心、亲吻标记、成年人、较浅肤色	ADULT / MEDIUM SKIN TONE / HEAVY BLACK HEART / KISS MARK / ADULT / LIGHT SKIN TONE
2000	🧑🏽‍❤️‍💋‍🧑🏼	家庭	肤色变体（右键）	🧑🏽‍❤️‍💋‍🧑🏼	未直接列在现有 Emoji 网格	1f9d1-1f3fd-200d-2764-200d-1f48b-200d-1f9d1-1f3fc.png	是	U+1F9D1 U+1F3FD U+200D U+2764 U+FE0F U+200D U+1F48B U+200D U+1F9D1 U+1F3FC	People & Body	family	fully-qualified	成年人、中等肤色、粗体黑心、亲吻标记、成年人、中等偏浅肤色	ADULT / MEDIUM SKIN TONE / HEAVY BLACK HEART / KISS MARK / ADULT / MEDIUM-LIGHT SKIN TONE
2001	🧑🏽‍❤️‍💋‍🧑🏾	家庭	肤色变体（右键）	🧑🏽‍❤️‍💋‍🧑🏾	未直接列在现有 Emoji 网格	1f9d1-1f3fd-200d-2764-200d-1f48b-200d-1f9d1-1f3fe.png	是	U+1F9D1 U+1F3FD U+200D U+2764 U+FE0F U+200D U+1F48B U+200D U+1F9D1 U+1F3FE	People & Body	family	fully-qualified	成年人、中等肤色、粗体黑心、亲吻标记、成年人、中等偏深肤色	ADULT / MEDIUM SKIN TONE / HEAVY BLACK HEART / KISS MARK / ADULT / MEDIUM-DARK SKIN TONE
2002	🧑🏽‍❤️‍💋‍🧑🏿	家庭	肤色变体（右键）	🧑🏽‍❤️‍💋‍🧑🏿	未直接列在现有 Emoji 网格	1f9d1-1f3fd-200d-2764-200d-1f48b-200d-1f9d1-1f3ff.png	是	U+1F9D1 U+1F3FD U+200D U+2764 U+FE0F U+200D U+1F48B U+200D U+1F9D1 U+1F3FF	People & Body	family	fully-qualified	成年人、中等肤色、粗体黑心、亲吻标记、成年人、较深肤色	ADULT / MEDIUM SKIN TONE / HEAVY BLACK HEART / KISS MARK / ADULT / DARK SKIN TONE
2003	🧑🏾‍❤️‍💋‍🧑🏻	家庭	肤色变体（右键）	🧑🏾‍❤️‍💋‍🧑🏻	未直接列在现有 Emoji 网格	1f9d1-1f3fe-200d-2764-200d-1f48b-200d-1f9d1-1f3fb.png	是	U+1F9D1 U+1F3FE U+200D U+2764 U+FE0F U+200D U+1F48B U+200D U+1F9D1 U+1F3FB	People & Body	family	fully-qualified	成年人、中等偏深肤色、粗体黑心、亲吻标记、成年人、较浅肤色	ADULT / MEDIUM-DARK SKIN TONE / HEAVY BLACK HEART / KISS MARK / ADULT / LIGHT SKIN TONE
2004	🧑🏾‍❤️‍💋‍🧑🏼	家庭	肤色变体（右键）	🧑🏾‍❤️‍💋‍🧑🏼	未直接列在现有 Emoji 网格	1f9d1-1f3fe-200d-2764-200d-1f48b-200d-1f9d1-1f3fc.png	是	U+1F9D1 U+1F3FE U+200D U+2764 U+FE0F U+200D U+1F48B U+200D U+1F9D1 U+1F3FC	People & Body	family	fully-qualified	成年人、中等偏深肤色、粗体黑心、亲吻标记、成年人、中等偏浅肤色	ADULT / MEDIUM-DARK SKIN TONE / HEAVY BLACK HEART / KISS MARK / ADULT / MEDIUM-LIGHT SKIN TONE
2005	🧑🏾‍❤️‍💋‍🧑🏽	家庭	肤色变体（右键）	🧑🏾‍❤️‍💋‍🧑🏽	未直接列在现有 Emoji 网格	1f9d1-1f3fe-200d-2764-200d-1f48b-200d-1f9d1-1f3fd.png	是	U+1F9D1 U+1F3FE U+200D U+2764 U+FE0F U+200D U+1F48B U+200D U+1F9D1 U+1F3FD	People & Body	family	fully-qualified	成年人、中等偏深肤色、粗体黑心、亲吻标记、成年人、中等肤色	ADULT / MEDIUM-DARK SKIN TONE / HEAVY BLACK HEART / KISS MARK / ADULT / MEDIUM SKIN TONE
2006	🧑🏾‍❤️‍💋‍🧑🏿	家庭	肤色变体（右键）	🧑🏾‍❤️‍💋‍🧑🏿	未直接列在现有 Emoji 网格	1f9d1-1f3fe-200d-2764-200d-1f48b-200d-1f9d1-1f3ff.png	是	U+1F9D1 U+1F3FE U+200D U+2764 U+FE0F U+200D U+1F48B U+200D U+1F9D1 U+1F3FF	People & Body	family	fully-qualified	成年人、中等偏深肤色、粗体黑心、亲吻标记、成年人、较深肤色	ADULT / MEDIUM-DARK SKIN TONE / HEAVY BLACK HEART / KISS MARK / ADULT / DARK SKIN TONE
2007	🧑🏿‍❤️‍💋‍🧑🏻	家庭	肤色变体（右键）	🧑🏿‍❤️‍💋‍🧑🏻	Emoji·表情与人物 / 关系与家庭	1f9d1-1f3ff-200d-2764-200d-1f48b-200d-1f9d1-1f3fb.png	是	U+1F9D1 U+1F3FF U+200D U+2764 U+FE0F U+200D U+1F48B U+200D U+1F9D1 U+1F3FB	People & Body	family	fully-qualified	成年人、较深肤色、粗体黑心、亲吻标记、成年人、较浅肤色	ADULT / DARK SKIN TONE / HEAVY BLACK HEART / KISS MARK / ADULT / LIGHT SKIN TONE
2008	🧑🏿‍❤️‍💋‍🧑🏼	家庭	肤色变体（右键）	🧑🏿‍❤️‍💋‍🧑🏼	未直接列在现有 Emoji 网格	1f9d1-1f3ff-200d-2764-200d-1f48b-200d-1f9d1-1f3fc.png	是	U+1F9D1 U+1F3FF U+200D U+2764 U+FE0F U+200D U+1F48B U+200D U+1F9D1 U+1F3FC	People & Body	family	fully-qualified	成年人、较深肤色、粗体黑心、亲吻标记、成年人、中等偏浅肤色	ADULT / DARK SKIN TONE / HEAVY BLACK HEART / KISS MARK / ADULT / MEDIUM-LIGHT SKIN TONE
2009	🧑🏿‍❤️‍💋‍🧑🏽	家庭	肤色变体（右键）	🧑🏿‍❤️‍💋‍🧑🏽	未直接列在现有 Emoji 网格	1f9d1-1f3ff-200d-2764-200d-1f48b-200d-1f9d1-1f3fd.png	是	U+1F9D1 U+1F3FF U+200D U+2764 U+FE0F U+200D U+1F48B U+200D U+1F9D1 U+1F3FD	People & Body	family	fully-qualified	成年人、较深肤色、粗体黑心、亲吻标记、成年人、中等肤色	ADULT / DARK SKIN TONE / HEAVY BLACK HEART / KISS MARK / ADULT / MEDIUM SKIN TONE
2010	🧑🏿‍❤️‍💋‍🧑🏾	家庭	肤色变体（右键）	🧑🏿‍❤️‍💋‍🧑🏾	未直接列在现有 Emoji 网格	1f9d1-1f3ff-200d-2764-200d-1f48b-200d-1f9d1-1f3fe.png	是	U+1F9D1 U+1F3FF U+200D U+2764 U+FE0F U+200D U+1F48B U+200D U+1F9D1 U+1F3FE	People & Body	family	fully-qualified	成年人、较深肤色、粗体黑心、亲吻标记、成年人、中等偏深肤色	ADULT / DARK SKIN TONE / HEAVY BLACK HEART / KISS MARK / ADULT / MEDIUM-DARK SKIN TONE
2011	👩‍❤️‍💋‍👨	家庭	主网格	👩‍❤️‍💋‍👨	Emoji·表情与人物 / 关系与家庭	1f469-200d-2764-200d-1f48b-200d-1f468.png	是	U+1F469 U+200D U+2764 U+FE0F U+200D U+1F48B U+200D U+1F468	People & Body	family	fully-qualified	女性、粗体黑心、亲吻标记、男性	WOMAN / HEAVY BLACK HEART / KISS MARK / MAN
2012	👩🏻‍❤️‍💋‍👨🏻	家庭	肤色变体（右键）	👩🏻‍❤️‍💋‍👨🏻	未直接列在现有 Emoji 网格	1f469-1f3fb-200d-2764-200d-1f48b-200d-1f468-1f3fb.png	是	U+1F469 U+1F3FB U+200D U+2764 U+FE0F U+200D U+1F48B U+200D U+1F468 U+1F3FB	People & Body	family	fully-qualified	女性、较浅肤色、粗体黑心、亲吻标记、男性、较浅肤色	WOMAN / LIGHT SKIN TONE / HEAVY BLACK HEART / KISS MARK / MAN / LIGHT SKIN TONE
2013	👩🏻‍❤️‍💋‍👨🏼	家庭	肤色变体（右键）	👩🏻‍❤️‍💋‍👨🏼	未直接列在现有 Emoji 网格	1f469-1f3fb-200d-2764-200d-1f48b-200d-1f468-1f3fc.png	是	U+1F469 U+1F3FB U+200D U+2764 U+FE0F U+200D U+1F48B U+200D U+1F468 U+1F3FC	People & Body	family	fully-qualified	女性、较浅肤色、粗体黑心、亲吻标记、男性、中等偏浅肤色	WOMAN / LIGHT SKIN TONE / HEAVY BLACK HEART / KISS MARK / MAN / MEDIUM-LIGHT SKIN TONE
2014	👩🏻‍❤️‍💋‍👨🏽	家庭	肤色变体（右键）	👩🏻‍❤️‍💋‍👨🏽	未直接列在现有 Emoji 网格	1f469-1f3fb-200d-2764-200d-1f48b-200d-1f468-1f3fd.png	是	U+1F469 U+1F3FB U+200D U+2764 U+FE0F U+200D U+1F48B U+200D U+1F468 U+1F3FD	People & Body	family	fully-qualified	女性、较浅肤色、粗体黑心、亲吻标记、男性、中等肤色	WOMAN / LIGHT SKIN TONE / HEAVY BLACK HEART / KISS MARK / MAN / MEDIUM SKIN TONE
2015	👩🏻‍❤️‍💋‍👨🏾	家庭	肤色变体（右键）	👩🏻‍❤️‍💋‍👨🏾	未直接列在现有 Emoji 网格	1f469-1f3fb-200d-2764-200d-1f48b-200d-1f468-1f3fe.png	是	U+1F469 U+1F3FB U+200D U+2764 U+FE0F U+200D U+1F48B U+200D U+1F468 U+1F3FE	People & Body	family	fully-qualified	女性、较浅肤色、粗体黑心、亲吻标记、男性、中等偏深肤色	WOMAN / LIGHT SKIN TONE / HEAVY BLACK HEART / KISS MARK / MAN / MEDIUM-DARK SKIN TONE
2016	👩🏻‍❤️‍💋‍👨🏿	家庭	肤色变体（右键）	👩🏻‍❤️‍💋‍👨🏿	未直接列在现有 Emoji 网格	1f469-1f3fb-200d-2764-200d-1f48b-200d-1f468-1f3ff.png	是	U+1F469 U+1F3FB U+200D U+2764 U+FE0F U+200D U+1F48B U+200D U+1F468 U+1F3FF	People & Body	family	fully-qualified	女性、较浅肤色、粗体黑心、亲吻标记、男性、较深肤色	WOMAN / LIGHT SKIN TONE / HEAVY BLACK HEART / KISS MARK / MAN / DARK SKIN TONE
2017	👩🏼‍❤️‍💋‍👨🏻	家庭	肤色变体（右键）	👩🏼‍❤️‍💋‍👨🏻	未直接列在现有 Emoji 网格	1f469-1f3fc-200d-2764-200d-1f48b-200d-1f468-1f3fb.png	是	U+1F469 U+1F3FC U+200D U+2764 U+FE0F U+200D U+1F48B U+200D U+1F468 U+1F3FB	People & Body	family	fully-qualified	女性、中等偏浅肤色、粗体黑心、亲吻标记、男性、较浅肤色	WOMAN / MEDIUM-LIGHT SKIN TONE / HEAVY BLACK HEART / KISS MARK / MAN / LIGHT SKIN TONE
2018	👩🏼‍❤️‍💋‍👨🏼	家庭	肤色变体（右键）	👩🏼‍❤️‍💋‍👨🏼	未直接列在现有 Emoji 网格	1f469-1f3fc-200d-2764-200d-1f48b-200d-1f468-1f3fc.png	是	U+1F469 U+1F3FC U+200D U+2764 U+FE0F U+200D U+1F48B U+200D U+1F468 U+1F3FC	People & Body	family	fully-qualified	女性、中等偏浅肤色、粗体黑心、亲吻标记、男性、中等偏浅肤色	WOMAN / MEDIUM-LIGHT SKIN TONE / HEAVY BLACK HEART / KISS MARK / MAN / MEDIUM-LIGHT SKIN TONE
2019	👩🏼‍❤️‍💋‍👨🏽	家庭	肤色变体（右键）	👩🏼‍❤️‍💋‍👨🏽	未直接列在现有 Emoji 网格	1f469-1f3fc-200d-2764-200d-1f48b-200d-1f468-1f3fd.png	是	U+1F469 U+1F3FC U+200D U+2764 U+FE0F U+200D U+1F48B U+200D U+1F468 U+1F3FD	People & Body	family	fully-qualified	女性、中等偏浅肤色、粗体黑心、亲吻标记、男性、中等肤色	WOMAN / MEDIUM-LIGHT SKIN TONE / HEAVY BLACK HEART / KISS MARK / MAN / MEDIUM SKIN TONE
2020	👩🏼‍❤️‍💋‍👨🏾	家庭	肤色变体（右键）	👩🏼‍❤️‍💋‍👨🏾	未直接列在现有 Emoji 网格	1f469-1f3fc-200d-2764-200d-1f48b-200d-1f468-1f3fe.png	是	U+1F469 U+1F3FC U+200D U+2764 U+FE0F U+200D U+1F48B U+200D U+1F468 U+1F3FE	People & Body	family	fully-qualified	女性、中等偏浅肤色、粗体黑心、亲吻标记、男性、中等偏深肤色	WOMAN / MEDIUM-LIGHT SKIN TONE / HEAVY BLACK HEART / KISS MARK / MAN / MEDIUM-DARK SKIN TONE
2021	👩🏼‍❤️‍💋‍👨🏿	家庭	肤色变体（右键）	👩🏼‍❤️‍💋‍👨🏿	未直接列在现有 Emoji 网格	1f469-1f3fc-200d-2764-200d-1f48b-200d-1f468-1f3ff.png	是	U+1F469 U+1F3FC U+200D U+2764 U+FE0F U+200D U+1F48B U+200D U+1F468 U+1F3FF	People & Body	family	fully-qualified	女性、中等偏浅肤色、粗体黑心、亲吻标记、男性、较深肤色	WOMAN / MEDIUM-LIGHT SKIN TONE / HEAVY BLACK HEART / KISS MARK / MAN / DARK SKIN TONE
2022	👩🏽‍❤️‍💋‍👨🏻	家庭	肤色变体（右键）	👩🏽‍❤️‍💋‍👨🏻	未直接列在现有 Emoji 网格	1f469-1f3fd-200d-2764-200d-1f48b-200d-1f468-1f3fb.png	是	U+1F469 U+1F3FD U+200D U+2764 U+FE0F U+200D U+1F48B U+200D U+1F468 U+1F3FB	People & Body	family	fully-qualified	女性、中等肤色、粗体黑心、亲吻标记、男性、较浅肤色	WOMAN / MEDIUM SKIN TONE / HEAVY BLACK HEART / KISS MARK / MAN / LIGHT SKIN TONE
2023	👩🏽‍❤️‍💋‍👨🏼	家庭	肤色变体（右键）	👩🏽‍❤️‍💋‍👨🏼	未直接列在现有 Emoji 网格	1f469-1f3fd-200d-2764-200d-1f48b-200d-1f468-1f3fc.png	是	U+1F469 U+1F3FD U+200D U+2764 U+FE0F U+200D U+1F48B U+200D U+1F468 U+1F3FC	People & Body	family	fully-qualified	女性、中等肤色、粗体黑心、亲吻标记、男性、中等偏浅肤色	WOMAN / MEDIUM SKIN TONE / HEAVY BLACK HEART / KISS MARK / MAN / MEDIUM-LIGHT SKIN TONE
2024	👩🏽‍❤️‍💋‍👨🏽	家庭	肤色变体（右键）	👩🏽‍❤️‍💋‍👨🏽	未直接列在现有 Emoji 网格	1f469-1f3fd-200d-2764-200d-1f48b-200d-1f468-1f3fd.png	是	U+1F469 U+1F3FD U+200D U+2764 U+FE0F U+200D U+1F48B U+200D U+1F468 U+1F3FD	People & Body	family	fully-qualified	女性、中等肤色、粗体黑心、亲吻标记、男性、中等肤色	WOMAN / MEDIUM SKIN TONE / HEAVY BLACK HEART / KISS MARK / MAN / MEDIUM SKIN TONE
2025	👩🏽‍❤️‍💋‍👨🏾	家庭	肤色变体（右键）	👩🏽‍❤️‍💋‍👨🏾	未直接列在现有 Emoji 网格	1f469-1f3fd-200d-2764-200d-1f48b-200d-1f468-1f3fe.png	是	U+1F469 U+1F3FD U+200D U+2764 U+FE0F U+200D U+1F48B U+200D U+1F468 U+1F3FE	People & Body	family	fully-qualified	女性、中等肤色、粗体黑心、亲吻标记、男性、中等偏深肤色	WOMAN / MEDIUM SKIN TONE / HEAVY BLACK HEART / KISS MARK / MAN / MEDIUM-DARK SKIN TONE
2026	👩🏽‍❤️‍💋‍👨🏿	家庭	肤色变体（右键）	👩🏽‍❤️‍💋‍👨🏿	未直接列在现有 Emoji 网格	1f469-1f3fd-200d-2764-200d-1f48b-200d-1f468-1f3ff.png	是	U+1F469 U+1F3FD U+200D U+2764 U+FE0F U+200D U+1F48B U+200D U+1F468 U+1F3FF	People & Body	family	fully-qualified	女性、中等肤色、粗体黑心、亲吻标记、男性、较深肤色	WOMAN / MEDIUM SKIN TONE / HEAVY BLACK HEART / KISS MARK / MAN / DARK SKIN TONE
2027	👩🏾‍❤️‍💋‍👨🏻	家庭	肤色变体（右键）	👩🏾‍❤️‍💋‍👨🏻	未直接列在现有 Emoji 网格	1f469-1f3fe-200d-2764-200d-1f48b-200d-1f468-1f3fb.png	是	U+1F469 U+1F3FE U+200D U+2764 U+FE0F U+200D U+1F48B U+200D U+1F468 U+1F3FB	People & Body	family	fully-qualified	女性、中等偏深肤色、粗体黑心、亲吻标记、男性、较浅肤色	WOMAN / MEDIUM-DARK SKIN TONE / HEAVY BLACK HEART / KISS MARK / MAN / LIGHT SKIN TONE
2028	👩🏾‍❤️‍💋‍👨🏼	家庭	肤色变体（右键）	👩🏾‍❤️‍💋‍👨🏼	未直接列在现有 Emoji 网格	1f469-1f3fe-200d-2764-200d-1f48b-200d-1f468-1f3fc.png	是	U+1F469 U+1F3FE U+200D U+2764 U+FE0F U+200D U+1F48B U+200D U+1F468 U+1F3FC	People & Body	family	fully-qualified	女性、中等偏深肤色、粗体黑心、亲吻标记、男性、中等偏浅肤色	WOMAN / MEDIUM-DARK SKIN TONE / HEAVY BLACK HEART / KISS MARK / MAN / MEDIUM-LIGHT SKIN TONE
2029	👩🏾‍❤️‍💋‍👨🏽	家庭	肤色变体（右键）	👩🏾‍❤️‍💋‍👨🏽	未直接列在现有 Emoji 网格	1f469-1f3fe-200d-2764-200d-1f48b-200d-1f468-1f3fd.png	是	U+1F469 U+1F3FE U+200D U+2764 U+FE0F U+200D U+1F48B U+200D U+1F468 U+1F3FD	People & Body	family	fully-qualified	女性、中等偏深肤色、粗体黑心、亲吻标记、男性、中等肤色	WOMAN / MEDIUM-DARK SKIN TONE / HEAVY BLACK HEART / KISS MARK / MAN / MEDIUM SKIN TONE
2030	👩🏾‍❤️‍💋‍👨🏾	家庭	肤色变体（右键）	👩🏾‍❤️‍💋‍👨🏾	未直接列在现有 Emoji 网格	1f469-1f3fe-200d-2764-200d-1f48b-200d-1f468-1f3fe.png	是	U+1F469 U+1F3FE U+200D U+2764 U+FE0F U+200D U+1F48B U+200D U+1F468 U+1F3FE	People & Body	family	fully-qualified	女性、中等偏深肤色、粗体黑心、亲吻标记、男性、中等偏深肤色	WOMAN / MEDIUM-DARK SKIN TONE / HEAVY BLACK HEART / KISS MARK / MAN / MEDIUM-DARK SKIN TONE
2031	👩🏾‍❤️‍💋‍👨🏿	家庭	肤色变体（右键）	👩🏾‍❤️‍💋‍👨🏿	未直接列在现有 Emoji 网格	1f469-1f3fe-200d-2764-200d-1f48b-200d-1f468-1f3ff.png	是	U+1F469 U+1F3FE U+200D U+2764 U+FE0F U+200D U+1F48B U+200D U+1F468 U+1F3FF	People & Body	family	fully-qualified	女性、中等偏深肤色、粗体黑心、亲吻标记、男性、较深肤色	WOMAN / MEDIUM-DARK SKIN TONE / HEAVY BLACK HEART / KISS MARK / MAN / DARK SKIN TONE
2032	👩🏿‍❤️‍💋‍👨🏻	家庭	肤色变体（右键）	👩🏿‍❤️‍💋‍👨🏻	未直接列在现有 Emoji 网格	1f469-1f3ff-200d-2764-200d-1f48b-200d-1f468-1f3fb.png	是	U+1F469 U+1F3FF U+200D U+2764 U+FE0F U+200D U+1F48B U+200D U+1F468 U+1F3FB	People & Body	family	fully-qualified	女性、较深肤色、粗体黑心、亲吻标记、男性、较浅肤色	WOMAN / DARK SKIN TONE / HEAVY BLACK HEART / KISS MARK / MAN / LIGHT SKIN TONE
2033	👩🏿‍❤️‍💋‍👨🏼	家庭	肤色变体（右键）	👩🏿‍❤️‍💋‍👨🏼	未直接列在现有 Emoji 网格	1f469-1f3ff-200d-2764-200d-1f48b-200d-1f468-1f3fc.png	是	U+1F469 U+1F3FF U+200D U+2764 U+FE0F U+200D U+1F48B U+200D U+1F468 U+1F3FC	People & Body	family	fully-qualified	女性、较深肤色、粗体黑心、亲吻标记、男性、中等偏浅肤色	WOMAN / DARK SKIN TONE / HEAVY BLACK HEART / KISS MARK / MAN / MEDIUM-LIGHT SKIN TONE
2034	👩🏿‍❤️‍💋‍👨🏽	家庭	肤色变体（右键）	👩🏿‍❤️‍💋‍👨🏽	未直接列在现有 Emoji 网格	1f469-1f3ff-200d-2764-200d-1f48b-200d-1f468-1f3fd.png	是	U+1F469 U+1F3FF U+200D U+2764 U+FE0F U+200D U+1F48B U+200D U+1F468 U+1F3FD	People & Body	family	fully-qualified	女性、较深肤色、粗体黑心、亲吻标记、男性、中等肤色	WOMAN / DARK SKIN TONE / HEAVY BLACK HEART / KISS MARK / MAN / MEDIUM SKIN TONE
2035	👩🏿‍❤️‍💋‍👨🏾	家庭	肤色变体（右键）	👩🏿‍❤️‍💋‍👨🏾	未直接列在现有 Emoji 网格	1f469-1f3ff-200d-2764-200d-1f48b-200d-1f468-1f3fe.png	是	U+1F469 U+1F3FF U+200D U+2764 U+FE0F U+200D U+1F48B U+200D U+1F468 U+1F3FE	People & Body	family	fully-qualified	女性、较深肤色、粗体黑心、亲吻标记、男性、中等偏深肤色	WOMAN / DARK SKIN TONE / HEAVY BLACK HEART / KISS MARK / MAN / MEDIUM-DARK SKIN TONE
2036	👩🏿‍❤️‍💋‍👨🏿	家庭	肤色变体（右键）	👩🏿‍❤️‍💋‍👨🏿	未直接列在现有 Emoji 网格	1f469-1f3ff-200d-2764-200d-1f48b-200d-1f468-1f3ff.png	是	U+1F469 U+1F3FF U+200D U+2764 U+FE0F U+200D U+1F48B U+200D U+1F468 U+1F3FF	People & Body	family	fully-qualified	女性、较深肤色、粗体黑心、亲吻标记、男性、较深肤色	WOMAN / DARK SKIN TONE / HEAVY BLACK HEART / KISS MARK / MAN / DARK SKIN TONE
2037	👨‍❤️‍💋‍👨	家庭	主网格	👨‍❤️‍💋‍👨	Emoji·表情与人物 / 关系与家庭	1f468-200d-2764-200d-1f48b-200d-1f468.png	是	U+1F468 U+200D U+2764 U+FE0F U+200D U+1F48B U+200D U+1F468	People & Body	family	fully-qualified	男性、粗体黑心、亲吻标记、男性	MAN / HEAVY BLACK HEART / KISS MARK / MAN
2038	👨🏻‍❤️‍💋‍👨🏻	家庭	肤色变体（右键）	👨🏻‍❤️‍💋‍👨🏻	未直接列在现有 Emoji 网格	1f468-1f3fb-200d-2764-200d-1f48b-200d-1f468-1f3fb.png	是	U+1F468 U+1F3FB U+200D U+2764 U+FE0F U+200D U+1F48B U+200D U+1F468 U+1F3FB	People & Body	family	fully-qualified	男性、较浅肤色、粗体黑心、亲吻标记、男性、较浅肤色	MAN / LIGHT SKIN TONE / HEAVY BLACK HEART / KISS MARK / MAN / LIGHT SKIN TONE
2039	👨🏻‍❤️‍💋‍👨🏼	家庭	肤色变体（右键）	👨🏻‍❤️‍💋‍👨🏼	未直接列在现有 Emoji 网格	1f468-1f3fb-200d-2764-200d-1f48b-200d-1f468-1f3fc.png	是	U+1F468 U+1F3FB U+200D U+2764 U+FE0F U+200D U+1F48B U+200D U+1F468 U+1F3FC	People & Body	family	fully-qualified	男性、较浅肤色、粗体黑心、亲吻标记、男性、中等偏浅肤色	MAN / LIGHT SKIN TONE / HEAVY BLACK HEART / KISS MARK / MAN / MEDIUM-LIGHT SKIN TONE
2040	👨🏻‍❤️‍💋‍👨🏽	家庭	肤色变体（右键）	👨🏻‍❤️‍💋‍👨🏽	未直接列在现有 Emoji 网格	1f468-1f3fb-200d-2764-200d-1f48b-200d-1f468-1f3fd.png	是	U+1F468 U+1F3FB U+200D U+2764 U+FE0F U+200D U+1F48B U+200D U+1F468 U+1F3FD	People & Body	family	fully-qualified	男性、较浅肤色、粗体黑心、亲吻标记、男性、中等肤色	MAN / LIGHT SKIN TONE / HEAVY BLACK HEART / KISS MARK / MAN / MEDIUM SKIN TONE
2041	👨🏻‍❤️‍💋‍👨🏾	家庭	肤色变体（右键）	👨🏻‍❤️‍💋‍👨🏾	未直接列在现有 Emoji 网格	1f468-1f3fb-200d-2764-200d-1f48b-200d-1f468-1f3fe.png	是	U+1F468 U+1F3FB U+200D U+2764 U+FE0F U+200D U+1F48B U+200D U+1F468 U+1F3FE	People & Body	family	fully-qualified	男性、较浅肤色、粗体黑心、亲吻标记、男性、中等偏深肤色	MAN / LIGHT SKIN TONE / HEAVY BLACK HEART / KISS MARK / MAN / MEDIUM-DARK SKIN TONE
2042	👨🏻‍❤️‍💋‍👨🏿	家庭	肤色变体（右键）	👨🏻‍❤️‍💋‍👨🏿	未直接列在现有 Emoji 网格	1f468-1f3fb-200d-2764-200d-1f48b-200d-1f468-1f3ff.png	是	U+1F468 U+1F3FB U+200D U+2764 U+FE0F U+200D U+1F48B U+200D U+1F468 U+1F3FF	People & Body	family	fully-qualified	男性、较浅肤色、粗体黑心、亲吻标记、男性、较深肤色	MAN / LIGHT SKIN TONE / HEAVY BLACK HEART / KISS MARK / MAN / DARK SKIN TONE
2043	👨🏼‍❤️‍💋‍👨🏻	家庭	肤色变体（右键）	👨🏼‍❤️‍💋‍👨🏻	未直接列在现有 Emoji 网格	1f468-1f3fc-200d-2764-200d-1f48b-200d-1f468-1f3fb.png	是	U+1F468 U+1F3FC U+200D U+2764 U+FE0F U+200D U+1F48B U+200D U+1F468 U+1F3FB	People & Body	family	fully-qualified	男性、中等偏浅肤色、粗体黑心、亲吻标记、男性、较浅肤色	MAN / MEDIUM-LIGHT SKIN TONE / HEAVY BLACK HEART / KISS MARK / MAN / LIGHT SKIN TONE
2044	👨🏼‍❤️‍💋‍👨🏼	家庭	肤色变体（右键）	👨🏼‍❤️‍💋‍👨🏼	未直接列在现有 Emoji 网格	1f468-1f3fc-200d-2764-200d-1f48b-200d-1f468-1f3fc.png	是	U+1F468 U+1F3FC U+200D U+2764 U+FE0F U+200D U+1F48B U+200D U+1F468 U+1F3FC	People & Body	family	fully-qualified	男性、中等偏浅肤色、粗体黑心、亲吻标记、男性、中等偏浅肤色	MAN / MEDIUM-LIGHT SKIN TONE / HEAVY BLACK HEART / KISS MARK / MAN / MEDIUM-LIGHT SKIN TONE
2045	👨🏼‍❤️‍💋‍👨🏽	家庭	肤色变体（右键）	👨🏼‍❤️‍💋‍👨🏽	未直接列在现有 Emoji 网格	1f468-1f3fc-200d-2764-200d-1f48b-200d-1f468-1f3fd.png	是	U+1F468 U+1F3FC U+200D U+2764 U+FE0F U+200D U+1F48B U+200D U+1F468 U+1F3FD	People & Body	family	fully-qualified	男性、中等偏浅肤色、粗体黑心、亲吻标记、男性、中等肤色	MAN / MEDIUM-LIGHT SKIN TONE / HEAVY BLACK HEART / KISS MARK / MAN / MEDIUM SKIN TONE
2046	👨🏼‍❤️‍💋‍👨🏾	家庭	肤色变体（右键）	👨🏼‍❤️‍💋‍👨🏾	未直接列在现有 Emoji 网格	1f468-1f3fc-200d-2764-200d-1f48b-200d-1f468-1f3fe.png	是	U+1F468 U+1F3FC U+200D U+2764 U+FE0F U+200D U+1F48B U+200D U+1F468 U+1F3FE	People & Body	family	fully-qualified	男性、中等偏浅肤色、粗体黑心、亲吻标记、男性、中等偏深肤色	MAN / MEDIUM-LIGHT SKIN TONE / HEAVY BLACK HEART / KISS MARK / MAN / MEDIUM-DARK SKIN TONE
2047	👨🏼‍❤️‍💋‍👨🏿	家庭	肤色变体（右键）	👨🏼‍❤️‍💋‍👨🏿	未直接列在现有 Emoji 网格	1f468-1f3fc-200d-2764-200d-1f48b-200d-1f468-1f3ff.png	是	U+1F468 U+1F3FC U+200D U+2764 U+FE0F U+200D U+1F48B U+200D U+1F468 U+1F3FF	People & Body	family	fully-qualified	男性、中等偏浅肤色、粗体黑心、亲吻标记、男性、较深肤色	MAN / MEDIUM-LIGHT SKIN TONE / HEAVY BLACK HEART / KISS MARK / MAN / DARK SKIN TONE
2048	👨🏽‍❤️‍💋‍👨🏻	家庭	肤色变体（右键）	👨🏽‍❤️‍💋‍👨🏻	未直接列在现有 Emoji 网格	1f468-1f3fd-200d-2764-200d-1f48b-200d-1f468-1f3fb.png	是	U+1F468 U+1F3FD U+200D U+2764 U+FE0F U+200D U+1F48B U+200D U+1F468 U+1F3FB	People & Body	family	fully-qualified	男性、中等肤色、粗体黑心、亲吻标记、男性、较浅肤色	MAN / MEDIUM SKIN TONE / HEAVY BLACK HEART / KISS MARK / MAN / LIGHT SKIN TONE
2049	👨🏽‍❤️‍💋‍👨🏼	家庭	肤色变体（右键）	👨🏽‍❤️‍💋‍👨🏼	未直接列在现有 Emoji 网格	1f468-1f3fd-200d-2764-200d-1f48b-200d-1f468-1f3fc.png	是	U+1F468 U+1F3FD U+200D U+2764 U+FE0F U+200D U+1F48B U+200D U+1F468 U+1F3FC	People & Body	family	fully-qualified	男性、中等肤色、粗体黑心、亲吻标记、男性、中等偏浅肤色	MAN / MEDIUM SKIN TONE / HEAVY BLACK HEART / KISS MARK / MAN / MEDIUM-LIGHT SKIN TONE
2050	👨🏽‍❤️‍💋‍👨🏽	家庭	肤色变体（右键）	👨🏽‍❤️‍💋‍👨🏽	未直接列在现有 Emoji 网格	1f468-1f3fd-200d-2764-200d-1f48b-200d-1f468-1f3fd.png	是	U+1F468 U+1F3FD U+200D U+2764 U+FE0F U+200D U+1F48B U+200D U+1F468 U+1F3FD	People & Body	family	fully-qualified	男性、中等肤色、粗体黑心、亲吻标记、男性、中等肤色	MAN / MEDIUM SKIN TONE / HEAVY BLACK HEART / KISS MARK / MAN / MEDIUM SKIN TONE
2051	👨🏽‍❤️‍💋‍👨🏾	家庭	肤色变体（右键）	👨🏽‍❤️‍💋‍👨🏾	未直接列在现有 Emoji 网格	1f468-1f3fd-200d-2764-200d-1f48b-200d-1f468-1f3fe.png	是	U+1F468 U+1F3FD U+200D U+2764 U+FE0F U+200D U+1F48B U+200D U+1F468 U+1F3FE	People & Body	family	fully-qualified	男性、中等肤色、粗体黑心、亲吻标记、男性、中等偏深肤色	MAN / MEDIUM SKIN TONE / HEAVY BLACK HEART / KISS MARK / MAN / MEDIUM-DARK SKIN TONE
2052	👨🏽‍❤️‍💋‍👨🏿	家庭	肤色变体（右键）	👨🏽‍❤️‍💋‍👨🏿	未直接列在现有 Emoji 网格	1f468-1f3fd-200d-2764-200d-1f48b-200d-1f468-1f3ff.png	是	U+1F468 U+1F3FD U+200D U+2764 U+FE0F U+200D U+1F48B U+200D U+1F468 U+1F3FF	People & Body	family	fully-qualified	男性、中等肤色、粗体黑心、亲吻标记、男性、较深肤色	MAN / MEDIUM SKIN TONE / HEAVY BLACK HEART / KISS MARK / MAN / DARK SKIN TONE
2053	👨🏾‍❤️‍💋‍👨🏻	家庭	肤色变体（右键）	👨🏾‍❤️‍💋‍👨🏻	未直接列在现有 Emoji 网格	1f468-1f3fe-200d-2764-200d-1f48b-200d-1f468-1f3fb.png	是	U+1F468 U+1F3FE U+200D U+2764 U+FE0F U+200D U+1F48B U+200D U+1F468 U+1F3FB	People & Body	family	fully-qualified	男性、中等偏深肤色、粗体黑心、亲吻标记、男性、较浅肤色	MAN / MEDIUM-DARK SKIN TONE / HEAVY BLACK HEART / KISS MARK / MAN / LIGHT SKIN TONE
2054	👨🏾‍❤️‍💋‍👨🏼	家庭	肤色变体（右键）	👨🏾‍❤️‍💋‍👨🏼	未直接列在现有 Emoji 网格	1f468-1f3fe-200d-2764-200d-1f48b-200d-1f468-1f3fc.png	是	U+1F468 U+1F3FE U+200D U+2764 U+FE0F U+200D U+1F48B U+200D U+1F468 U+1F3FC	People & Body	family	fully-qualified	男性、中等偏深肤色、粗体黑心、亲吻标记、男性、中等偏浅肤色	MAN / MEDIUM-DARK SKIN TONE / HEAVY BLACK HEART / KISS MARK / MAN / MEDIUM-LIGHT SKIN TONE
2055	👨🏾‍❤️‍💋‍👨🏽	家庭	肤色变体（右键）	👨🏾‍❤️‍💋‍👨🏽	未直接列在现有 Emoji 网格	1f468-1f3fe-200d-2764-200d-1f48b-200d-1f468-1f3fd.png	是	U+1F468 U+1F3FE U+200D U+2764 U+FE0F U+200D U+1F48B U+200D U+1F468 U+1F3FD	People & Body	family	fully-qualified	男性、中等偏深肤色、粗体黑心、亲吻标记、男性、中等肤色	MAN / MEDIUM-DARK SKIN TONE / HEAVY BLACK HEART / KISS MARK / MAN / MEDIUM SKIN TONE
2056	👨🏾‍❤️‍💋‍👨🏾	家庭	肤色变体（右键）	👨🏾‍❤️‍💋‍👨🏾	未直接列在现有 Emoji 网格	1f468-1f3fe-200d-2764-200d-1f48b-200d-1f468-1f3fe.png	是	U+1F468 U+1F3FE U+200D U+2764 U+FE0F U+200D U+1F48B U+200D U+1F468 U+1F3FE	People & Body	family	fully-qualified	男性、中等偏深肤色、粗体黑心、亲吻标记、男性、中等偏深肤色	MAN / MEDIUM-DARK SKIN TONE / HEAVY BLACK HEART / KISS MARK / MAN / MEDIUM-DARK SKIN TONE
2057	👨🏾‍❤️‍💋‍👨🏿	家庭	肤色变体（右键）	👨🏾‍❤️‍💋‍👨🏿	未直接列在现有 Emoji 网格	1f468-1f3fe-200d-2764-200d-1f48b-200d-1f468-1f3ff.png	是	U+1F468 U+1F3FE U+200D U+2764 U+FE0F U+200D U+1F48B U+200D U+1F468 U+1F3FF	People & Body	family	fully-qualified	男性、中等偏深肤色、粗体黑心、亲吻标记、男性、较深肤色	MAN / MEDIUM-DARK SKIN TONE / HEAVY BLACK HEART / KISS MARK / MAN / DARK SKIN TONE
2058	👨🏿‍❤️‍💋‍👨🏻	家庭	肤色变体（右键）	👨🏿‍❤️‍💋‍👨🏻	未直接列在现有 Emoji 网格	1f468-1f3ff-200d-2764-200d-1f48b-200d-1f468-1f3fb.png	是	U+1F468 U+1F3FF U+200D U+2764 U+FE0F U+200D U+1F48B U+200D U+1F468 U+1F3FB	People & Body	family	fully-qualified	男性、较深肤色、粗体黑心、亲吻标记、男性、较浅肤色	MAN / DARK SKIN TONE / HEAVY BLACK HEART / KISS MARK / MAN / LIGHT SKIN TONE
2059	👨🏿‍❤️‍💋‍👨🏼	家庭	肤色变体（右键）	👨🏿‍❤️‍💋‍👨🏼	未直接列在现有 Emoji 网格	1f468-1f3ff-200d-2764-200d-1f48b-200d-1f468-1f3fc.png	是	U+1F468 U+1F3FF U+200D U+2764 U+FE0F U+200D U+1F48B U+200D U+1F468 U+1F3FC	People & Body	family	fully-qualified	男性、较深肤色、粗体黑心、亲吻标记、男性、中等偏浅肤色	MAN / DARK SKIN TONE / HEAVY BLACK HEART / KISS MARK / MAN / MEDIUM-LIGHT SKIN TONE
2060	👨🏿‍❤️‍💋‍👨🏽	家庭	肤色变体（右键）	👨🏿‍❤️‍💋‍👨🏽	未直接列在现有 Emoji 网格	1f468-1f3ff-200d-2764-200d-1f48b-200d-1f468-1f3fd.png	是	U+1F468 U+1F3FF U+200D U+2764 U+FE0F U+200D U+1F48B U+200D U+1F468 U+1F3FD	People & Body	family	fully-qualified	男性、较深肤色、粗体黑心、亲吻标记、男性、中等肤色	MAN / DARK SKIN TONE / HEAVY BLACK HEART / KISS MARK / MAN / MEDIUM SKIN TONE
2061	👨🏿‍❤️‍💋‍👨🏾	家庭	肤色变体（右键）	👨🏿‍❤️‍💋‍👨🏾	未直接列在现有 Emoji 网格	1f468-1f3ff-200d-2764-200d-1f48b-200d-1f468-1f3fe.png	是	U+1F468 U+1F3FF U+200D U+2764 U+FE0F U+200D U+1F48B U+200D U+1F468 U+1F3FE	People & Body	family	fully-qualified	男性、较深肤色、粗体黑心、亲吻标记、男性、中等偏深肤色	MAN / DARK SKIN TONE / HEAVY BLACK HEART / KISS MARK / MAN / MEDIUM-DARK SKIN TONE
2062	👨🏿‍❤️‍💋‍👨🏿	家庭	肤色变体（右键）	👨🏿‍❤️‍💋‍👨🏿	未直接列在现有 Emoji 网格	1f468-1f3ff-200d-2764-200d-1f48b-200d-1f468-1f3ff.png	是	U+1F468 U+1F3FF U+200D U+2764 U+FE0F U+200D U+1F48B U+200D U+1F468 U+1F3FF	People & Body	family	fully-qualified	男性、较深肤色、粗体黑心、亲吻标记、男性、较深肤色	MAN / DARK SKIN TONE / HEAVY BLACK HEART / KISS MARK / MAN / DARK SKIN TONE
2063	👩‍❤️‍💋‍👩	家庭	主网格	👩‍❤️‍💋‍👩	Emoji·表情与人物 / 关系与家庭	1f469-200d-2764-200d-1f48b-200d-1f469.png	是	U+1F469 U+200D U+2764 U+FE0F U+200D U+1F48B U+200D U+1F469	People & Body	family	fully-qualified	女性、粗体黑心、亲吻标记、女性	WOMAN / HEAVY BLACK HEART / KISS MARK / WOMAN
2064	👩🏻‍❤️‍💋‍👩🏻	家庭	肤色变体（右键）	👩🏻‍❤️‍💋‍👩🏻	未直接列在现有 Emoji 网格	1f469-1f3fb-200d-2764-200d-1f48b-200d-1f469-1f3fb.png	是	U+1F469 U+1F3FB U+200D U+2764 U+FE0F U+200D U+1F48B U+200D U+1F469 U+1F3FB	People & Body	family	fully-qualified	女性、较浅肤色、粗体黑心、亲吻标记、女性、较浅肤色	WOMAN / LIGHT SKIN TONE / HEAVY BLACK HEART / KISS MARK / WOMAN / LIGHT SKIN TONE
2065	👩🏻‍❤️‍💋‍👩🏼	家庭	肤色变体（右键）	👩🏻‍❤️‍💋‍👩🏼	未直接列在现有 Emoji 网格	1f469-1f3fb-200d-2764-200d-1f48b-200d-1f469-1f3fc.png	是	U+1F469 U+1F3FB U+200D U+2764 U+FE0F U+200D U+1F48B U+200D U+1F469 U+1F3FC	People & Body	family	fully-qualified	女性、较浅肤色、粗体黑心、亲吻标记、女性、中等偏浅肤色	WOMAN / LIGHT SKIN TONE / HEAVY BLACK HEART / KISS MARK / WOMAN / MEDIUM-LIGHT SKIN TONE
2066	👩🏻‍❤️‍💋‍👩🏽	家庭	肤色变体（右键）	👩🏻‍❤️‍💋‍👩🏽	未直接列在现有 Emoji 网格	1f469-1f3fb-200d-2764-200d-1f48b-200d-1f469-1f3fd.png	是	U+1F469 U+1F3FB U+200D U+2764 U+FE0F U+200D U+1F48B U+200D U+1F469 U+1F3FD	People & Body	family	fully-qualified	女性、较浅肤色、粗体黑心、亲吻标记、女性、中等肤色	WOMAN / LIGHT SKIN TONE / HEAVY BLACK HEART / KISS MARK / WOMAN / MEDIUM SKIN TONE
2067	👩🏻‍❤️‍💋‍👩🏾	家庭	肤色变体（右键）	👩🏻‍❤️‍💋‍👩🏾	未直接列在现有 Emoji 网格	1f469-1f3fb-200d-2764-200d-1f48b-200d-1f469-1f3fe.png	是	U+1F469 U+1F3FB U+200D U+2764 U+FE0F U+200D U+1F48B U+200D U+1F469 U+1F3FE	People & Body	family	fully-qualified	女性、较浅肤色、粗体黑心、亲吻标记、女性、中等偏深肤色	WOMAN / LIGHT SKIN TONE / HEAVY BLACK HEART / KISS MARK / WOMAN / MEDIUM-DARK SKIN TONE
2068	👩🏻‍❤️‍💋‍👩🏿	家庭	肤色变体（右键）	👩🏻‍❤️‍💋‍👩🏿	未直接列在现有 Emoji 网格	1f469-1f3fb-200d-2764-200d-1f48b-200d-1f469-1f3ff.png	是	U+1F469 U+1F3FB U+200D U+2764 U+FE0F U+200D U+1F48B U+200D U+1F469 U+1F3FF	People & Body	family	fully-qualified	女性、较浅肤色、粗体黑心、亲吻标记、女性、较深肤色	WOMAN / LIGHT SKIN TONE / HEAVY BLACK HEART / KISS MARK / WOMAN / DARK SKIN TONE
2069	👩🏼‍❤️‍💋‍👩🏻	家庭	肤色变体（右键）	👩🏼‍❤️‍💋‍👩🏻	未直接列在现有 Emoji 网格	1f469-1f3fc-200d-2764-200d-1f48b-200d-1f469-1f3fb.png	是	U+1F469 U+1F3FC U+200D U+2764 U+FE0F U+200D U+1F48B U+200D U+1F469 U+1F3FB	People & Body	family	fully-qualified	女性、中等偏浅肤色、粗体黑心、亲吻标记、女性、较浅肤色	WOMAN / MEDIUM-LIGHT SKIN TONE / HEAVY BLACK HEART / KISS MARK / WOMAN / LIGHT SKIN TONE
2070	👩🏼‍❤️‍💋‍👩🏼	家庭	肤色变体（右键）	👩🏼‍❤️‍💋‍👩🏼	未直接列在现有 Emoji 网格	1f469-1f3fc-200d-2764-200d-1f48b-200d-1f469-1f3fc.png	是	U+1F469 U+1F3FC U+200D U+2764 U+FE0F U+200D U+1F48B U+200D U+1F469 U+1F3FC	People & Body	family	fully-qualified	女性、中等偏浅肤色、粗体黑心、亲吻标记、女性、中等偏浅肤色	WOMAN / MEDIUM-LIGHT SKIN TONE / HEAVY BLACK HEART / KISS MARK / WOMAN / MEDIUM-LIGHT SKIN TONE
2071	👩🏼‍❤️‍💋‍👩🏽	家庭	肤色变体（右键）	👩🏼‍❤️‍💋‍👩🏽	未直接列在现有 Emoji 网格	1f469-1f3fc-200d-2764-200d-1f48b-200d-1f469-1f3fd.png	是	U+1F469 U+1F3FC U+200D U+2764 U+FE0F U+200D U+1F48B U+200D U+1F469 U+1F3FD	People & Body	family	fully-qualified	女性、中等偏浅肤色、粗体黑心、亲吻标记、女性、中等肤色	WOMAN / MEDIUM-LIGHT SKIN TONE / HEAVY BLACK HEART / KISS MARK / WOMAN / MEDIUM SKIN TONE
2072	👩🏼‍❤️‍💋‍👩🏾	家庭	肤色变体（右键）	👩🏼‍❤️‍💋‍👩🏾	未直接列在现有 Emoji 网格	1f469-1f3fc-200d-2764-200d-1f48b-200d-1f469-1f3fe.png	是	U+1F469 U+1F3FC U+200D U+2764 U+FE0F U+200D U+1F48B U+200D U+1F469 U+1F3FE	People & Body	family	fully-qualified	女性、中等偏浅肤色、粗体黑心、亲吻标记、女性、中等偏深肤色	WOMAN / MEDIUM-LIGHT SKIN TONE / HEAVY BLACK HEART / KISS MARK / WOMAN / MEDIUM-DARK SKIN TONE
2073	👩🏼‍❤️‍💋‍👩🏿	家庭	肤色变体（右键）	👩🏼‍❤️‍💋‍👩🏿	未直接列在现有 Emoji 网格	1f469-1f3fc-200d-2764-200d-1f48b-200d-1f469-1f3ff.png	是	U+1F469 U+1F3FC U+200D U+2764 U+FE0F U+200D U+1F48B U+200D U+1F469 U+1F3FF	People & Body	family	fully-qualified	女性、中等偏浅肤色、粗体黑心、亲吻标记、女性、较深肤色	WOMAN / MEDIUM-LIGHT SKIN TONE / HEAVY BLACK HEART / KISS MARK / WOMAN / DARK SKIN TONE
2074	👩🏽‍❤️‍💋‍👩🏻	家庭	肤色变体（右键）	👩🏽‍❤️‍💋‍👩🏻	未直接列在现有 Emoji 网格	1f469-1f3fd-200d-2764-200d-1f48b-200d-1f469-1f3fb.png	是	U+1F469 U+1F3FD U+200D U+2764 U+FE0F U+200D U+1F48B U+200D U+1F469 U+1F3FB	People & Body	family	fully-qualified	女性、中等肤色、粗体黑心、亲吻标记、女性、较浅肤色	WOMAN / MEDIUM SKIN TONE / HEAVY BLACK HEART / KISS MARK / WOMAN / LIGHT SKIN TONE
2075	👩🏽‍❤️‍💋‍👩🏼	家庭	肤色变体（右键）	👩🏽‍❤️‍💋‍👩🏼	未直接列在现有 Emoji 网格	1f469-1f3fd-200d-2764-200d-1f48b-200d-1f469-1f3fc.png	是	U+1F469 U+1F3FD U+200D U+2764 U+FE0F U+200D U+1F48B U+200D U+1F469 U+1F3FC	People & Body	family	fully-qualified	女性、中等肤色、粗体黑心、亲吻标记、女性、中等偏浅肤色	WOMAN / MEDIUM SKIN TONE / HEAVY BLACK HEART / KISS MARK / WOMAN / MEDIUM-LIGHT SKIN TONE
2076	👩🏽‍❤️‍💋‍👩🏽	家庭	肤色变体（右键）	👩🏽‍❤️‍💋‍👩🏽	未直接列在现有 Emoji 网格	1f469-1f3fd-200d-2764-200d-1f48b-200d-1f469-1f3fd.png	是	U+1F469 U+1F3FD U+200D U+2764 U+FE0F U+200D U+1F48B U+200D U+1F469 U+1F3FD	People & Body	family	fully-qualified	女性、中等肤色、粗体黑心、亲吻标记、女性、中等肤色	WOMAN / MEDIUM SKIN TONE / HEAVY BLACK HEART / KISS MARK / WOMAN / MEDIUM SKIN TONE
2077	👩🏽‍❤️‍💋‍👩🏾	家庭	肤色变体（右键）	👩🏽‍❤️‍💋‍👩🏾	未直接列在现有 Emoji 网格	1f469-1f3fd-200d-2764-200d-1f48b-200d-1f469-1f3fe.png	是	U+1F469 U+1F3FD U+200D U+2764 U+FE0F U+200D U+1F48B U+200D U+1F469 U+1F3FE	People & Body	family	fully-qualified	女性、中等肤色、粗体黑心、亲吻标记、女性、中等偏深肤色	WOMAN / MEDIUM SKIN TONE / HEAVY BLACK HEART / KISS MARK / WOMAN / MEDIUM-DARK SKIN TONE
2078	👩🏽‍❤️‍💋‍👩🏿	家庭	肤色变体（右键）	👩🏽‍❤️‍💋‍👩🏿	未直接列在现有 Emoji 网格	1f469-1f3fd-200d-2764-200d-1f48b-200d-1f469-1f3ff.png	是	U+1F469 U+1F3FD U+200D U+2764 U+FE0F U+200D U+1F48B U+200D U+1F469 U+1F3FF	People & Body	family	fully-qualified	女性、中等肤色、粗体黑心、亲吻标记、女性、较深肤色	WOMAN / MEDIUM SKIN TONE / HEAVY BLACK HEART / KISS MARK / WOMAN / DARK SKIN TONE
2079	👩🏾‍❤️‍💋‍👩🏻	家庭	肤色变体（右键）	👩🏾‍❤️‍💋‍👩🏻	未直接列在现有 Emoji 网格	1f469-1f3fe-200d-2764-200d-1f48b-200d-1f469-1f3fb.png	是	U+1F469 U+1F3FE U+200D U+2764 U+FE0F U+200D U+1F48B U+200D U+1F469 U+1F3FB	People & Body	family	fully-qualified	女性、中等偏深肤色、粗体黑心、亲吻标记、女性、较浅肤色	WOMAN / MEDIUM-DARK SKIN TONE / HEAVY BLACK HEART / KISS MARK / WOMAN / LIGHT SKIN TONE
2080	👩🏾‍❤️‍💋‍👩🏼	家庭	肤色变体（右键）	👩🏾‍❤️‍💋‍👩🏼	未直接列在现有 Emoji 网格	1f469-1f3fe-200d-2764-200d-1f48b-200d-1f469-1f3fc.png	是	U+1F469 U+1F3FE U+200D U+2764 U+FE0F U+200D U+1F48B U+200D U+1F469 U+1F3FC	People & Body	family	fully-qualified	女性、中等偏深肤色、粗体黑心、亲吻标记、女性、中等偏浅肤色	WOMAN / MEDIUM-DARK SKIN TONE / HEAVY BLACK HEART / KISS MARK / WOMAN / MEDIUM-LIGHT SKIN TONE
2081	👩🏾‍❤️‍💋‍👩🏽	家庭	肤色变体（右键）	👩🏾‍❤️‍💋‍👩🏽	未直接列在现有 Emoji 网格	1f469-1f3fe-200d-2764-200d-1f48b-200d-1f469-1f3fd.png	是	U+1F469 U+1F3FE U+200D U+2764 U+FE0F U+200D U+1F48B U+200D U+1F469 U+1F3FD	People & Body	family	fully-qualified	女性、中等偏深肤色、粗体黑心、亲吻标记、女性、中等肤色	WOMAN / MEDIUM-DARK SKIN TONE / HEAVY BLACK HEART / KISS MARK / WOMAN / MEDIUM SKIN TONE
2082	👩🏾‍❤️‍💋‍👩🏾	家庭	肤色变体（右键）	👩🏾‍❤️‍💋‍👩🏾	未直接列在现有 Emoji 网格	1f469-1f3fe-200d-2764-200d-1f48b-200d-1f469-1f3fe.png	是	U+1F469 U+1F3FE U+200D U+2764 U+FE0F U+200D U+1F48B U+200D U+1F469 U+1F3FE	People & Body	family	fully-qualified	女性、中等偏深肤色、粗体黑心、亲吻标记、女性、中等偏深肤色	WOMAN / MEDIUM-DARK SKIN TONE / HEAVY BLACK HEART / KISS MARK / WOMAN / MEDIUM-DARK SKIN TONE
2083	👩🏾‍❤️‍💋‍👩🏿	家庭	肤色变体（右键）	👩🏾‍❤️‍💋‍👩🏿	未直接列在现有 Emoji 网格	1f469-1f3fe-200d-2764-200d-1f48b-200d-1f469-1f3ff.png	是	U+1F469 U+1F3FE U+200D U+2764 U+FE0F U+200D U+1F48B U+200D U+1F469 U+1F3FF	People & Body	family	fully-qualified	女性、中等偏深肤色、粗体黑心、亲吻标记、女性、较深肤色	WOMAN / MEDIUM-DARK SKIN TONE / HEAVY BLACK HEART / KISS MARK / WOMAN / DARK SKIN TONE
2084	👩🏿‍❤️‍💋‍👩🏻	家庭	肤色变体（右键）	👩🏿‍❤️‍💋‍👩🏻	未直接列在现有 Emoji 网格	1f469-1f3ff-200d-2764-200d-1f48b-200d-1f469-1f3fb.png	是	U+1F469 U+1F3FF U+200D U+2764 U+FE0F U+200D U+1F48B U+200D U+1F469 U+1F3FB	People & Body	family	fully-qualified	女性、较深肤色、粗体黑心、亲吻标记、女性、较浅肤色	WOMAN / DARK SKIN TONE / HEAVY BLACK HEART / KISS MARK / WOMAN / LIGHT SKIN TONE
2085	👩🏿‍❤️‍💋‍👩🏼	家庭	肤色变体（右键）	👩🏿‍❤️‍💋‍👩🏼	未直接列在现有 Emoji 网格	1f469-1f3ff-200d-2764-200d-1f48b-200d-1f469-1f3fc.png	是	U+1F469 U+1F3FF U+200D U+2764 U+FE0F U+200D U+1F48B U+200D U+1F469 U+1F3FC	People & Body	family	fully-qualified	女性、较深肤色、粗体黑心、亲吻标记、女性、中等偏浅肤色	WOMAN / DARK SKIN TONE / HEAVY BLACK HEART / KISS MARK / WOMAN / MEDIUM-LIGHT SKIN TONE
2086	👩🏿‍❤️‍💋‍👩🏽	家庭	肤色变体（右键）	👩🏿‍❤️‍💋‍👩🏽	未直接列在现有 Emoji 网格	1f469-1f3ff-200d-2764-200d-1f48b-200d-1f469-1f3fd.png	是	U+1F469 U+1F3FF U+200D U+2764 U+FE0F U+200D U+1F48B U+200D U+1F469 U+1F3FD	People & Body	family	fully-qualified	女性、较深肤色、粗体黑心、亲吻标记、女性、中等肤色	WOMAN / DARK SKIN TONE / HEAVY BLACK HEART / KISS MARK / WOMAN / MEDIUM SKIN TONE
2087	👩🏿‍❤️‍💋‍👩🏾	家庭	肤色变体（右键）	👩🏿‍❤️‍💋‍👩🏾	未直接列在现有 Emoji 网格	1f469-1f3ff-200d-2764-200d-1f48b-200d-1f469-1f3fe.png	是	U+1F469 U+1F3FF U+200D U+2764 U+FE0F U+200D U+1F48B U+200D U+1F469 U+1F3FE	People & Body	family	fully-qualified	女性、较深肤色、粗体黑心、亲吻标记、女性、中等偏深肤色	WOMAN / DARK SKIN TONE / HEAVY BLACK HEART / KISS MARK / WOMAN / MEDIUM-DARK SKIN TONE
2088	👩🏿‍❤️‍💋‍👩🏿	家庭	肤色变体（右键）	👩🏿‍❤️‍💋‍👩🏿	未直接列在现有 Emoji 网格	1f469-1f3ff-200d-2764-200d-1f48b-200d-1f469-1f3ff.png	是	U+1F469 U+1F3FF U+200D U+2764 U+FE0F U+200D U+1F48B U+200D U+1F469 U+1F3FF	People & Body	family	fully-qualified	女性、较深肤色、粗体黑心、亲吻标记、女性、较深肤色	WOMAN / DARK SKIN TONE / HEAVY BLACK HEART / KISS MARK / WOMAN / DARK SKIN TONE
2089	💑	家庭	主网格	💑	Emoji·表情与人物 / 关系与家庭	1f491.png	是	U+1F491	People & Body	family	fully-qualified	情侣	COUPLE WITH HEART
2090	💑🏻	家庭	肤色变体（右键）	💑🏻	未直接列在现有 Emoji 网格	1f491-1f3fb.png	是	U+1F491 U+1F3FB	People & Body	family	fully-qualified	情侣带心形、较浅肤色	COUPLE WITH HEART / LIGHT SKIN TONE
2091	💑🏼	家庭	肤色变体（右键）	💑🏼	未直接列在现有 Emoji 网格	1f491-1f3fc.png	是	U+1F491 U+1F3FC	People & Body	family	fully-qualified	情侣带心形、中等偏浅肤色	COUPLE WITH HEART / MEDIUM-LIGHT SKIN TONE
2092	💑🏽	家庭	肤色变体（右键）	💑🏽	未直接列在现有 Emoji 网格	1f491-1f3fd.png	是	U+1F491 U+1F3FD	People & Body	family	fully-qualified	情侣带心形、中等肤色	COUPLE WITH HEART / MEDIUM SKIN TONE
2093	💑🏾	家庭	肤色变体（右键）	💑🏾	未直接列在现有 Emoji 网格	1f491-1f3fe.png	是	U+1F491 U+1F3FE	People & Body	family	fully-qualified	情侣带心形、中等偏深肤色	COUPLE WITH HEART / MEDIUM-DARK SKIN TONE
2094	💑🏿	家庭	肤色变体（右键）	💑🏿	未直接列在现有 Emoji 网格	1f491-1f3ff.png	是	U+1F491 U+1F3FF	People & Body	family	fully-qualified	情侣带心形、较深肤色	COUPLE WITH HEART / DARK SKIN TONE
2095	🧑🏻‍❤️‍🧑🏼	家庭	肤色变体（右键）	🧑🏻‍❤️‍🧑🏼	未直接列在现有 Emoji 网格	1f9d1-1f3fb-200d-2764-200d-1f9d1-1f3fc.png	是	U+1F9D1 U+1F3FB U+200D U+2764 U+FE0F U+200D U+1F9D1 U+1F3FC	People & Body	family	fully-qualified	成年人、较浅肤色、粗体黑心、成年人、中等偏浅肤色	ADULT / LIGHT SKIN TONE / HEAVY BLACK HEART / ADULT / MEDIUM-LIGHT SKIN TONE
2096	🧑🏻‍❤️‍🧑🏽	家庭	肤色变体（右键）	🧑🏻‍❤️‍🧑🏽	未直接列在现有 Emoji 网格	1f9d1-1f3fb-200d-2764-200d-1f9d1-1f3fd.png	是	U+1F9D1 U+1F3FB U+200D U+2764 U+FE0F U+200D U+1F9D1 U+1F3FD	People & Body	family	fully-qualified	成年人、较浅肤色、粗体黑心、成年人、中等肤色	ADULT / LIGHT SKIN TONE / HEAVY BLACK HEART / ADULT / MEDIUM SKIN TONE
2097	🧑🏻‍❤️‍🧑🏾	家庭	肤色变体（右键）	🧑🏻‍❤️‍🧑🏾	未直接列在现有 Emoji 网格	1f9d1-1f3fb-200d-2764-200d-1f9d1-1f3fe.png	是	U+1F9D1 U+1F3FB U+200D U+2764 U+FE0F U+200D U+1F9D1 U+1F3FE	People & Body	family	fully-qualified	成年人、较浅肤色、粗体黑心、成年人、中等偏深肤色	ADULT / LIGHT SKIN TONE / HEAVY BLACK HEART / ADULT / MEDIUM-DARK SKIN TONE
2098	🧑🏻‍❤️‍🧑🏿	家庭	肤色变体（右键）	🧑🏻‍❤️‍🧑🏿	未直接列在现有 Emoji 网格	1f9d1-1f3fb-200d-2764-200d-1f9d1-1f3ff.png	是	U+1F9D1 U+1F3FB U+200D U+2764 U+FE0F U+200D U+1F9D1 U+1F3FF	People & Body	family	fully-qualified	成年人、较浅肤色、粗体黑心、成年人、较深肤色	ADULT / LIGHT SKIN TONE / HEAVY BLACK HEART / ADULT / DARK SKIN TONE
2099	🧑🏼‍❤️‍🧑🏻	家庭	肤色变体（右键）	🧑🏼‍❤️‍🧑🏻	未直接列在现有 Emoji 网格	1f9d1-1f3fc-200d-2764-200d-1f9d1-1f3fb.png	是	U+1F9D1 U+1F3FC U+200D U+2764 U+FE0F U+200D U+1F9D1 U+1F3FB	People & Body	family	fully-qualified	成年人、中等偏浅肤色、粗体黑心、成年人、较浅肤色	ADULT / MEDIUM-LIGHT SKIN TONE / HEAVY BLACK HEART / ADULT / LIGHT SKIN TONE
2100	🧑🏼‍❤️‍🧑🏽	家庭	肤色变体（右键）	🧑🏼‍❤️‍🧑🏽	未直接列在现有 Emoji 网格	1f9d1-1f3fc-200d-2764-200d-1f9d1-1f3fd.png	是	U+1F9D1 U+1F3FC U+200D U+2764 U+FE0F U+200D U+1F9D1 U+1F3FD	People & Body	family	fully-qualified	成年人、中等偏浅肤色、粗体黑心、成年人、中等肤色	ADULT / MEDIUM-LIGHT SKIN TONE / HEAVY BLACK HEART / ADULT / MEDIUM SKIN TONE
2101	🧑🏼‍❤️‍🧑🏾	家庭	肤色变体（右键）	🧑🏼‍❤️‍🧑🏾	未直接列在现有 Emoji 网格	1f9d1-1f3fc-200d-2764-200d-1f9d1-1f3fe.png	是	U+1F9D1 U+1F3FC U+200D U+2764 U+FE0F U+200D U+1F9D1 U+1F3FE	People & Body	family	fully-qualified	成年人、中等偏浅肤色、粗体黑心、成年人、中等偏深肤色	ADULT / MEDIUM-LIGHT SKIN TONE / HEAVY BLACK HEART / ADULT / MEDIUM-DARK SKIN TONE
2102	🧑🏼‍❤️‍🧑🏿	家庭	肤色变体（右键）	🧑🏼‍❤️‍🧑🏿	未直接列在现有 Emoji 网格	1f9d1-1f3fc-200d-2764-200d-1f9d1-1f3ff.png	是	U+1F9D1 U+1F3FC U+200D U+2764 U+FE0F U+200D U+1F9D1 U+1F3FF	People & Body	family	fully-qualified	成年人、中等偏浅肤色、粗体黑心、成年人、较深肤色	ADULT / MEDIUM-LIGHT SKIN TONE / HEAVY BLACK HEART / ADULT / DARK SKIN TONE
2103	🧑🏽‍❤️‍🧑🏻	家庭	肤色变体（右键）	🧑🏽‍❤️‍🧑🏻	未直接列在现有 Emoji 网格	1f9d1-1f3fd-200d-2764-200d-1f9d1-1f3fb.png	是	U+1F9D1 U+1F3FD U+200D U+2764 U+FE0F U+200D U+1F9D1 U+1F3FB	People & Body	family	fully-qualified	成年人、中等肤色、粗体黑心、成年人、较浅肤色	ADULT / MEDIUM SKIN TONE / HEAVY BLACK HEART / ADULT / LIGHT SKIN TONE
2104	🧑🏽‍❤️‍🧑🏼	家庭	肤色变体（右键）	🧑🏽‍❤️‍🧑🏼	未直接列在现有 Emoji 网格	1f9d1-1f3fd-200d-2764-200d-1f9d1-1f3fc.png	是	U+1F9D1 U+1F3FD U+200D U+2764 U+FE0F U+200D U+1F9D1 U+1F3FC	People & Body	family	fully-qualified	成年人、中等肤色、粗体黑心、成年人、中等偏浅肤色	ADULT / MEDIUM SKIN TONE / HEAVY BLACK HEART / ADULT / MEDIUM-LIGHT SKIN TONE
2105	🧑🏽‍❤️‍🧑🏾	家庭	肤色变体（右键）	🧑🏽‍❤️‍🧑🏾	未直接列在现有 Emoji 网格	1f9d1-1f3fd-200d-2764-200d-1f9d1-1f3fe.png	是	U+1F9D1 U+1F3FD U+200D U+2764 U+FE0F U+200D U+1F9D1 U+1F3FE	People & Body	family	fully-qualified	成年人、中等肤色、粗体黑心、成年人、中等偏深肤色	ADULT / MEDIUM SKIN TONE / HEAVY BLACK HEART / ADULT / MEDIUM-DARK SKIN TONE
2106	🧑🏽‍❤️‍🧑🏿	家庭	肤色变体（右键）	🧑🏽‍❤️‍🧑🏿	未直接列在现有 Emoji 网格	1f9d1-1f3fd-200d-2764-200d-1f9d1-1f3ff.png	是	U+1F9D1 U+1F3FD U+200D U+2764 U+FE0F U+200D U+1F9D1 U+1F3FF	People & Body	family	fully-qualified	成年人、中等肤色、粗体黑心、成年人、较深肤色	ADULT / MEDIUM SKIN TONE / HEAVY BLACK HEART / ADULT / DARK SKIN TONE
2107	🧑🏾‍❤️‍🧑🏻	家庭	肤色变体（右键）	🧑🏾‍❤️‍🧑🏻	未直接列在现有 Emoji 网格	1f9d1-1f3fe-200d-2764-200d-1f9d1-1f3fb.png	是	U+1F9D1 U+1F3FE U+200D U+2764 U+FE0F U+200D U+1F9D1 U+1F3FB	People & Body	family	fully-qualified	成年人、中等偏深肤色、粗体黑心、成年人、较浅肤色	ADULT / MEDIUM-DARK SKIN TONE / HEAVY BLACK HEART / ADULT / LIGHT SKIN TONE
2108	🧑🏾‍❤️‍🧑🏼	家庭	肤色变体（右键）	🧑🏾‍❤️‍🧑🏼	未直接列在现有 Emoji 网格	1f9d1-1f3fe-200d-2764-200d-1f9d1-1f3fc.png	是	U+1F9D1 U+1F3FE U+200D U+2764 U+FE0F U+200D U+1F9D1 U+1F3FC	People & Body	family	fully-qualified	成年人、中等偏深肤色、粗体黑心、成年人、中等偏浅肤色	ADULT / MEDIUM-DARK SKIN TONE / HEAVY BLACK HEART / ADULT / MEDIUM-LIGHT SKIN TONE
2109	🧑🏾‍❤️‍🧑🏽	家庭	肤色变体（右键）	🧑🏾‍❤️‍🧑🏽	未直接列在现有 Emoji 网格	1f9d1-1f3fe-200d-2764-200d-1f9d1-1f3fd.png	是	U+1F9D1 U+1F3FE U+200D U+2764 U+FE0F U+200D U+1F9D1 U+1F3FD	People & Body	family	fully-qualified	成年人、中等偏深肤色、粗体黑心、成年人、中等肤色	ADULT / MEDIUM-DARK SKIN TONE / HEAVY BLACK HEART / ADULT / MEDIUM SKIN TONE
2110	🧑🏾‍❤️‍🧑🏿	家庭	肤色变体（右键）	🧑🏾‍❤️‍🧑🏿	未直接列在现有 Emoji 网格	1f9d1-1f3fe-200d-2764-200d-1f9d1-1f3ff.png	是	U+1F9D1 U+1F3FE U+200D U+2764 U+FE0F U+200D U+1F9D1 U+1F3FF	People & Body	family	fully-qualified	成年人、中等偏深肤色、粗体黑心、成年人、较深肤色	ADULT / MEDIUM-DARK SKIN TONE / HEAVY BLACK HEART / ADULT / DARK SKIN TONE
2111	🧑🏿‍❤️‍🧑🏻	家庭	肤色变体（右键）	🧑🏿‍❤️‍🧑🏻	Emoji·食物与活动 / 其他食物与活动	1f9d1-1f3ff-200d-2764-200d-1f9d1-1f3fb.png	是	U+1F9D1 U+1F3FF U+200D U+2764 U+FE0F U+200D U+1F9D1 U+1F3FB	People & Body	family	fully-qualified	成年人、较深肤色、粗体黑心、成年人、较浅肤色	ADULT / DARK SKIN TONE / HEAVY BLACK HEART / ADULT / LIGHT SKIN TONE
2112	🧑🏿‍❤️‍🧑🏼	家庭	肤色变体（右键）	🧑🏿‍❤️‍🧑🏼	未直接列在现有 Emoji 网格	1f9d1-1f3ff-200d-2764-200d-1f9d1-1f3fc.png	是	U+1F9D1 U+1F3FF U+200D U+2764 U+FE0F U+200D U+1F9D1 U+1F3FC	People & Body	family	fully-qualified	成年人、较深肤色、粗体黑心、成年人、中等偏浅肤色	ADULT / DARK SKIN TONE / HEAVY BLACK HEART / ADULT / MEDIUM-LIGHT SKIN TONE
2113	🧑🏿‍❤️‍🧑🏽	家庭	肤色变体（右键）	🧑🏿‍❤️‍🧑🏽	未直接列在现有 Emoji 网格	1f9d1-1f3ff-200d-2764-200d-1f9d1-1f3fd.png	是	U+1F9D1 U+1F3FF U+200D U+2764 U+FE0F U+200D U+1F9D1 U+1F3FD	People & Body	family	fully-qualified	成年人、较深肤色、粗体黑心、成年人、中等肤色	ADULT / DARK SKIN TONE / HEAVY BLACK HEART / ADULT / MEDIUM SKIN TONE
2114	🧑🏿‍❤️‍🧑🏾	家庭	肤色变体（右键）	🧑🏿‍❤️‍🧑🏾	未直接列在现有 Emoji 网格	1f9d1-1f3ff-200d-2764-200d-1f9d1-1f3fe.png	是	U+1F9D1 U+1F3FF U+200D U+2764 U+FE0F U+200D U+1F9D1 U+1F3FE	People & Body	family	fully-qualified	成年人、较深肤色、粗体黑心、成年人、中等偏深肤色	ADULT / DARK SKIN TONE / HEAVY BLACK HEART / ADULT / MEDIUM-DARK SKIN TONE
2115	👩‍❤️‍👨	家庭	主网格	👩‍❤️‍👨	Emoji·表情与人物 / 关系与家庭	1f469-200d-2764-200d-1f468.png	是	U+1F469 U+200D U+2764 U+FE0F U+200D U+1F468	People & Body	family	fully-qualified	女性、粗体黑心、男性	WOMAN / HEAVY BLACK HEART / MAN
2116	👩🏻‍❤️‍👨🏻	家庭	肤色变体（右键）	👩🏻‍❤️‍👨🏻	未直接列在现有 Emoji 网格	1f469-1f3fb-200d-2764-200d-1f468-1f3fb.png	是	U+1F469 U+1F3FB U+200D U+2764 U+FE0F U+200D U+1F468 U+1F3FB	People & Body	family	fully-qualified	女性、较浅肤色、粗体黑心、男性、较浅肤色	WOMAN / LIGHT SKIN TONE / HEAVY BLACK HEART / MAN / LIGHT SKIN TONE
2117	👩🏻‍❤️‍👨🏼	家庭	肤色变体（右键）	👩🏻‍❤️‍👨🏼	未直接列在现有 Emoji 网格	1f469-1f3fb-200d-2764-200d-1f468-1f3fc.png	是	U+1F469 U+1F3FB U+200D U+2764 U+FE0F U+200D U+1F468 U+1F3FC	People & Body	family	fully-qualified	女性、较浅肤色、粗体黑心、男性、中等偏浅肤色	WOMAN / LIGHT SKIN TONE / HEAVY BLACK HEART / MAN / MEDIUM-LIGHT SKIN TONE
2118	👩🏻‍❤️‍👨🏽	家庭	肤色变体（右键）	👩🏻‍❤️‍👨🏽	未直接列在现有 Emoji 网格	1f469-1f3fb-200d-2764-200d-1f468-1f3fd.png	是	U+1F469 U+1F3FB U+200D U+2764 U+FE0F U+200D U+1F468 U+1F3FD	People & Body	family	fully-qualified	女性、较浅肤色、粗体黑心、男性、中等肤色	WOMAN / LIGHT SKIN TONE / HEAVY BLACK HEART / MAN / MEDIUM SKIN TONE
2119	👩🏻‍❤️‍👨🏾	家庭	肤色变体（右键）	👩🏻‍❤️‍👨🏾	未直接列在现有 Emoji 网格	1f469-1f3fb-200d-2764-200d-1f468-1f3fe.png	是	U+1F469 U+1F3FB U+200D U+2764 U+FE0F U+200D U+1F468 U+1F3FE	People & Body	family	fully-qualified	女性、较浅肤色、粗体黑心、男性、中等偏深肤色	WOMAN / LIGHT SKIN TONE / HEAVY BLACK HEART / MAN / MEDIUM-DARK SKIN TONE
2120	👩🏻‍❤️‍👨🏿	家庭	肤色变体（右键）	👩🏻‍❤️‍👨🏿	未直接列在现有 Emoji 网格	1f469-1f3fb-200d-2764-200d-1f468-1f3ff.png	是	U+1F469 U+1F3FB U+200D U+2764 U+FE0F U+200D U+1F468 U+1F3FF	People & Body	family	fully-qualified	女性、较浅肤色、粗体黑心、男性、较深肤色	WOMAN / LIGHT SKIN TONE / HEAVY BLACK HEART / MAN / DARK SKIN TONE
2121	👩🏼‍❤️‍👨🏻	家庭	肤色变体（右键）	👩🏼‍❤️‍👨🏻	未直接列在现有 Emoji 网格	1f469-1f3fc-200d-2764-200d-1f468-1f3fb.png	是	U+1F469 U+1F3FC U+200D U+2764 U+FE0F U+200D U+1F468 U+1F3FB	People & Body	family	fully-qualified	女性、中等偏浅肤色、粗体黑心、男性、较浅肤色	WOMAN / MEDIUM-LIGHT SKIN TONE / HEAVY BLACK HEART / MAN / LIGHT SKIN TONE
2122	👩🏼‍❤️‍👨🏼	家庭	肤色变体（右键）	👩🏼‍❤️‍👨🏼	未直接列在现有 Emoji 网格	1f469-1f3fc-200d-2764-200d-1f468-1f3fc.png	是	U+1F469 U+1F3FC U+200D U+2764 U+FE0F U+200D U+1F468 U+1F3FC	People & Body	family	fully-qualified	女性、中等偏浅肤色、粗体黑心、男性、中等偏浅肤色	WOMAN / MEDIUM-LIGHT SKIN TONE / HEAVY BLACK HEART / MAN / MEDIUM-LIGHT SKIN TONE
2123	👩🏼‍❤️‍👨🏽	家庭	肤色变体（右键）	👩🏼‍❤️‍👨🏽	未直接列在现有 Emoji 网格	1f469-1f3fc-200d-2764-200d-1f468-1f3fd.png	是	U+1F469 U+1F3FC U+200D U+2764 U+FE0F U+200D U+1F468 U+1F3FD	People & Body	family	fully-qualified	女性、中等偏浅肤色、粗体黑心、男性、中等肤色	WOMAN / MEDIUM-LIGHT SKIN TONE / HEAVY BLACK HEART / MAN / MEDIUM SKIN TONE
2124	👩🏼‍❤️‍👨🏾	家庭	肤色变体（右键）	👩🏼‍❤️‍👨🏾	未直接列在现有 Emoji 网格	1f469-1f3fc-200d-2764-200d-1f468-1f3fe.png	是	U+1F469 U+1F3FC U+200D U+2764 U+FE0F U+200D U+1F468 U+1F3FE	People & Body	family	fully-qualified	女性、中等偏浅肤色、粗体黑心、男性、中等偏深肤色	WOMAN / MEDIUM-LIGHT SKIN TONE / HEAVY BLACK HEART / MAN / MEDIUM-DARK SKIN TONE
2125	👩🏼‍❤️‍👨🏿	家庭	肤色变体（右键）	👩🏼‍❤️‍👨🏿	未直接列在现有 Emoji 网格	1f469-1f3fc-200d-2764-200d-1f468-1f3ff.png	是	U+1F469 U+1F3FC U+200D U+2764 U+FE0F U+200D U+1F468 U+1F3FF	People & Body	family	fully-qualified	女性、中等偏浅肤色、粗体黑心、男性、较深肤色	WOMAN / MEDIUM-LIGHT SKIN TONE / HEAVY BLACK HEART / MAN / DARK SKIN TONE
2126	👩🏽‍❤️‍👨🏻	家庭	肤色变体（右键）	👩🏽‍❤️‍👨🏻	未直接列在现有 Emoji 网格	1f469-1f3fd-200d-2764-200d-1f468-1f3fb.png	是	U+1F469 U+1F3FD U+200D U+2764 U+FE0F U+200D U+1F468 U+1F3FB	People & Body	family	fully-qualified	女性、中等肤色、粗体黑心、男性、较浅肤色	WOMAN / MEDIUM SKIN TONE / HEAVY BLACK HEART / MAN / LIGHT SKIN TONE
2127	👩🏽‍❤️‍👨🏼	家庭	肤色变体（右键）	👩🏽‍❤️‍👨🏼	未直接列在现有 Emoji 网格	1f469-1f3fd-200d-2764-200d-1f468-1f3fc.png	是	U+1F469 U+1F3FD U+200D U+2764 U+FE0F U+200D U+1F468 U+1F3FC	People & Body	family	fully-qualified	女性、中等肤色、粗体黑心、男性、中等偏浅肤色	WOMAN / MEDIUM SKIN TONE / HEAVY BLACK HEART / MAN / MEDIUM-LIGHT SKIN TONE
2128	👩🏽‍❤️‍👨🏽	家庭	肤色变体（右键）	👩🏽‍❤️‍👨🏽	未直接列在现有 Emoji 网格	1f469-1f3fd-200d-2764-200d-1f468-1f3fd.png	是	U+1F469 U+1F3FD U+200D U+2764 U+FE0F U+200D U+1F468 U+1F3FD	People & Body	family	fully-qualified	女性、中等肤色、粗体黑心、男性、中等肤色	WOMAN / MEDIUM SKIN TONE / HEAVY BLACK HEART / MAN / MEDIUM SKIN TONE
2129	👩🏽‍❤️‍👨🏾	家庭	肤色变体（右键）	👩🏽‍❤️‍👨🏾	未直接列在现有 Emoji 网格	1f469-1f3fd-200d-2764-200d-1f468-1f3fe.png	是	U+1F469 U+1F3FD U+200D U+2764 U+FE0F U+200D U+1F468 U+1F3FE	People & Body	family	fully-qualified	女性、中等肤色、粗体黑心、男性、中等偏深肤色	WOMAN / MEDIUM SKIN TONE / HEAVY BLACK HEART / MAN / MEDIUM-DARK SKIN TONE
2130	👩🏽‍❤️‍👨🏿	家庭	肤色变体（右键）	👩🏽‍❤️‍👨🏿	未直接列在现有 Emoji 网格	1f469-1f3fd-200d-2764-200d-1f468-1f3ff.png	是	U+1F469 U+1F3FD U+200D U+2764 U+FE0F U+200D U+1F468 U+1F3FF	People & Body	family	fully-qualified	女性、中等肤色、粗体黑心、男性、较深肤色	WOMAN / MEDIUM SKIN TONE / HEAVY BLACK HEART / MAN / DARK SKIN TONE
2131	👩🏾‍❤️‍👨🏻	家庭	肤色变体（右键）	👩🏾‍❤️‍👨🏻	未直接列在现有 Emoji 网格	1f469-1f3fe-200d-2764-200d-1f468-1f3fb.png	是	U+1F469 U+1F3FE U+200D U+2764 U+FE0F U+200D U+1F468 U+1F3FB	People & Body	family	fully-qualified	女性、中等偏深肤色、粗体黑心、男性、较浅肤色	WOMAN / MEDIUM-DARK SKIN TONE / HEAVY BLACK HEART / MAN / LIGHT SKIN TONE
2132	👩🏾‍❤️‍👨🏼	家庭	肤色变体（右键）	👩🏾‍❤️‍👨🏼	未直接列在现有 Emoji 网格	1f469-1f3fe-200d-2764-200d-1f468-1f3fc.png	是	U+1F469 U+1F3FE U+200D U+2764 U+FE0F U+200D U+1F468 U+1F3FC	People & Body	family	fully-qualified	女性、中等偏深肤色、粗体黑心、男性、中等偏浅肤色	WOMAN / MEDIUM-DARK SKIN TONE / HEAVY BLACK HEART / MAN / MEDIUM-LIGHT SKIN TONE
2133	👩🏾‍❤️‍👨🏽	家庭	肤色变体（右键）	👩🏾‍❤️‍👨🏽	未直接列在现有 Emoji 网格	1f469-1f3fe-200d-2764-200d-1f468-1f3fd.png	是	U+1F469 U+1F3FE U+200D U+2764 U+FE0F U+200D U+1F468 U+1F3FD	People & Body	family	fully-qualified	女性、中等偏深肤色、粗体黑心、男性、中等肤色	WOMAN / MEDIUM-DARK SKIN TONE / HEAVY BLACK HEART / MAN / MEDIUM SKIN TONE
2134	👩🏾‍❤️‍👨🏾	家庭	肤色变体（右键）	👩🏾‍❤️‍👨🏾	未直接列在现有 Emoji 网格	1f469-1f3fe-200d-2764-200d-1f468-1f3fe.png	是	U+1F469 U+1F3FE U+200D U+2764 U+FE0F U+200D U+1F468 U+1F3FE	People & Body	family	fully-qualified	女性、中等偏深肤色、粗体黑心、男性、中等偏深肤色	WOMAN / MEDIUM-DARK SKIN TONE / HEAVY BLACK HEART / MAN / MEDIUM-DARK SKIN TONE
2135	👩🏾‍❤️‍👨🏿	家庭	肤色变体（右键）	👩🏾‍❤️‍👨🏿	未直接列在现有 Emoji 网格	1f469-1f3fe-200d-2764-200d-1f468-1f3ff.png	是	U+1F469 U+1F3FE U+200D U+2764 U+FE0F U+200D U+1F468 U+1F3FF	People & Body	family	fully-qualified	女性、中等偏深肤色、粗体黑心、男性、较深肤色	WOMAN / MEDIUM-DARK SKIN TONE / HEAVY BLACK HEART / MAN / DARK SKIN TONE
2136	👩🏿‍❤️‍👨🏻	家庭	肤色变体（右键）	👩🏿‍❤️‍👨🏻	未直接列在现有 Emoji 网格	1f469-1f3ff-200d-2764-200d-1f468-1f3fb.png	是	U+1F469 U+1F3FF U+200D U+2764 U+FE0F U+200D U+1F468 U+1F3FB	People & Body	family	fully-qualified	女性、较深肤色、粗体黑心、男性、较浅肤色	WOMAN / DARK SKIN TONE / HEAVY BLACK HEART / MAN / LIGHT SKIN TONE
2137	👩🏿‍❤️‍👨🏼	家庭	肤色变体（右键）	👩🏿‍❤️‍👨🏼	未直接列在现有 Emoji 网格	1f469-1f3ff-200d-2764-200d-1f468-1f3fc.png	是	U+1F469 U+1F3FF U+200D U+2764 U+FE0F U+200D U+1F468 U+1F3FC	People & Body	family	fully-qualified	女性、较深肤色、粗体黑心、男性、中等偏浅肤色	WOMAN / DARK SKIN TONE / HEAVY BLACK HEART / MAN / MEDIUM-LIGHT SKIN TONE
2138	👩🏿‍❤️‍👨🏽	家庭	肤色变体（右键）	👩🏿‍❤️‍👨🏽	未直接列在现有 Emoji 网格	1f469-1f3ff-200d-2764-200d-1f468-1f3fd.png	是	U+1F469 U+1F3FF U+200D U+2764 U+FE0F U+200D U+1F468 U+1F3FD	People & Body	family	fully-qualified	女性、较深肤色、粗体黑心、男性、中等肤色	WOMAN / DARK SKIN TONE / HEAVY BLACK HEART / MAN / MEDIUM SKIN TONE
2139	👩🏿‍❤️‍👨🏾	家庭	肤色变体（右键）	👩🏿‍❤️‍👨🏾	未直接列在现有 Emoji 网格	1f469-1f3ff-200d-2764-200d-1f468-1f3fe.png	是	U+1F469 U+1F3FF U+200D U+2764 U+FE0F U+200D U+1F468 U+1F3FE	People & Body	family	fully-qualified	女性、较深肤色、粗体黑心、男性、中等偏深肤色	WOMAN / DARK SKIN TONE / HEAVY BLACK HEART / MAN / MEDIUM-DARK SKIN TONE
2140	👩🏿‍❤️‍👨🏿	家庭	肤色变体（右键）	👩🏿‍❤️‍👨🏿	未直接列在现有 Emoji 网格	1f469-1f3ff-200d-2764-200d-1f468-1f3ff.png	是	U+1F469 U+1F3FF U+200D U+2764 U+FE0F U+200D U+1F468 U+1F3FF	People & Body	family	fully-qualified	女性、较深肤色、粗体黑心、男性、较深肤色	WOMAN / DARK SKIN TONE / HEAVY BLACK HEART / MAN / DARK SKIN TONE
2141	👨‍❤️‍👨	家庭	主网格	👨‍❤️‍👨	Emoji·表情与人物 / 关系与家庭	1f468-200d-2764-200d-1f468.png	是	U+1F468 U+200D U+2764 U+FE0F U+200D U+1F468	People & Body	family	fully-qualified	男性、粗体黑心、男性	MAN / HEAVY BLACK HEART / MAN
2142	👨🏻‍❤️‍👨🏻	家庭	肤色变体（右键）	👨🏻‍❤️‍👨🏻	未直接列在现有 Emoji 网格	1f468-1f3fb-200d-2764-200d-1f468-1f3fb.png	是	U+1F468 U+1F3FB U+200D U+2764 U+FE0F U+200D U+1F468 U+1F3FB	People & Body	family	fully-qualified	男性、较浅肤色、粗体黑心、男性、较浅肤色	MAN / LIGHT SKIN TONE / HEAVY BLACK HEART / MAN / LIGHT SKIN TONE
2143	👨🏻‍❤️‍👨🏼	家庭	肤色变体（右键）	👨🏻‍❤️‍👨🏼	未直接列在现有 Emoji 网格	1f468-1f3fb-200d-2764-200d-1f468-1f3fc.png	是	U+1F468 U+1F3FB U+200D U+2764 U+FE0F U+200D U+1F468 U+1F3FC	People & Body	family	fully-qualified	男性、较浅肤色、粗体黑心、男性、中等偏浅肤色	MAN / LIGHT SKIN TONE / HEAVY BLACK HEART / MAN / MEDIUM-LIGHT SKIN TONE
2144	👨🏻‍❤️‍👨🏽	家庭	肤色变体（右键）	👨🏻‍❤️‍👨🏽	未直接列在现有 Emoji 网格	1f468-1f3fb-200d-2764-200d-1f468-1f3fd.png	是	U+1F468 U+1F3FB U+200D U+2764 U+FE0F U+200D U+1F468 U+1F3FD	People & Body	family	fully-qualified	男性、较浅肤色、粗体黑心、男性、中等肤色	MAN / LIGHT SKIN TONE / HEAVY BLACK HEART / MAN / MEDIUM SKIN TONE
2145	👨🏻‍❤️‍👨🏾	家庭	肤色变体（右键）	👨🏻‍❤️‍👨🏾	未直接列在现有 Emoji 网格	1f468-1f3fb-200d-2764-200d-1f468-1f3fe.png	是	U+1F468 U+1F3FB U+200D U+2764 U+FE0F U+200D U+1F468 U+1F3FE	People & Body	family	fully-qualified	男性、较浅肤色、粗体黑心、男性、中等偏深肤色	MAN / LIGHT SKIN TONE / HEAVY BLACK HEART / MAN / MEDIUM-DARK SKIN TONE
2146	👨🏻‍❤️‍👨🏿	家庭	肤色变体（右键）	👨🏻‍❤️‍👨🏿	未直接列在现有 Emoji 网格	1f468-1f3fb-200d-2764-200d-1f468-1f3ff.png	是	U+1F468 U+1F3FB U+200D U+2764 U+FE0F U+200D U+1F468 U+1F3FF	People & Body	family	fully-qualified	男性、较浅肤色、粗体黑心、男性、较深肤色	MAN / LIGHT SKIN TONE / HEAVY BLACK HEART / MAN / DARK SKIN TONE
2147	👨🏼‍❤️‍👨🏻	家庭	肤色变体（右键）	👨🏼‍❤️‍👨🏻	未直接列在现有 Emoji 网格	1f468-1f3fc-200d-2764-200d-1f468-1f3fb.png	是	U+1F468 U+1F3FC U+200D U+2764 U+FE0F U+200D U+1F468 U+1F3FB	People & Body	family	fully-qualified	男性、中等偏浅肤色、粗体黑心、男性、较浅肤色	MAN / MEDIUM-LIGHT SKIN TONE / HEAVY BLACK HEART / MAN / LIGHT SKIN TONE
2148	👨🏼‍❤️‍👨🏼	家庭	肤色变体（右键）	👨🏼‍❤️‍👨🏼	未直接列在现有 Emoji 网格	1f468-1f3fc-200d-2764-200d-1f468-1f3fc.png	是	U+1F468 U+1F3FC U+200D U+2764 U+FE0F U+200D U+1F468 U+1F3FC	People & Body	family	fully-qualified	男性、中等偏浅肤色、粗体黑心、男性、中等偏浅肤色	MAN / MEDIUM-LIGHT SKIN TONE / HEAVY BLACK HEART / MAN / MEDIUM-LIGHT SKIN TONE
2149	👨🏼‍❤️‍👨🏽	家庭	肤色变体（右键）	👨🏼‍❤️‍👨🏽	未直接列在现有 Emoji 网格	1f468-1f3fc-200d-2764-200d-1f468-1f3fd.png	是	U+1F468 U+1F3FC U+200D U+2764 U+FE0F U+200D U+1F468 U+1F3FD	People & Body	family	fully-qualified	男性、中等偏浅肤色、粗体黑心、男性、中等肤色	MAN / MEDIUM-LIGHT SKIN TONE / HEAVY BLACK HEART / MAN / MEDIUM SKIN TONE
2150	👨🏼‍❤️‍👨🏾	家庭	肤色变体（右键）	👨🏼‍❤️‍👨🏾	未直接列在现有 Emoji 网格	1f468-1f3fc-200d-2764-200d-1f468-1f3fe.png	是	U+1F468 U+1F3FC U+200D U+2764 U+FE0F U+200D U+1F468 U+1F3FE	People & Body	family	fully-qualified	男性、中等偏浅肤色、粗体黑心、男性、中等偏深肤色	MAN / MEDIUM-LIGHT SKIN TONE / HEAVY BLACK HEART / MAN / MEDIUM-DARK SKIN TONE
2151	👨🏼‍❤️‍👨🏿	家庭	肤色变体（右键）	👨🏼‍❤️‍👨🏿	未直接列在现有 Emoji 网格	1f468-1f3fc-200d-2764-200d-1f468-1f3ff.png	是	U+1F468 U+1F3FC U+200D U+2764 U+FE0F U+200D U+1F468 U+1F3FF	People & Body	family	fully-qualified	男性、中等偏浅肤色、粗体黑心、男性、较深肤色	MAN / MEDIUM-LIGHT SKIN TONE / HEAVY BLACK HEART / MAN / DARK SKIN TONE
2152	👨🏽‍❤️‍👨🏻	家庭	肤色变体（右键）	👨🏽‍❤️‍👨🏻	未直接列在现有 Emoji 网格	1f468-1f3fd-200d-2764-200d-1f468-1f3fb.png	是	U+1F468 U+1F3FD U+200D U+2764 U+FE0F U+200D U+1F468 U+1F3FB	People & Body	family	fully-qualified	男性、中等肤色、粗体黑心、男性、较浅肤色	MAN / MEDIUM SKIN TONE / HEAVY BLACK HEART / MAN / LIGHT SKIN TONE
2153	👨🏽‍❤️‍👨🏼	家庭	肤色变体（右键）	👨🏽‍❤️‍👨🏼	未直接列在现有 Emoji 网格	1f468-1f3fd-200d-2764-200d-1f468-1f3fc.png	是	U+1F468 U+1F3FD U+200D U+2764 U+FE0F U+200D U+1F468 U+1F3FC	People & Body	family	fully-qualified	男性、中等肤色、粗体黑心、男性、中等偏浅肤色	MAN / MEDIUM SKIN TONE / HEAVY BLACK HEART / MAN / MEDIUM-LIGHT SKIN TONE
2154	👨🏽‍❤️‍👨🏽	家庭	肤色变体（右键）	👨🏽‍❤️‍👨🏽	未直接列在现有 Emoji 网格	1f468-1f3fd-200d-2764-200d-1f468-1f3fd.png	是	U+1F468 U+1F3FD U+200D U+2764 U+FE0F U+200D U+1F468 U+1F3FD	People & Body	family	fully-qualified	男性、中等肤色、粗体黑心、男性、中等肤色	MAN / MEDIUM SKIN TONE / HEAVY BLACK HEART / MAN / MEDIUM SKIN TONE
2155	👨🏽‍❤️‍👨🏾	家庭	肤色变体（右键）	👨🏽‍❤️‍👨🏾	未直接列在现有 Emoji 网格	1f468-1f3fd-200d-2764-200d-1f468-1f3fe.png	是	U+1F468 U+1F3FD U+200D U+2764 U+FE0F U+200D U+1F468 U+1F3FE	People & Body	family	fully-qualified	男性、中等肤色、粗体黑心、男性、中等偏深肤色	MAN / MEDIUM SKIN TONE / HEAVY BLACK HEART / MAN / MEDIUM-DARK SKIN TONE
2156	👨🏽‍❤️‍👨🏿	家庭	肤色变体（右键）	👨🏽‍❤️‍👨🏿	未直接列在现有 Emoji 网格	1f468-1f3fd-200d-2764-200d-1f468-1f3ff.png	是	U+1F468 U+1F3FD U+200D U+2764 U+FE0F U+200D U+1F468 U+1F3FF	People & Body	family	fully-qualified	男性、中等肤色、粗体黑心、男性、较深肤色	MAN / MEDIUM SKIN TONE / HEAVY BLACK HEART / MAN / DARK SKIN TONE
2157	👨🏾‍❤️‍👨🏻	家庭	肤色变体（右键）	👨🏾‍❤️‍👨🏻	未直接列在现有 Emoji 网格	1f468-1f3fe-200d-2764-200d-1f468-1f3fb.png	是	U+1F468 U+1F3FE U+200D U+2764 U+FE0F U+200D U+1F468 U+1F3FB	People & Body	family	fully-qualified	男性、中等偏深肤色、粗体黑心、男性、较浅肤色	MAN / MEDIUM-DARK SKIN TONE / HEAVY BLACK HEART / MAN / LIGHT SKIN TONE
2158	👨🏾‍❤️‍👨🏼	家庭	肤色变体（右键）	👨🏾‍❤️‍👨🏼	未直接列在现有 Emoji 网格	1f468-1f3fe-200d-2764-200d-1f468-1f3fc.png	是	U+1F468 U+1F3FE U+200D U+2764 U+FE0F U+200D U+1F468 U+1F3FC	People & Body	family	fully-qualified	男性、中等偏深肤色、粗体黑心、男性、中等偏浅肤色	MAN / MEDIUM-DARK SKIN TONE / HEAVY BLACK HEART / MAN / MEDIUM-LIGHT SKIN TONE
2159	👨🏾‍❤️‍👨🏽	家庭	肤色变体（右键）	👨🏾‍❤️‍👨🏽	未直接列在现有 Emoji 网格	1f468-1f3fe-200d-2764-200d-1f468-1f3fd.png	是	U+1F468 U+1F3FE U+200D U+2764 U+FE0F U+200D U+1F468 U+1F3FD	People & Body	family	fully-qualified	男性、中等偏深肤色、粗体黑心、男性、中等肤色	MAN / MEDIUM-DARK SKIN TONE / HEAVY BLACK HEART / MAN / MEDIUM SKIN TONE
2160	👨🏾‍❤️‍👨🏾	家庭	肤色变体（右键）	👨🏾‍❤️‍👨🏾	未直接列在现有 Emoji 网格	1f468-1f3fe-200d-2764-200d-1f468-1f3fe.png	是	U+1F468 U+1F3FE U+200D U+2764 U+FE0F U+200D U+1F468 U+1F3FE	People & Body	family	fully-qualified	男性、中等偏深肤色、粗体黑心、男性、中等偏深肤色	MAN / MEDIUM-DARK SKIN TONE / HEAVY BLACK HEART / MAN / MEDIUM-DARK SKIN TONE
2161	👨🏾‍❤️‍👨🏿	家庭	肤色变体（右键）	👨🏾‍❤️‍👨🏿	未直接列在现有 Emoji 网格	1f468-1f3fe-200d-2764-200d-1f468-1f3ff.png	是	U+1F468 U+1F3FE U+200D U+2764 U+FE0F U+200D U+1F468 U+1F3FF	People & Body	family	fully-qualified	男性、中等偏深肤色、粗体黑心、男性、较深肤色	MAN / MEDIUM-DARK SKIN TONE / HEAVY BLACK HEART / MAN / DARK SKIN TONE
2162	👨🏿‍❤️‍👨🏻	家庭	肤色变体（右键）	👨🏿‍❤️‍👨🏻	未直接列在现有 Emoji 网格	1f468-1f3ff-200d-2764-200d-1f468-1f3fb.png	是	U+1F468 U+1F3FF U+200D U+2764 U+FE0F U+200D U+1F468 U+1F3FB	People & Body	family	fully-qualified	男性、较深肤色、粗体黑心、男性、较浅肤色	MAN / DARK SKIN TONE / HEAVY BLACK HEART / MAN / LIGHT SKIN TONE
2163	👨🏿‍❤️‍👨🏼	家庭	肤色变体（右键）	👨🏿‍❤️‍👨🏼	未直接列在现有 Emoji 网格	1f468-1f3ff-200d-2764-200d-1f468-1f3fc.png	是	U+1F468 U+1F3FF U+200D U+2764 U+FE0F U+200D U+1F468 U+1F3FC	People & Body	family	fully-qualified	男性、较深肤色、粗体黑心、男性、中等偏浅肤色	MAN / DARK SKIN TONE / HEAVY BLACK HEART / MAN / MEDIUM-LIGHT SKIN TONE
2164	👨🏿‍❤️‍👨🏽	家庭	肤色变体（右键）	👨🏿‍❤️‍👨🏽	未直接列在现有 Emoji 网格	1f468-1f3ff-200d-2764-200d-1f468-1f3fd.png	是	U+1F468 U+1F3FF U+200D U+2764 U+FE0F U+200D U+1F468 U+1F3FD	People & Body	family	fully-qualified	男性、较深肤色、粗体黑心、男性、中等肤色	MAN / DARK SKIN TONE / HEAVY BLACK HEART / MAN / MEDIUM SKIN TONE
2165	👨🏿‍❤️‍👨🏾	家庭	肤色变体（右键）	👨🏿‍❤️‍👨🏾	未直接列在现有 Emoji 网格	1f468-1f3ff-200d-2764-200d-1f468-1f3fe.png	是	U+1F468 U+1F3FF U+200D U+2764 U+FE0F U+200D U+1F468 U+1F3FE	People & Body	family	fully-qualified	男性、较深肤色、粗体黑心、男性、中等偏深肤色	MAN / DARK SKIN TONE / HEAVY BLACK HEART / MAN / MEDIUM-DARK SKIN TONE
2166	👨🏿‍❤️‍👨🏿	家庭	肤色变体（右键）	👨🏿‍❤️‍👨🏿	未直接列在现有 Emoji 网格	1f468-1f3ff-200d-2764-200d-1f468-1f3ff.png	是	U+1F468 U+1F3FF U+200D U+2764 U+FE0F U+200D U+1F468 U+1F3FF	People & Body	family	fully-qualified	男性、较深肤色、粗体黑心、男性、较深肤色	MAN / DARK SKIN TONE / HEAVY BLACK HEART / MAN / DARK SKIN TONE
2167	👩‍❤️‍👩	家庭	主网格	👩‍❤️‍👩	Emoji·表情与人物 / 关系与家庭	1f469-200d-2764-200d-1f469.png	是	U+1F469 U+200D U+2764 U+FE0F U+200D U+1F469	People & Body	family	fully-qualified	女性、粗体黑心、女性	WOMAN / HEAVY BLACK HEART / WOMAN
2168	👩🏻‍❤️‍👩🏻	家庭	肤色变体（右键）	👩🏻‍❤️‍👩🏻	未直接列在现有 Emoji 网格	1f469-1f3fb-200d-2764-200d-1f469-1f3fb.png	是	U+1F469 U+1F3FB U+200D U+2764 U+FE0F U+200D U+1F469 U+1F3FB	People & Body	family	fully-qualified	女性、较浅肤色、粗体黑心、女性、较浅肤色	WOMAN / LIGHT SKIN TONE / HEAVY BLACK HEART / WOMAN / LIGHT SKIN TONE
2169	👩🏻‍❤️‍👩🏼	家庭	肤色变体（右键）	👩🏻‍❤️‍👩🏼	未直接列在现有 Emoji 网格	1f469-1f3fb-200d-2764-200d-1f469-1f3fc.png	是	U+1F469 U+1F3FB U+200D U+2764 U+FE0F U+200D U+1F469 U+1F3FC	People & Body	family	fully-qualified	女性、较浅肤色、粗体黑心、女性、中等偏浅肤色	WOMAN / LIGHT SKIN TONE / HEAVY BLACK HEART / WOMAN / MEDIUM-LIGHT SKIN TONE
2170	👩🏻‍❤️‍👩🏽	家庭	肤色变体（右键）	👩🏻‍❤️‍👩🏽	未直接列在现有 Emoji 网格	1f469-1f3fb-200d-2764-200d-1f469-1f3fd.png	是	U+1F469 U+1F3FB U+200D U+2764 U+FE0F U+200D U+1F469 U+1F3FD	People & Body	family	fully-qualified	女性、较浅肤色、粗体黑心、女性、中等肤色	WOMAN / LIGHT SKIN TONE / HEAVY BLACK HEART / WOMAN / MEDIUM SKIN TONE
2171	👩🏻‍❤️‍👩🏾	家庭	肤色变体（右键）	👩🏻‍❤️‍👩🏾	未直接列在现有 Emoji 网格	1f469-1f3fb-200d-2764-200d-1f469-1f3fe.png	是	U+1F469 U+1F3FB U+200D U+2764 U+FE0F U+200D U+1F469 U+1F3FE	People & Body	family	fully-qualified	女性、较浅肤色、粗体黑心、女性、中等偏深肤色	WOMAN / LIGHT SKIN TONE / HEAVY BLACK HEART / WOMAN / MEDIUM-DARK SKIN TONE
2172	👩🏻‍❤️‍👩🏿	家庭	肤色变体（右键）	👩🏻‍❤️‍👩🏿	未直接列在现有 Emoji 网格	1f469-1f3fb-200d-2764-200d-1f469-1f3ff.png	是	U+1F469 U+1F3FB U+200D U+2764 U+FE0F U+200D U+1F469 U+1F3FF	People & Body	family	fully-qualified	女性、较浅肤色、粗体黑心、女性、较深肤色	WOMAN / LIGHT SKIN TONE / HEAVY BLACK HEART / WOMAN / DARK SKIN TONE
2173	👩🏼‍❤️‍👩🏻	家庭	肤色变体（右键）	👩🏼‍❤️‍👩🏻	未直接列在现有 Emoji 网格	1f469-1f3fc-200d-2764-200d-1f469-1f3fb.png	是	U+1F469 U+1F3FC U+200D U+2764 U+FE0F U+200D U+1F469 U+1F3FB	People & Body	family	fully-qualified	女性、中等偏浅肤色、粗体黑心、女性、较浅肤色	WOMAN / MEDIUM-LIGHT SKIN TONE / HEAVY BLACK HEART / WOMAN / LIGHT SKIN TONE
2174	👩🏼‍❤️‍👩🏼	家庭	肤色变体（右键）	👩🏼‍❤️‍👩🏼	未直接列在现有 Emoji 网格	1f469-1f3fc-200d-2764-200d-1f469-1f3fc.png	是	U+1F469 U+1F3FC U+200D U+2764 U+FE0F U+200D U+1F469 U+1F3FC	People & Body	family	fully-qualified	女性、中等偏浅肤色、粗体黑心、女性、中等偏浅肤色	WOMAN / MEDIUM-LIGHT SKIN TONE / HEAVY BLACK HEART / WOMAN / MEDIUM-LIGHT SKIN TONE
2175	👩🏼‍❤️‍👩🏽	家庭	肤色变体（右键）	👩🏼‍❤️‍👩🏽	未直接列在现有 Emoji 网格	1f469-1f3fc-200d-2764-200d-1f469-1f3fd.png	是	U+1F469 U+1F3FC U+200D U+2764 U+FE0F U+200D U+1F469 U+1F3FD	People & Body	family	fully-qualified	女性、中等偏浅肤色、粗体黑心、女性、中等肤色	WOMAN / MEDIUM-LIGHT SKIN TONE / HEAVY BLACK HEART / WOMAN / MEDIUM SKIN TONE
2176	👩🏼‍❤️‍👩🏾	家庭	肤色变体（右键）	👩🏼‍❤️‍👩🏾	未直接列在现有 Emoji 网格	1f469-1f3fc-200d-2764-200d-1f469-1f3fe.png	是	U+1F469 U+1F3FC U+200D U+2764 U+FE0F U+200D U+1F469 U+1F3FE	People & Body	family	fully-qualified	女性、中等偏浅肤色、粗体黑心、女性、中等偏深肤色	WOMAN / MEDIUM-LIGHT SKIN TONE / HEAVY BLACK HEART / WOMAN / MEDIUM-DARK SKIN TONE
2177	👩🏼‍❤️‍👩🏿	家庭	肤色变体（右键）	👩🏼‍❤️‍👩🏿	未直接列在现有 Emoji 网格	1f469-1f3fc-200d-2764-200d-1f469-1f3ff.png	是	U+1F469 U+1F3FC U+200D U+2764 U+FE0F U+200D U+1F469 U+1F3FF	People & Body	family	fully-qualified	女性、中等偏浅肤色、粗体黑心、女性、较深肤色	WOMAN / MEDIUM-LIGHT SKIN TONE / HEAVY BLACK HEART / WOMAN / DARK SKIN TONE
2178	👩🏽‍❤️‍👩🏻	家庭	肤色变体（右键）	👩🏽‍❤️‍👩🏻	未直接列在现有 Emoji 网格	1f469-1f3fd-200d-2764-200d-1f469-1f3fb.png	是	U+1F469 U+1F3FD U+200D U+2764 U+FE0F U+200D U+1F469 U+1F3FB	People & Body	family	fully-qualified	女性、中等肤色、粗体黑心、女性、较浅肤色	WOMAN / MEDIUM SKIN TONE / HEAVY BLACK HEART / WOMAN / LIGHT SKIN TONE
2179	👩🏽‍❤️‍👩🏼	家庭	肤色变体（右键）	👩🏽‍❤️‍👩🏼	未直接列在现有 Emoji 网格	1f469-1f3fd-200d-2764-200d-1f469-1f3fc.png	是	U+1F469 U+1F3FD U+200D U+2764 U+FE0F U+200D U+1F469 U+1F3FC	People & Body	family	fully-qualified	女性、中等肤色、粗体黑心、女性、中等偏浅肤色	WOMAN / MEDIUM SKIN TONE / HEAVY BLACK HEART / WOMAN / MEDIUM-LIGHT SKIN TONE
2180	👩🏽‍❤️‍👩🏽	家庭	肤色变体（右键）	👩🏽‍❤️‍👩🏽	未直接列在现有 Emoji 网格	1f469-1f3fd-200d-2764-200d-1f469-1f3fd.png	是	U+1F469 U+1F3FD U+200D U+2764 U+FE0F U+200D U+1F469 U+1F3FD	People & Body	family	fully-qualified	女性、中等肤色、粗体黑心、女性、中等肤色	WOMAN / MEDIUM SKIN TONE / HEAVY BLACK HEART / WOMAN / MEDIUM SKIN TONE
2181	👩🏽‍❤️‍👩🏾	家庭	肤色变体（右键）	👩🏽‍❤️‍👩🏾	未直接列在现有 Emoji 网格	1f469-1f3fd-200d-2764-200d-1f469-1f3fe.png	是	U+1F469 U+1F3FD U+200D U+2764 U+FE0F U+200D U+1F469 U+1F3FE	People & Body	family	fully-qualified	女性、中等肤色、粗体黑心、女性、中等偏深肤色	WOMAN / MEDIUM SKIN TONE / HEAVY BLACK HEART / WOMAN / MEDIUM-DARK SKIN TONE
2182	👩🏽‍❤️‍👩🏿	家庭	肤色变体（右键）	👩🏽‍❤️‍👩🏿	未直接列在现有 Emoji 网格	1f469-1f3fd-200d-2764-200d-1f469-1f3ff.png	是	U+1F469 U+1F3FD U+200D U+2764 U+FE0F U+200D U+1F469 U+1F3FF	People & Body	family	fully-qualified	女性、中等肤色、粗体黑心、女性、较深肤色	WOMAN / MEDIUM SKIN TONE / HEAVY BLACK HEART / WOMAN / DARK SKIN TONE
2183	👩🏾‍❤️‍👩🏻	家庭	肤色变体（右键）	👩🏾‍❤️‍👩🏻	未直接列在现有 Emoji 网格	1f469-1f3fe-200d-2764-200d-1f469-1f3fb.png	是	U+1F469 U+1F3FE U+200D U+2764 U+FE0F U+200D U+1F469 U+1F3FB	People & Body	family	fully-qualified	女性、中等偏深肤色、粗体黑心、女性、较浅肤色	WOMAN / MEDIUM-DARK SKIN TONE / HEAVY BLACK HEART / WOMAN / LIGHT SKIN TONE
2184	👩🏾‍❤️‍👩🏼	家庭	肤色变体（右键）	👩🏾‍❤️‍👩🏼	未直接列在现有 Emoji 网格	1f469-1f3fe-200d-2764-200d-1f469-1f3fc.png	是	U+1F469 U+1F3FE U+200D U+2764 U+FE0F U+200D U+1F469 U+1F3FC	People & Body	family	fully-qualified	女性、中等偏深肤色、粗体黑心、女性、中等偏浅肤色	WOMAN / MEDIUM-DARK SKIN TONE / HEAVY BLACK HEART / WOMAN / MEDIUM-LIGHT SKIN TONE
2185	👩🏾‍❤️‍👩🏽	家庭	肤色变体（右键）	👩🏾‍❤️‍👩🏽	未直接列在现有 Emoji 网格	1f469-1f3fe-200d-2764-200d-1f469-1f3fd.png	是	U+1F469 U+1F3FE U+200D U+2764 U+FE0F U+200D U+1F469 U+1F3FD	People & Body	family	fully-qualified	女性、中等偏深肤色、粗体黑心、女性、中等肤色	WOMAN / MEDIUM-DARK SKIN TONE / HEAVY BLACK HEART / WOMAN / MEDIUM SKIN TONE
2186	👩🏾‍❤️‍👩🏾	家庭	肤色变体（右键）	👩🏾‍❤️‍👩🏾	未直接列在现有 Emoji 网格	1f469-1f3fe-200d-2764-200d-1f469-1f3fe.png	是	U+1F469 U+1F3FE U+200D U+2764 U+FE0F U+200D U+1F469 U+1F3FE	People & Body	family	fully-qualified	女性、中等偏深肤色、粗体黑心、女性、中等偏深肤色	WOMAN / MEDIUM-DARK SKIN TONE / HEAVY BLACK HEART / WOMAN / MEDIUM-DARK SKIN TONE
2187	👩🏾‍❤️‍👩🏿	家庭	肤色变体（右键）	👩🏾‍❤️‍👩🏿	未直接列在现有 Emoji 网格	1f469-1f3fe-200d-2764-200d-1f469-1f3ff.png	是	U+1F469 U+1F3FE U+200D U+2764 U+FE0F U+200D U+1F469 U+1F3FF	People & Body	family	fully-qualified	女性、中等偏深肤色、粗体黑心、女性、较深肤色	WOMAN / MEDIUM-DARK SKIN TONE / HEAVY BLACK HEART / WOMAN / DARK SKIN TONE
2188	👩🏿‍❤️‍👩🏻	家庭	肤色变体（右键）	👩🏿‍❤️‍👩🏻	未直接列在现有 Emoji 网格	1f469-1f3ff-200d-2764-200d-1f469-1f3fb.png	是	U+1F469 U+1F3FF U+200D U+2764 U+FE0F U+200D U+1F469 U+1F3FB	People & Body	family	fully-qualified	女性、较深肤色、粗体黑心、女性、较浅肤色	WOMAN / DARK SKIN TONE / HEAVY BLACK HEART / WOMAN / LIGHT SKIN TONE
2189	👩🏿‍❤️‍👩🏼	家庭	肤色变体（右键）	👩🏿‍❤️‍👩🏼	未直接列在现有 Emoji 网格	1f469-1f3ff-200d-2764-200d-1f469-1f3fc.png	是	U+1F469 U+1F3FF U+200D U+2764 U+FE0F U+200D U+1F469 U+1F3FC	People & Body	family	fully-qualified	女性、较深肤色、粗体黑心、女性、中等偏浅肤色	WOMAN / DARK SKIN TONE / HEAVY BLACK HEART / WOMAN / MEDIUM-LIGHT SKIN TONE
2190	👩🏿‍❤️‍👩🏽	家庭	肤色变体（右键）	👩🏿‍❤️‍👩🏽	未直接列在现有 Emoji 网格	1f469-1f3ff-200d-2764-200d-1f469-1f3fd.png	是	U+1F469 U+1F3FF U+200D U+2764 U+FE0F U+200D U+1F469 U+1F3FD	People & Body	family	fully-qualified	女性、较深肤色、粗体黑心、女性、中等肤色	WOMAN / DARK SKIN TONE / HEAVY BLACK HEART / WOMAN / MEDIUM SKIN TONE
2191	👩🏿‍❤️‍👩🏾	家庭	肤色变体（右键）	👩🏿‍❤️‍👩🏾	未直接列在现有 Emoji 网格	1f469-1f3ff-200d-2764-200d-1f469-1f3fe.png	是	U+1F469 U+1F3FF U+200D U+2764 U+FE0F U+200D U+1F469 U+1F3FE	People & Body	family	fully-qualified	女性、较深肤色、粗体黑心、女性、中等偏深肤色	WOMAN / DARK SKIN TONE / HEAVY BLACK HEART / WOMAN / MEDIUM-DARK SKIN TONE
2192	👩🏿‍❤️‍👩🏿	家庭	肤色变体（右键）	👩🏿‍❤️‍👩🏿	未直接列在现有 Emoji 网格	1f469-1f3ff-200d-2764-200d-1f469-1f3ff.png	是	U+1F469 U+1F3FF U+200D U+2764 U+FE0F U+200D U+1F469 U+1F3FF	People & Body	family	fully-qualified	女性、较深肤色、粗体黑心、女性、较深肤色	WOMAN / DARK SKIN TONE / HEAVY BLACK HEART / WOMAN / DARK SKIN TONE
2193	👨‍👩‍👦	家庭	主网格	👨‍👩‍👦	Emoji·表情与人物 / 第 10 行	1f468-200d-1f469-200d-1f466.png	是	U+1F468 U+200D U+1F469 U+200D U+1F466	People & Body	family	fully-qualified	男性、女性、男孩	MAN / WOMAN / BOY
2194	👨‍👩‍👧	家庭	主网格	👨‍👩‍👧	Emoji·表情与人物 / 第 10 行	1f468-200d-1f469-200d-1f467.png	是	U+1F468 U+200D U+1F469 U+200D U+1F467	People & Body	family	fully-qualified	男性、女性、女孩	MAN / WOMAN / GIRL
2195	👨‍👩‍👧‍👦	家庭	主网格	👨‍👩‍👧‍👦	Emoji·表情与人物 / 第 10 行	1f468-200d-1f469-200d-1f467-200d-1f466.png	是	U+1F468 U+200D U+1F469 U+200D U+1F467 U+200D U+1F466	People & Body	family	fully-qualified	男性、女性、女孩、男孩	MAN / WOMAN / GIRL / BOY
2196	👨‍👩‍👦‍👦	家庭	主网格	👨‍👩‍👦‍👦	Emoji·表情与人物 / 第 10 行	1f468-200d-1f469-200d-1f466-200d-1f466.png	是	U+1F468 U+200D U+1F469 U+200D U+1F466 U+200D U+1F466	People & Body	family	fully-qualified	男性、女性、男孩、男孩	MAN / WOMAN / BOY / BOY
2197	👨‍👩‍👧‍👧	家庭	主网格	👨‍👩‍👧‍👧	Emoji·表情与人物 / 第 10 行	1f468-200d-1f469-200d-1f467-200d-1f467.png	是	U+1F468 U+200D U+1F469 U+200D U+1F467 U+200D U+1F467	People & Body	family	fully-qualified	男性、女性、女孩、女孩	MAN / WOMAN / GIRL / GIRL
2198	👨‍👨‍👦	家庭	主网格	👨‍👨‍👦	Emoji·表情与人物 / 第 10 行	1f468-200d-1f468-200d-1f466.png	是	U+1F468 U+200D U+1F468 U+200D U+1F466	People & Body	family	fully-qualified	男性、男性、男孩	MAN / MAN / BOY
2199	👨‍👨‍👧	家庭	主网格	👨‍👨‍👧	Emoji·表情与人物 / 第 10 行	1f468-200d-1f468-200d-1f467.png	是	U+1F468 U+200D U+1F468 U+200D U+1F467	People & Body	family	fully-qualified	男性、男性、女孩	MAN / MAN / GIRL
2200	👪	家庭	主网格	👪	Emoji·表情与人物 / 关系与家庭	1f46a.png	是	U+1F46A	People & Body	person-symbol	fully-qualified	家庭	FAMILY
2201	👨‍👨‍👧‍👦	家庭	主网格	👨‍👨‍👧‍👦	Emoji·表情与人物 / 第 9 行	1f468-200d-1f468-200d-1f467-200d-1f466.png	是	U+1F468 U+200D U+1F468 U+200D U+1F467 U+200D U+1F466	People & Body	family	fully-qualified	男性、男性、女孩、男孩	MAN / MAN / GIRL / BOY
2202	👨‍👨‍👦‍👦	家庭	主网格	👨‍👨‍👦‍👦	Emoji·表情与人物 / 第 9 行	1f468-200d-1f468-200d-1f466-200d-1f466.png	是	U+1F468 U+200D U+1F468 U+200D U+1F466 U+200D U+1F466	People & Body	family	fully-qualified	男性、男性、男孩、男孩	MAN / MAN / BOY / BOY
2203	👨‍👨‍👧‍👧	家庭	主网格	👨‍👨‍👧‍👧	Emoji·表情与人物 / 第 9 行	1f468-200d-1f468-200d-1f467-200d-1f467.png	是	U+1F468 U+200D U+1F468 U+200D U+1F467 U+200D U+1F467	People & Body	family	fully-qualified	男性、男性、女孩、女孩	MAN / MAN / GIRL / GIRL
2204	👩‍👩‍👦	家庭	主网格	👩‍👩‍👦	Emoji·表情与人物 / 第 13 行	1f469-200d-1f469-200d-1f466.png	是	U+1F469 U+200D U+1F469 U+200D U+1F466	People & Body	family	fully-qualified	女性、女性、男孩	WOMAN / WOMAN / BOY
2205	👩‍👩‍👧	家庭	主网格	👩‍👩‍👧	Emoji·表情与人物 / 第 13 行	1f469-200d-1f469-200d-1f467.png	是	U+1F469 U+200D U+1F469 U+200D U+1F467	People & Body	family	fully-qualified	女性、女性、女孩	WOMAN / WOMAN / GIRL
2206	👩‍👩‍👧‍👦	家庭	主网格	👩‍👩‍👧‍👦	Emoji·表情与人物 / 第 11 行	1f469-200d-1f469-200d-1f467-200d-1f466.png	是	U+1F469 U+200D U+1F469 U+200D U+1F467 U+200D U+1F466	People & Body	family	fully-qualified	女性、女性、女孩、男孩	WOMAN / WOMAN / GIRL / BOY
2207	👩‍👩‍👦‍👦	家庭	主网格	👩‍👩‍👦‍👦	Emoji·表情与人物 / 第 11 行	1f469-200d-1f469-200d-1f466-200d-1f466.png	是	U+1F469 U+200D U+1F469 U+200D U+1F466 U+200D U+1F466	People & Body	family	fully-qualified	女性、女性、男孩、男孩	WOMAN / WOMAN / BOY / BOY
2208	👩‍👩‍👧‍👧	家庭	主网格	👩‍👩‍👧‍👧	Emoji·表情与人物 / 第 11 行	1f469-200d-1f469-200d-1f467-200d-1f467.png	是	U+1F469 U+200D U+1F469 U+200D U+1F467 U+200D U+1F467	People & Body	family	fully-qualified	女性、女性、女孩、女孩	WOMAN / WOMAN / GIRL / GIRL
2209	👨‍👦	家庭	主网格	👨‍👦	Emoji·表情与人物 / 第 10 行	1f468-200d-1f466.png	是	U+1F468 U+200D U+1F466	People & Body	family	fully-qualified	男性、男孩	MAN / BOY
2210	👨‍👦‍👦	家庭	主网格	👨‍👦‍👦	Emoji·表情与人物 / 第 10 行	1f468-200d-1f466-200d-1f466.png	是	U+1F468 U+200D U+1F466 U+200D U+1F466	People & Body	family	fully-qualified	男性、男孩、男孩	MAN / BOY / BOY
2211	👨‍👧	家庭	主网格	👨‍👧	Emoji·表情与人物 / 第 10 行	1f468-200d-1f467.png	是	U+1F468 U+200D U+1F467	People & Body	family	fully-qualified	男性、女孩	MAN / GIRL
2212	👨‍👧‍👦	家庭	主网格	👨‍👧‍👦	Emoji·表情与人物 / 第 10 行	1f468-200d-1f467-200d-1f466.png	是	U+1F468 U+200D U+1F467 U+200D U+1F466	People & Body	family	fully-qualified	男性、女孩、男孩	MAN / GIRL / BOY
2213	👨‍👧‍👧	家庭	主网格	👨‍👧‍👧	Emoji·表情与人物 / 第 10 行	1f468-200d-1f467-200d-1f467.png	是	U+1F468 U+200D U+1F467 U+200D U+1F467	People & Body	family	fully-qualified	男性、女孩、女孩	MAN / GIRL / GIRL
2214	👩‍👦	家庭	主网格	👩‍👦	Emoji·表情与人物 / 第 17 行	1f469-200d-1f466.png	是	U+1F469 U+200D U+1F466	People & Body	family	fully-qualified	女性、男孩	WOMAN / BOY
2215	👩‍👦‍👦	家庭	主网格	👩‍👦‍👦	Emoji·表情与人物 / 第 12 行	1f469-200d-1f466-200d-1f466.png	是	U+1F469 U+200D U+1F466 U+200D U+1F466	People & Body	family	fully-qualified	女性、男孩、男孩	WOMAN / BOY / BOY
2216	👩‍👧	家庭	主网格	👩‍👧	Emoji·表情与人物 / 第 17 行	1f469-200d-1f467.png	是	U+1F469 U+200D U+1F467	People & Body	family	fully-qualified	女性、女孩	WOMAN / GIRL
2217	👩‍👧‍👦	家庭	主网格	👩‍👧‍👦	Emoji·表情与人物 / 第 13 行	1f469-200d-1f467-200d-1f466.png	是	U+1F469 U+200D U+1F467 U+200D U+1F466	People & Body	family	fully-qualified	女性、女孩、男孩	WOMAN / GIRL / BOY
2218	👩‍👧‍👧	家庭	主网格	👩‍👧‍👧	Emoji·表情与人物 / 第 13 行	1f469-200d-1f467-200d-1f467.png	是	U+1F469 U+200D U+1F467 U+200D U+1F467	People & Body	family	fully-qualified	女性、女孩、女孩	WOMAN / GIRL / GIRL
2219	💌	情绪	主网格	💌	Emoji·符号与旗帜 / 第 56 行	1f48c.png	是	U+1F48C	Smileys & Emotion	heart	fully-qualified	情书	LOVE LETTER
2220	💘	情绪	主网格	💘	Emoji·食物与活动 / 第 3 行	1f498.png	是	U+1F498	Smileys & Emotion	heart	fully-qualified	心中箭了	HEART WITH ARROW
2221	💝	情绪	主网格	💝	Emoji·食物与活动 / 第 3 行	1f49d.png	是	U+1F49D	Smileys & Emotion	heart	fully-qualified	系有缎带的心	HEART WITH RIBBON
2222	💖	情绪	主网格	💖	Emoji·食物与活动 / 第 3 行	1f496.png	是	U+1F496	Smileys & Emotion	heart	fully-qualified	闪亮的心	SPARKLING HEART
2223	💗	情绪	主网格	💗	Emoji·食物与活动 / 第 3 行	1f497.png	是	U+1F497	Smileys & Emotion	heart	fully-qualified	搏动的心	GROWING HEART
2224	💓	情绪	主网格	💓	Emoji·食物与活动 / 第 3 行	1f493.png	是	U+1F493	Smileys & Emotion	heart	fully-qualified	心跳	BEATING HEART
2225	💞	情绪	主网格	💞	Emoji·食物与活动 / 第 12 行	1f49e.png	是	U+1F49E	Smileys & Emotion	heart	fully-qualified	舞动的心	REVOLVING HEARTS
2226	💕	情绪	主网格	💕	Emoji·食物与活动 / 第 12 行	1f495.png	是	U+1F495	Smileys & Emotion	heart	fully-qualified	两颗心	TWO HEARTS
2227	💟	情绪	主网格	💟	Emoji·食物与活动 / 第 3 行	1f49f.png	是	U+1F49F	Smileys & Emotion	heart	fully-qualified	心型装饰	HEART DECORATION
2228	❣️	情绪	主网格	❣️	Emoji·食物与活动 / 其他食物与活动	2763.png	是	U+2763 U+FE0F	Smileys & Emotion	heart	fully-qualified	心叹号	HEAVY HEART EXCLAMATION MARK ORNAMENT
2229	❣	情绪	呈现别名（不重复显示）	❣️	Emoji·食物与活动 / 第 6 行	2763.png	是	U+2763	Smileys & Emotion	heart	unqualified	心叹号	HEAVY HEART EXCLAMATION MARK ORNAMENT
2230	💔	情绪	主网格	💔	Emoji·食物与活动 / 第 3 行	1f494.png	是	U+1F494	Smileys & Emotion	heart	fully-qualified	心碎	BROKEN HEART
2231	❤️‍🔥	情绪	主网格	❤️‍🔥	Emoji·动物与自然 / 自然与其他	2764-200d-1f525.png	是	U+2764 U+FE0F U+200D U+1F525	Smileys & Emotion	heart	fully-qualified	火上之心	HEAVY BLACK HEART / FIRE
2232	❤️‍🩹	情绪	主网格	❤️‍🩹	Emoji·食物与活动 / 其他食物与活动	2764-200d-1fa79.png	是	U+2764 U+FE0F U+200D U+1FA79	Smileys & Emotion	heart	fully-qualified	修复受伤的心灵	HEAVY BLACK HEART / ADHESIVE BANDAGE
2233	❤️	情绪	主网格	❤️	Emoji·食物与活动 / 其他食物与活动	2764.png	是	U+2764 U+FE0F	Smileys & Emotion	heart	fully-qualified	红心	HEAVY BLACK HEART
2234	❤	情绪	呈现别名（不重复显示）	❤️	Emoji·食物与活动 / 第 6 行	2764.png	是	U+2764	Smileys & Emotion	heart	unqualified	红心	HEAVY BLACK HEART
2235	🩷	情绪	主网格	🩷	Emoji·食物与活动 / 第 7 行	1fa77.png	是	U+1FA77	Smileys & Emotion	heart	fully-qualified	粉红色的心	PINK HEART
2236	🧡	情绪	主网格	🧡	Emoji·食物与活动 / 第 6 行	1f9e1.png	是	U+1F9E1	Smileys & Emotion	heart	fully-qualified	橙心	ORANGE HEART
2237	💛	情绪	主网格	💛	Emoji·食物与活动 / 第 3 行	1f49b.png	是	U+1F49B	Smileys & Emotion	heart	fully-qualified	黄心	YELLOW HEART
2238	💚	情绪	主网格	💚	Emoji·食物与活动 / 第 3 行	1f49a.png	是	U+1F49A	Smileys & Emotion	heart	fully-qualified	绿心	GREEN HEART
2239	💙	情绪	主网格	💙	Emoji·食物与活动 / 第 3 行	1f499.png	是	U+1F499	Smileys & Emotion	heart	fully-qualified	蓝心	BLUE HEART
2240	🩵	情绪	主网格	🩵	Emoji·食物与活动 / 第 7 行	1fa75.png	是	U+1FA75	Smileys & Emotion	heart	fully-qualified	浅蓝色的心	LIGHT BLUE HEART
2241	💜	情绪	主网格	💜	Emoji·食物与活动 / 第 3 行	1f49c.png	是	U+1F49C	Smileys & Emotion	heart	fully-qualified	紫心	PURPLE HEART
2242	🤎	情绪	主网格	🤎	Emoji·食物与活动 / 第 5 行	1f90e.png	是	U+1F90E	Smileys & Emotion	heart	fully-qualified	棕心	BROWN HEART
2243	🖤	情绪	主网格	🖤	Emoji·食物与活动 / 第 4 行	1f5a4.png	是	U+1F5A4	Smileys & Emotion	heart	fully-qualified	黑心	BLACK HEART
2244	🩶	情绪	主网格	🩶	Emoji·食物与活动 / 第 7 行	1fa76.png	是	U+1FA76	Smileys & Emotion	heart	fully-qualified	灰心	GREY HEART
2245	🤍	情绪	主网格	🤍	Emoji·食物与活动 / 第 4 行	1f90d.png	是	U+1F90D	Smileys & Emotion	heart	fully-qualified	白心	WHITE HEART
2246	💋	情绪	主网格	💋	Emoji·表情与人物 / 关系与家庭	1f48b.png	是	U+1F48B	Smileys & Emotion	emotion	fully-qualified	唇印	KISS MARK
2247	💢	情绪	主网格	💢	Emoji·符号与旗帜 / 第 56 行	1f4a2.png	是	U+1F4A2	Smileys & Emotion	emotion	fully-qualified	怒	ANGER SYMBOL
2248	💥	情绪	主网格	💥	Emoji·符号与旗帜 / 第 57 行	1f4a5.png	是	U+1F4A5	Smileys & Emotion	emotion	fully-qualified	爆炸	COLLISION SYMBOL
2249	💯	情绪	主网格	💯	Emoji·符号与旗帜 / 第 57 行	1f4af.png	是	U+1F4AF	Smileys & Emotion	emotion	fully-qualified	一百分	HUNDRED POINTS SYMBOL
2250	🫯	情绪	主网格	🫯	Emoji·符号与旗帜 / 第 91 行	1faef.png	是	U+1FAEF	Smileys & Emotion	emotion	fully-qualified	打斗云团	U+1FAEF
2251	💫	情绪	主网格	💫	Emoji·符号与旗帜 / 第 57 行	1f4ab.png	是	U+1F4AB	Smileys & Emotion	emotion	fully-qualified	头晕	DIZZY SYMBOL
2252	💦	情绪	主网格	💦	Emoji·符号与旗帜 / 第 57 行	1f4a6.png	是	U+1F4A6	Smileys & Emotion	emotion	fully-qualified	汗滴	SPLASHING SWEAT SYMBOL
2253	💤	情绪	主网格	💤	Emoji·符号与旗帜 / 第 57 行	1f4a4.png	是	U+1F4A4	Smileys & Emotion	emotion	fully-qualified	睡着	SLEEPING SYMBOL
2254	🕳️	情绪	主网格	🕳️	Emoji·符号与旗帜 / 第 38 行	1f573.png	是	U+1F573 U+FE0F	Smileys & Emotion	emotion	fully-qualified	洞	HOLE
2255	🕳	情绪	呈现别名（不重复显示）	🕳️	Emoji·符号与旗帜 / 第 86 行	1f573.png	是	U+1F573	Smileys & Emotion	emotion	unqualified	洞	HOLE
2256	💨	情绪	主网格	💨	Emoji·符号与旗帜 / 第 57 行	1f4a8.png	是	U+1F4A8	Smileys & Emotion	emotion	fully-qualified	尾气	DASH SYMBOL
2257	💬	情绪	主网格	💬	Emoji·食物与活动 / 第 12 行	1f4ac.png	是	U+1F4AC	Smileys & Emotion	emotion	fully-qualified	话语气泡	SPEECH BALLOON
2258	👁️‍🗨️	情绪	主网格	👁️‍🗨️	Emoji·符号与旗帜 / 第 28 行	1f441-200d-1f5e8.png	是	U+1F441 U+FE0F U+200D U+1F5E8 U+FE0F	Smileys & Emotion	emotion	fully-qualified	眼睛对话框	EYE / LEFT SPEECH BUBBLE
2259	🗨️	情绪	主网格	🗨️	Emoji·符号与旗帜 / 第 39 行	1f5e8.png	是	U+1F5E8 U+FE0F	Smileys & Emotion	emotion	fully-qualified	朝左的话语气泡	LEFT SPEECH BUBBLE
2260	🗨	情绪	呈现别名（不重复显示）	🗨️	Emoji·符号与旗帜 / 第 87 行	1f5e8.png	是	U+1F5E8	Smileys & Emotion	emotion	unqualified	朝左的话语气泡	LEFT SPEECH BUBBLE
2261	🗯️	情绪	主网格	🗯️	Emoji·符号与旗帜 / 第 39 行	1f5ef.png	是	U+1F5EF U+FE0F	Smileys & Emotion	emotion	fully-qualified	愤怒话语气泡	RIGHT ANGER BUBBLE
2262	🗯	情绪	呈现别名（不重复显示）	🗯️	Emoji·符号与旗帜 / 第 87 行	1f5ef.png	是	U+1F5EF	Smileys & Emotion	emotion	unqualified	愤怒话语气泡	RIGHT ANGER BUBBLE
2263	💭	情绪	主网格	💭	Emoji·食物与活动 / 第 12 行	1f4ad.png	是	U+1F4AD	Smileys & Emotion	emotion	fully-qualified	内心活动气泡	THOUGHT BALLOON
2264	💐	植物	主网格	💐	Emoji·符号与旗帜 / 第 56 行	1f490.png	是	U+1F490	Animals & Nature	plant-flower	fully-qualified	花束	BOUQUET
2265	🌸	植物	主网格	🌸	Emoji·食物与活动 / 食物·水果	1f338.png	是	U+1F338	Animals & Nature	plant-flower	fully-qualified	樱花	CHERRY BLOSSOM
2266	💮	植物	主网格	💮	Emoji·动物与自然 / 第 2 行	1f4ae.png	是	U+1F4AE	Animals & Nature	plant-flower	fully-qualified	白花	WHITE FLOWER
2267	🪷	植物	主网格	🪷	Emoji·符号与旗帜 / 第 89 行	1fab7.png	是	U+1FAB7	Animals & Nature	plant-flower	fully-qualified	莲花	LOTUS
2268	🏵️	植物	主网格	🏵️	Emoji·符号与旗帜 / 第 38 行	1f3f5.png	是	U+1F3F5 U+FE0F	Animals & Nature	plant-flower	fully-qualified	圆形花饰	ROSETTE
2269	🏵	植物	呈现别名（不重复显示）	🏵️	Emoji·符号与旗帜 / 第 85 行	1f3f5.png	是	U+1F3F5	Animals & Nature	plant-flower	unqualified	圆形花饰	ROSETTE
2270	🌹	植物	主网格	🌹	Emoji·符号与旗帜 / 第 49 行	1f339.png	是	U+1F339	Animals & Nature	plant-flower	fully-qualified	玫瑰	ROSE
2271	🥀	植物	主网格	🥀	Emoji·动物与自然 / 第 2 行	1f940.png	是	U+1F940	Animals & Nature	plant-flower	fully-qualified	枯萎的花	WILTED FLOWER
2272	🌺	植物	主网格	🌺	Emoji·符号与旗帜 / 第 49 行	1f33a.png	是	U+1F33A	Animals & Nature	plant-flower	fully-qualified	芙蓉	HIBISCUS
2273	🌻	植物	主网格	🌻	Emoji·动物与自然 / 植物与花草	1f33b.png	是	U+1F33B	Animals & Nature	plant-flower	fully-qualified	向日葵	SUNFLOWER
2274	🌼	植物	主网格	🌼	Emoji·符号与旗帜 / 第 49 行	1f33c.png	是	U+1F33C	Animals & Nature	plant-flower	fully-qualified	开花	BLOSSOM
2275	🌷	植物	主网格	🌷	Emoji·符号与旗帜 / 第 49 行	1f337.png	是	U+1F337	Animals & Nature	plant-flower	fully-qualified	郁金香	TULIP
2276	🪻	植物	主网格	🪻	Emoji·符号与旗帜 / 第 89 行	1fabb.png	是	U+1FABB	Animals & Nature	plant-flower	fully-qualified	风信子	HYACINTH
2277	🌱	植物	主网格	🌱	Emoji·符号与旗帜 / 第 49 行	1f331.png	是	U+1F331	Animals & Nature	plant-other	fully-qualified	幼苗	SEEDLING
2278	🪴	植物	主网格	🪴	Emoji·动物与自然 / 第 16 行	1fab4.png	是	U+1FAB4	Animals & Nature	plant-other	fully-qualified	盆栽植物	POTTED PLANT
2279	🌲	植物	主网格	🌲	Emoji·动物与自然 / 植物与花草	1f332.png	是	U+1F332	Animals & Nature	plant-other	fully-qualified	松树	EVERGREEN TREE
2280	🌳	植物	主网格	🌳	Emoji·动物与自然 / 植物与花草	1f333.png	是	U+1F333	Animals & Nature	plant-other	fully-qualified	落叶树	DECIDUOUS TREE
2281	🌴	植物	主网格	🌴	Emoji·动物与自然 / 植物与花草	1f334.png	是	U+1F334	Animals & Nature	plant-other	fully-qualified	棕榈树	PALM TREE
2282	🌵	植物	主网格	🌵	Emoji·符号与旗帜 / 第 49 行	1f335.png	是	U+1F335	Animals & Nature	plant-other	fully-qualified	仙人掌	CACTUS
2283	🌾	植物	主网格	🌾	Emoji·食物与活动 / 食物·主食与料理	1f33e.png	是	U+1F33E	Animals & Nature	plant-other	fully-qualified	稻子	EAR OF RICE
2284	🌿	植物	主网格	🌿	Emoji·符号与旗帜 / 第 50 行	1f33f.png	是	U+1F33F	Animals & Nature	plant-other	fully-qualified	药草	HERB
2285	☘️	植物	主网格	☘️	Emoji·符号与旗帜 / 第 34 行	2618.png	是	U+2618 U+FE0F	Animals & Nature	plant-other	fully-qualified	三叶草	SHAMROCK
2286	☘	植物	呈现别名（不重复显示）	☘️	Emoji·符号与旗帜 / 第 81 行	2618.png	是	U+2618	Animals & Nature	plant-other	unqualified	三叶草	SHAMROCK
2287	🍀	植物	主网格	🍀	Emoji·动物与自然 / 植物与花草	1f340.png	是	U+1F340	Animals & Nature	plant-other	fully-qualified	四叶草	FOUR LEAF CLOVER
2288	🍁	植物	主网格	🍁	Emoji·动物与自然 / 植物与花草	1f341.png	是	U+1F341	Animals & Nature	plant-other	fully-qualified	枫叶	MAPLE LEAF
2289	🍂	植物	主网格	🍂	Emoji·动物与自然 / 植物与花草	1f342.png	是	U+1F342	Animals & Nature	plant-other	fully-qualified	落叶	FALLEN LEAF
2290	🍃	植物	主网格	🍃	Emoji·动物与自然 / 植物与花草	1f343.png	是	U+1F343	Animals & Nature	plant-other	fully-qualified	风吹叶落	LEAF FLUTTERING IN WIND
2291	🪹	植物	主网格	🪹	Emoji·符号与旗帜 / 第 89 行	1fab9.png	是	U+1FAB9	Animals & Nature	plant-other	fully-qualified	空巢	EMPTY NEST
2292	🪺	植物	主网格	🪺	Emoji·食物与活动 / 第 7 行	1faba.png	是	U+1FABA	Animals & Nature	plant-other	fully-qualified	有蛋的巢	NEST WITH EGGS
2293	🍄	植物	主网格	🍄	Emoji·食物与活动 / 其他食物与活动	1f344.png	是	U+1F344	Animals & Nature	plant-other	fully-qualified	蘑菇	MUSHROOM
2294	🪾	植物	主网格	🪾	Emoji·符号与旗帜 / 第 89 行	1fabe.png	是	U+1FABE	Animals & Nature	plant-other	fully-qualified	无叶树	U+1FABE
2295	🐵	动物	主网格	🐵	Emoji·表情与人物 / 第 25 行	1f435.png	是	U+1F435	Animals & Nature	animal-mammal	fully-qualified	猴头	MONKEY FACE
2296	🐒	动物	主网格	🐒	Emoji·动物与自然 / 第 14 行	1f412.png	是	U+1F412	Animals & Nature	animal-mammal	fully-qualified	猴子	MONKEY
2297	🦍	动物	主网格	🦍	Emoji·符号与旗帜 / 第 70 行	1f98d.png	是	U+1F98D	Animals & Nature	animal-mammal	fully-qualified	大猩猩	GORILLA
2298	🦧	动物	主网格	🦧	Emoji·符号与旗帜 / 第 72 行	1f9a7.png	是	U+1F9A7	Animals & Nature	animal-mammal	fully-qualified	红毛猩猩	ORANGUTAN
2299	🐶	动物	主网格	🐶	Emoji·表情与人物 / 第 25 行	1f436.png	是	U+1F436	Animals & Nature	animal-mammal	fully-qualified	狗脸	DOG FACE
2300	🐕	动物	主网格	🐕	Emoji·动物与自然 / 动物·哺乳与宠物	1f415.png	是	U+1F415	Animals & Nature	animal-mammal	fully-qualified	狗	DOG
2301	🦮	动物	主网格	🦮	Emoji·动物与自然 / 第 14 行	1f9ae.png	是	U+1F9AE	Animals & Nature	animal-mammal	fully-qualified	导盲犬	GUIDE DOG
2302	🐕‍🦺	动物	主网格	🐕‍🦺	Emoji·动物与自然 / 动物·哺乳与宠物	1f415-200d-1f9ba.png	是	U+1F415 U+200D U+1F9BA	Animals & Nature	animal-mammal	fully-qualified	服务犬	DOG / SAFETY VEST
2303	🐩	动物	主网格	🐩	Emoji·符号与旗帜 / 第 54 行	1f429.png	是	U+1F429	Animals & Nature	animal-mammal	fully-qualified	贵宾犬	POODLE
2304	🐺	动物	主网格	🐺	Emoji·表情与人物 / 第 26 行	1f43a.png	是	U+1F43A	Animals & Nature	animal-mammal	fully-qualified	狼	WOLF FACE
2305	🦊	动物	主网格	🦊	Emoji·表情与人物 / 第 35 行	1f98a.png	是	U+1F98A	Animals & Nature	animal-mammal	fully-qualified	狐狸	FOX FACE
2306	🦝	动物	主网格	🦝	Emoji·符号与旗帜 / 第 71 行	1f99d.png	是	U+1F99D	Animals & Nature	animal-mammal	fully-qualified	浣熊	RACCOON
2307	🐱	动物	主网格	🐱	Emoji·表情与人物 / 第 25 行	1f431.png	是	U+1F431	Animals & Nature	animal-mammal	fully-qualified	猫脸	CAT FACE
2308	🐈	动物	主网格	🐈	Emoji·动物与自然 / 动物·哺乳与宠物	1f408.png	是	U+1F408	Animals & Nature	animal-mammal	fully-qualified	猫	CAT
2309	🐈‍⬛	动物	主网格	🐈‍⬛	Emoji·动物与自然 / 动物·哺乳与宠物	1f408-200d-2b1b.png	是	U+1F408 U+200D U+2B1B	Animals & Nature	animal-mammal	fully-qualified	黑猫	CAT / BLACK LARGE SQUARE
2310	🦁	动物	主网格	🦁	Emoji·表情与人物 / 第 35 行	1f981.png	是	U+1F981	Animals & Nature	animal-mammal	fully-qualified	狮子	LION FACE
2311	🐯	动物	主网格	🐯	Emoji·表情与人物 / 第 25 行	1f42f.png	是	U+1F42F	Animals & Nature	animal-mammal	fully-qualified	老虎头	TIGER FACE
2312	🐅	动物	主网格	🐅	Emoji·动物与自然 / 动物·哺乳与宠物	1f405.png	是	U+1F405	Animals & Nature	animal-mammal	fully-qualified	老虎	TIGER
2313	🐆	动物	主网格	🐆	Emoji·动物与自然 / 第 4 行	1f406.png	是	U+1F406	Animals & Nature	animal-mammal	fully-qualified	豹子	LEOPARD
2314	🐴	动物	主网格	🐴	Emoji·表情与人物 / 第 25 行	1f434.png	是	U+1F434	Animals & Nature	animal-mammal	fully-qualified	马头	HORSE FACE
2315	🫎	动物	主网格	🫎	Emoji·符号与旗帜 / 第 90 行	1face.png	是	U+1FACE	Animals & Nature	animal-mammal	fully-qualified	驼鹿	MOOSE
2316	🫏	动物	主网格	🫏	Emoji·旅行与物品 / 第 20 行	1facf.png	是	U+1FACF	Animals & Nature	animal-mammal	fully-qualified	驴	DONKEY
2317	🐎	动物	主网格	🐎	Emoji·动物与自然 / 动物·哺乳与宠物	1f40e.png	是	U+1F40E	Animals & Nature	animal-mammal	fully-qualified	马	HORSE
2318	🦄	动物	主网格	🦄	Emoji·表情与人物 / 第 35 行	1f984.png	是	U+1F984	Animals & Nature	animal-mammal	fully-qualified	独角兽	UNICORN FACE
2319	🦓	动物	主网格	🦓	Emoji·表情与人物 / 第 35 行	1f993.png	是	U+1F993	Animals & Nature	animal-mammal	fully-qualified	斑马	ZEBRA FACE
2320	🦌	动物	主网格	🦌	Emoji·符号与旗帜 / 第 70 行	1f98c.png	是	U+1F98C	Animals & Nature	animal-mammal	fully-qualified	鹿	DEER
2321	🦬	动物	主网格	🦬	Emoji·符号与旗帜 / 第 72 行	1f9ac.png	是	U+1F9AC	Animals & Nature	animal-mammal	fully-qualified	大野牛	BISON
2322	🐮	动物	主网格	🐮	Emoji·表情与人物 / 第 25 行	1f42e.png	是	U+1F42E	Animals & Nature	animal-mammal	fully-qualified	奶牛头	COW FACE
2323	🐂	动物	主网格	🐂	Emoji·符号与旗帜 / 第 53 行	1f402.png	是	U+1F402	Animals & Nature	animal-mammal	fully-qualified	公牛	OX
2324	🐃	动物	主网格	🐃	Emoji·动物与自然 / 第 4 行	1f403.png	是	U+1F403	Animals & Nature	animal-mammal	fully-qualified	水牛	WATER BUFFALO
2325	🐄	动物	主网格	🐄	Emoji·动物与自然 / 动物·哺乳与宠物	1f404.png	是	U+1F404	Animals & Nature	animal-mammal	fully-qualified	奶牛	COW
2326	🐷	动物	主网格	🐷	Emoji·表情与人物 / 第 25 行	1f437.png	是	U+1F437	Animals & Nature	animal-mammal	fully-qualified	猪头	PIG FACE
2327	🐖	动物	主网格	🐖	Emoji·动物与自然 / 第 14 行	1f416.png	是	U+1F416	Animals & Nature	animal-mammal	fully-qualified	猪	PIG
2328	🐗	动物	主网格	🐗	Emoji·动物与自然 / 第 5 行	1f417.png	是	U+1F417	Animals & Nature	animal-mammal	fully-qualified	野猪	BOAR
2329	🐽	动物	主网格	🐽	Emoji·动物与自然 / 第 14 行	1f43d.png	是	U+1F43D	Animals & Nature	animal-mammal	fully-qualified	猪鼻子	PIG NOSE
2330	🐏	动物	主网格	🐏	Emoji·符号与旗帜 / 第 53 行	1f40f.png	是	U+1F40F	Animals & Nature	animal-mammal	fully-qualified	公羊	RAM
2331	🐑	动物	主网格	🐑	Emoji·符号与旗帜 / 第 53 行	1f411.png	是	U+1F411	Animals & Nature	animal-mammal	fully-qualified	母羊	SHEEP
2332	🐐	动物	主网格	🐐	Emoji·符号与旗帜 / 第 53 行	1f410.png	是	U+1F410	Animals & Nature	animal-mammal	fully-qualified	山羊	GOAT
2333	🐪	动物	主网格	🐪	Emoji·动物与自然 / 第 5 行	1f42a.png	是	U+1F42A	Animals & Nature	animal-mammal	fully-qualified	骆驼	DROMEDARY CAMEL
2334	🐫	动物	主网格	🐫	Emoji·动物与自然 / 第 5 行	1f42b.png	是	U+1F42B	Animals & Nature	animal-mammal	fully-qualified	双峰骆驼	BACTRIAN CAMEL
2335	🦙	动物	主网格	🦙	Emoji·符号与旗帜 / 第 70 行	1f999.png	是	U+1F999	Animals & Nature	animal-mammal	fully-qualified	美洲鸵	LLAMA
2336	🦒	动物	主网格	🦒	Emoji·表情与人物 / 第 35 行	1f992.png	是	U+1F992	Animals & Nature	animal-mammal	fully-qualified	长颈鹿	GIRAFFE FACE
2337	🐘	动物	主网格	🐘	Emoji·动物与自然 / 动物·昆虫与爬行	1f418.png	是	U+1F418	Animals & Nature	animal-mammal	fully-qualified	大象	ELEPHANT
2338	🦣	动物	主网格	🦣	Emoji·符号与旗帜 / 第 71 行	1f9a3.png	是	U+1F9A3	Animals & Nature	animal-mammal	fully-qualified	猛犸	MAMMOTH
2339	🦏	动物	主网格	🦏	Emoji·动物与自然 / 第 6 行	1f98f.png	是	U+1F98F	Animals & Nature	animal-mammal	fully-qualified	犀牛	RHINOCEROS
2340	🦛	动物	主网格	🦛	Emoji·符号与旗帜 / 第 71 行	1f99b.png	是	U+1F99B	Animals & Nature	animal-mammal	fully-qualified	河马	HIPPOPOTAMUS
2341	🐭	动物	主网格	🐭	Emoji·表情与人物 / 第 25 行	1f42d.png	是	U+1F42D	Animals & Nature	animal-mammal	fully-qualified	老鼠头	MOUSE FACE
2342	🐁	动物	主网格	🐁	Emoji·动物与自然 / 第 4 行	1f401.png	是	U+1F401	Animals & Nature	animal-mammal	fully-qualified	老鼠	MOUSE
2343	🐀	动物	主网格	🐀	Emoji·符号与旗帜 / 第 53 行	1f400.png	是	U+1F400	Animals & Nature	animal-mammal	fully-qualified	耗子	RAT
2344	🐹	动物	主网格	🐹	Emoji·表情与人物 / 第 25 行	1f439.png	是	U+1F439	Animals & Nature	animal-mammal	fully-qualified	仓鼠	HAMSTER FACE
2345	🐰	动物	主网格	🐰	Emoji·表情与人物 / 第 25 行	1f430.png	是	U+1F430	Animals & Nature	animal-mammal	fully-qualified	兔子头	RABBIT FACE
2346	🐇	动物	主网格	🐇	Emoji·动物与自然 / 动物·哺乳与宠物	1f407.png	是	U+1F407	Animals & Nature	animal-mammal	fully-qualified	兔子	RABBIT
2347	🐿️	动物	主网格	🐿️	Emoji·符号与旗帜 / 第 38 行	1f43f.png	是	U+1F43F U+FE0F	Animals & Nature	animal-mammal	fully-qualified	松鼠	CHIPMUNK
2348	🐿	动物	呈现别名（不重复显示）	🐿️	Emoji·符号与旗帜 / 第 85 行	1f43f.png	是	U+1F43F	Animals & Nature	animal-mammal	unqualified	松鼠	CHIPMUNK
2349	🦫	动物	主网格	🦫	Emoji·符号与旗帜 / 第 72 行	1f9ab.png	是	U+1F9AB	Animals & Nature	animal-mammal	fully-qualified	海狸	BEAVER
2350	🦔	动物	主网格	🦔	Emoji·符号与旗帜 / 第 70 行	1f994.png	是	U+1F994	Animals & Nature	animal-mammal	fully-qualified	刺猬	HEDGEHOG
2351	🦇	动物	主网格	🦇	Emoji·符号与旗帜 / 第 70 行	1f987.png	是	U+1F987	Animals & Nature	animal-mammal	fully-qualified	蝙蝠	BAT
2352	🐻	动物	主网格	🐻	Emoji·表情与人物 / 第 24 行	1f43b.png	是	U+1F43B	Animals & Nature	animal-mammal	fully-qualified	熊	BEAR FACE
2353	🐻‍❄️	动物	主网格	🐻‍❄️	Emoji·表情与人物 / 表情与情绪	1f43b-200d-2744.png	是	U+1F43B U+200D U+2744 U+FE0F	Animals & Nature	animal-mammal	fully-qualified	北极熊	BEAR FACE / SNOWFLAKE
2354	🐨	动物	主网格	🐨	Emoji·动物与自然 / 第 5 行	1f428.png	是	U+1F428	Animals & Nature	animal-mammal	fully-qualified	考拉	KOALA
2355	🐼	动物	主网格	🐼	Emoji·表情与人物 / 第 26 行	1f43c.png	是	U+1F43C	Animals & Nature	animal-mammal	fully-qualified	熊猫	PANDA FACE
2356	🦥	动物	主网格	🦥	Emoji·符号与旗帜 / 第 71 行	1f9a5.png	是	U+1F9A5	Animals & Nature	animal-mammal	fully-qualified	树懒	SLOTH
2357	🦦	动物	主网格	🦦	Emoji·符号与旗帜 / 第 71 行	1f9a6.png	是	U+1F9A6	Animals & Nature	animal-mammal	fully-qualified	水獭	OTTER
2358	🦨	动物	主网格	🦨	Emoji·符号与旗帜 / 第 72 行	1f9a8.png	是	U+1F9A8	Animals & Nature	animal-mammal	fully-qualified	臭鼬	SKUNK
2359	🦘	动物	主网格	🦘	Emoji·动物与自然 / 第 6 行	1f998.png	是	U+1F998	Animals & Nature	animal-mammal	fully-qualified	袋鼠	KANGAROO
2360	🦡	动物	主网格	🦡	Emoji·动物与自然 / 第 6 行	1f9a1.png	是	U+1F9A1	Animals & Nature	animal-mammal	fully-qualified	獾	BADGER
2361	🐾	动物	主网格	🐾	Emoji·动物与自然 / 第 5 行	1f43e.png	是	U+1F43E	Animals & Nature	animal-mammal	fully-qualified	爪印	PAW PRINTS
2362	🦃	动物	主网格	🦃	Emoji·旅行与物品 / 第 19 行	1f983.png	是	U+1F983	Animals & Nature	animal-bird	fully-qualified	火鸡	TURKEY
2363	🐔	动物	主网格	🐔	Emoji·动物与自然 / 动物·鸟类	1f414.png	是	U+1F414	Animals & Nature	animal-bird	fully-qualified	鸡	CHICKEN
2364	🐓	动物	主网格	🐓	Emoji·符号与旗帜 / 第 53 行	1f413.png	是	U+1F413	Animals & Nature	animal-bird	fully-qualified	公鸡	ROOSTER
2365	🐣	动物	主网格	🐣	Emoji·符号与旗帜 / 第 54 行	1f423.png	是	U+1F423	Animals & Nature	animal-bird	fully-qualified	小鸡破壳	HATCHING CHICK
2366	🐤	动物	主网格	🐤	Emoji·表情与人物 / 第 20 行	1f424.png	是	U+1F424	Animals & Nature	animal-bird	fully-qualified	小鸡	BABY CHICK
2367	🐥	动物	主网格	🐥	Emoji·表情与人物 / 第 20 行	1f425.png	是	U+1F425	Animals & Nature	animal-bird	fully-qualified	正面朝向的小鸡	FRONT-FACING BABY CHICK
2368	🐦	动物	主网格	🐦	Emoji·动物与自然 / 动物·鸟类	1f426.png	是	U+1F426	Animals & Nature	animal-bird	fully-qualified	鸟	BIRD
2369	🐧	动物	主网格	🐧	Emoji·动物与自然 / 第 5 行	1f427.png	是	U+1F427	Animals & Nature	animal-bird	fully-qualified	企鹅	PENGUIN
2370	🕊️	动物	主网格	🕊️	Emoji·符号与旗帜 / 第 95 行	1f54a.png	是	U+1F54A U+FE0F	Animals & Nature	animal-bird	fully-qualified	鸽	DOVE OF PEACE
2371	🕊	动物	呈现别名（不重复显示）	🕊️	Emoji·符号与旗帜 / 第 100 行	1f54a.png	是	U+1F54A	Animals & Nature	animal-bird	unqualified	鸽	DOVE OF PEACE
2372	🦅	动物	主网格	🦅	Emoji·符号与旗帜 / 第 70 行	1f985.png	是	U+1F985	Animals & Nature	animal-bird	fully-qualified	鹰	EAGLE
2373	🦆	动物	主网格	🦆	Emoji·符号与旗帜 / 第 70 行	1f986.png	是	U+1F986	Animals & Nature	animal-bird	fully-qualified	鸭子	DUCK
2374	🦢	动物	主网格	🦢	Emoji·符号与旗帜 / 第 71 行	1f9a2.png	是	U+1F9A2	Animals & Nature	animal-bird	fully-qualified	天鹅	SWAN
2375	🦉	动物	主网格	🦉	Emoji·符号与旗帜 / 第 70 行	1f989.png	是	U+1F989	Animals & Nature	animal-bird	fully-qualified	猫头鹰	OWL
2376	🦤	动物	主网格	🦤	Emoji·符号与旗帜 / 第 71 行	1f9a4.png	是	U+1F9A4	Animals & Nature	animal-bird	fully-qualified	渡渡鸟	DODO
2377	🪶	动物	主网格	🪶	Emoji·符号与旗帜 / 第 79 行	1fab6.png	是	U+1FAB6	Animals & Nature	animal-bird	fully-qualified	羽毛	FEATHER
2378	🦩	动物	主网格	🦩	Emoji·符号与旗帜 / 第 72 行	1f9a9.png	是	U+1F9A9	Animals & Nature	animal-bird	fully-qualified	火烈鸟	FLAMINGO
2379	🦚	动物	主网格	🦚	Emoji·符号与旗帜 / 第 71 行	1f99a.png	是	U+1F99A	Animals & Nature	animal-bird	fully-qualified	孔雀	PEACOCK
2380	🦜	动物	主网格	🦜	Emoji·符号与旗帜 / 第 71 行	1f99c.png	是	U+1F99C	Animals & Nature	animal-bird	fully-qualified	鹦鹉	PARROT
2381	🪽	动物	主网格	🪽	Emoji·符号与旗帜 / 第 89 行	1fabd.png	是	U+1FABD	Animals & Nature	animal-bird	fully-qualified	翅膀	WING
2382	🪿	动物	主网格	🪿	Emoji·符号与旗帜 / 第 89 行	1fabf.png	是	U+1FABF	Animals & Nature	animal-bird	fully-qualified	鹅	GOOSE
2383	🐸	动物	主网格	🐸	Emoji·表情与人物 / 第 25 行	1f438.png	是	U+1F438	Animals & Nature	animal-amphibian	fully-qualified	青蛙	FROG FACE
2384	🐊	动物	主网格	🐊	Emoji·动物与自然 / 第 4 行	1f40a.png	是	U+1F40A	Animals & Nature	animal-reptile	fully-qualified	鳄鱼	CROCODILE
2385	🐢	动物	主网格	🐢	Emoji·动物与自然 / 第 5 行	1f422.png	是	U+1F422	Animals & Nature	animal-reptile	fully-qualified	龟	TURTLE
2386	🦎	动物	主网格	🦎	Emoji·动物与自然 / 第 6 行	1f98e.png	是	U+1F98E	Animals & Nature	animal-reptile	fully-qualified	蜥蜴	LIZARD
2387	🐍	动物	主网格	🐍	Emoji·动物与自然 / 第 5 行	1f40d.png	是	U+1F40D	Animals & Nature	animal-reptile	fully-qualified	蛇	SNAKE
2388	🐲	动物	主网格	🐲	Emoji·表情与人物 / 第 25 行	1f432.png	是	U+1F432	Animals & Nature	animal-reptile	fully-qualified	龙头	DRAGON FACE
2389	🐉	动物	主网格	🐉	Emoji·动物与自然 / 第 4 行	1f409.png	是	U+1F409	Animals & Nature	animal-reptile	fully-qualified	龙	DRAGON
2390	🦕	动物	主网格	🦕	Emoji·符号与旗帜 / 第 70 行	1f995.png	是	U+1F995	Animals & Nature	animal-reptile	fully-qualified	蜥蜴类	SAUROPOD
2391	🦖	动物	主网格	🦖	Emoji·符号与旗帜 / 第 70 行	1f996.png	是	U+1F996	Animals & Nature	animal-reptile	fully-qualified	霸王龙	T-REX
2392	🐳	动物	主网格	🐳	Emoji·动物与自然 / 动物·海洋	1f433.png	是	U+1F433	Animals & Nature	animal-marine	fully-qualified	喷水的鲸	SPOUTING WHALE
2393	🐋	动物	主网格	🐋	Emoji·动物与自然 / 动物·海洋	1f40b.png	是	U+1F40B	Animals & Nature	animal-marine	fully-qualified	鲸鱼	WHALE
2394	🐬	动物	主网格	🐬	Emoji·动物与自然 / 动物·海洋	1f42c.png	是	U+1F42C	Animals & Nature	animal-marine	fully-qualified	海豚	DOLPHIN
2395	🫍	动物	主网格	🫍	Emoji·符号与旗帜 / 第 90 行	1facd.png	是	U+1FACD	Animals & Nature	animal-marine	fully-qualified	虎鲸	U+1FACD
2396	🦭	动物	主网格	🦭	Emoji·符号与旗帜 / 第 72 行	1f9ad.png	是	U+1F9AD	Animals & Nature	animal-marine	fully-qualified	海豹	SEAL
2397	🐟	动物	主网格	🐟	Emoji·动物与自然 / 动物·海洋	1f41f.png	是	U+1F41F	Animals & Nature	animal-marine	fully-qualified	鱼	FISH
2398	🐠	动物	主网格	🐠	Emoji·动物与自然 / 动物·海洋	1f420.png	是	U+1F420	Animals & Nature	animal-marine	fully-qualified	热带鱼	TROPICAL FISH
2399	🐡	动物	主网格	🐡	Emoji·动物与自然 / 动物·海洋	1f421.png	是	U+1F421	Animals & Nature	animal-marine	fully-qualified	河豚	BLOWFISH
2400	🦈	动物	主网格	🦈	Emoji·符号与旗帜 / 第 70 行	1f988.png	是	U+1F988	Animals & Nature	animal-marine	fully-qualified	鲨鱼	SHARK
2401	🐙	动物	主网格	🐙	Emoji·动物与自然 / 动物·海洋	1f419.png	是	U+1F419	Animals & Nature	animal-marine	fully-qualified	章鱼	OCTOPUS
2402	🐚	动物	主网格	🐚	Emoji·符号与旗帜 / 第 53 行	1f41a.png	是	U+1F41A	Animals & Nature	animal-marine	fully-qualified	海螺	SPIRAL SHELL
2403	🪸	动物	主网格	🪸	Emoji·符号与旗帜 / 第 89 行	1fab8.png	是	U+1FAB8	Animals & Nature	animal-marine	fully-qualified	珊瑚	CORAL
2404	🪼	动物	主网格	🪼	Emoji·动物与自然 / 动物·海洋	1fabc.png	是	U+1FABC	Animals & Nature	animal-marine	fully-qualified	水母	JELLYFISH
2405	🦀	动物	主网格	🦀	Emoji·动物与自然 / 动物·海洋	1f980.png	是	U+1F980	Animals & Nature	animal-marine	fully-qualified	蟹	CRAB
2406	🦞	动物	主网格	🦞	Emoji·符号与旗帜 / 第 71 行	1f99e.png	是	U+1F99E	Animals & Nature	animal-marine	fully-qualified	龙虾	LOBSTER
2407	🦐	动物	主网格	🦐	Emoji·动物与自然 / 第 6 行	1f990.png	是	U+1F990	Animals & Nature	animal-marine	fully-qualified	虾	SHRIMP
2408	🦑	动物	主网格	🦑	Emoji·动物与自然 / 第 6 行	1f991.png	是	U+1F991	Animals & Nature	animal-marine	fully-qualified	乌贼	SQUID
2409	🦪	动物	主网格	🦪	Emoji·符号与旗帜 / 第 72 行	1f9aa.png	是	U+1F9AA	Animals & Nature	animal-marine	fully-qualified	牡蛎	OYSTER
2410	🐌	动物	主网格	🐌	Emoji·动物与自然 / 动物·昆虫与爬行	1f40c.png	是	U+1F40C	Animals & Nature	animal-bug	fully-qualified	蜗牛	SNAIL
2411	🦋	动物	主网格	🦋	Emoji·动物与自然 / 第 16 行	1f98b.png	是	U+1F98B	Animals & Nature	animal-bug	fully-qualified	蝴蝶	BUTTERFLY
2412	🐛	动物	主网格	🐛	Emoji·动物与自然 / 动物·昆虫与爬行	1f41b.png	是	U+1F41B	Animals & Nature	animal-bug	fully-qualified	毛毛虫	BUG
2413	🐜	动物	主网格	🐜	Emoji·动物与自然 / 动物·昆虫与爬行	1f41c.png	是	U+1F41C	Animals & Nature	animal-bug	fully-qualified	蚂蚁	ANT
2414	🐝	动物	主网格	🐝	Emoji·动物与自然 / 动物·昆虫与爬行	1f41d.png	是	U+1F41D	Animals & Nature	animal-bug	fully-qualified	蜜蜂	HONEYBEE
2415	🪲	动物	主网格	🪲	Emoji·动物与自然 / 第 16 行	1fab2.png	是	U+1FAB2	Animals & Nature	animal-bug	fully-qualified	甲虫	BEETLE
2416	🐞	动物	主网格	🐞	Emoji·动物与自然 / 第 16 行	1f41e.png	是	U+1F41E	Animals & Nature	animal-bug	fully-qualified	瓢虫	LADY BEETLE
2417	🦗	动物	主网格	🦗	Emoji·符号与旗帜 / 第 70 行	1f997.png	是	U+1F997	Animals & Nature	animal-bug	fully-qualified	蟋蟀	CRICKET
2418	🪳	动物	主网格	🪳	Emoji·符号与旗帜 / 第 78 行	1fab3.png	是	U+1FAB3	Animals & Nature	animal-bug	fully-qualified	蟑螂	COCKROACH
2419	🕷️	动物	主网格	🕷️	Emoji·动物与自然 / 动物·昆虫与爬行	1f577.png	是	U+1F577 U+FE0F	Animals & Nature	animal-bug	fully-qualified	蜘蛛	SPIDER
2420	🕷	动物	呈现别名（不重复显示）	🕷️	Emoji·动物与自然 / 第 16 行	1f577.png	是	U+1F577	Animals & Nature	animal-bug	unqualified	蜘蛛	SPIDER
2421	🕸️	动物	主网格	🕸️	Emoji·动物与自然 / 动物·昆虫与爬行	1f578.png	是	U+1F578 U+FE0F	Animals & Nature	animal-bug	fully-qualified	蜘蛛网	SPIDER WEB
2422	🕸	动物	呈现别名（不重复显示）	🕸️	Emoji·动物与自然 / 第 16 行	1f578.png	是	U+1F578	Animals & Nature	animal-bug	unqualified	蜘蛛网	SPIDER WEB
2423	🦂	动物	主网格	🦂	Emoji·符号与旗帜 / 第 69 行	1f982.png	是	U+1F982	Animals & Nature	animal-bug	fully-qualified	蝎子	SCORPION
2424	🦟	动物	主网格	🦟	Emoji·符号与旗帜 / 第 71 行	1f99f.png	是	U+1F99F	Animals & Nature	animal-bug	fully-qualified	蚊子	MOSQUITO
2425	🪰	动物	主网格	🪰	Emoji·符号与旗帜 / 第 78 行	1fab0.png	是	U+1FAB0	Animals & Nature	animal-bug	fully-qualified	苍蝇	FLY
2426	🪱	动物	主网格	🪱	Emoji·符号与旗帜 / 第 78 行	1fab1.png	是	U+1FAB1	Animals & Nature	animal-bug	fully-qualified	蠕虫	WORM
2427	🦠	动物	主网格	🦠	Emoji·符号与旗帜 / 第 71 行	1f9a0.png	是	U+1F9A0	Animals & Nature	animal-bug	fully-qualified	细菌	MICROBE
2428	🍇	食物	主网格	🍇	Emoji·食物与活动 / 食物·水果	1f347.png	是	U+1F347	Food & Drink	food-fruit	fully-qualified	葡萄	GRAPES
2429	🍈	食物	主网格	🍈	Emoji·食物与活动 / 食物·水果	1f348.png	是	U+1F348	Food & Drink	food-fruit	fully-qualified	甜瓜	MELON
2430	🍉	食物	主网格	🍉	Emoji·动物与自然 / 第 4 行	1f349.png	是	U+1F349	Food & Drink	food-fruit	fully-qualified	西瓜	WATERMELON
2431	🍊	食物	主网格	🍊	Emoji·符号与旗帜 / 第 50 行	1f34a.png	是	U+1F34A	Food & Drink	food-fruit	fully-qualified	橘子	TANGERINE
2432	🍋	食物	主网格	🍋	Emoji·食物与活动 / 其他食物与活动	1f34b.png	是	U+1F34B	Food & Drink	food-fruit	fully-qualified	柠檬	LEMON
2433	🍌	食物	主网格	🍌	Emoji·食物与活动 / 食物·水果	1f34c.png	是	U+1F34C	Food & Drink	food-fruit	fully-qualified	香蕉	BANANA
2434	🍍	食物	主网格	🍍	Emoji·食物与活动 / 食物·水果	1f34d.png	是	U+1F34D	Food & Drink	food-fruit	fully-qualified	菠萝	PINEAPPLE
2435	🥭	食物	主网格	🥭	Emoji·表情与人物 / 第 20 行	1f96d.png	是	U+1F96D	Food & Drink	food-fruit	fully-qualified	芒果	MANGO
2436	🍎	食物	主网格	🍎	Emoji·食物与活动 / 食物·水果	1f34e.png	是	U+1F34E	Food & Drink	food-fruit	fully-qualified	红苹果	RED APPLE
2437	🍏	食物	主网格	🍏	Emoji·食物与活动 / 食物·水果	1f34f.png	是	U+1F34F	Food & Drink	food-fruit	fully-qualified	青苹果	GREEN APPLE
2438	🍐	食物	主网格	🍐	Emoji·食物与活动 / 食物·水果	1f350.png	是	U+1F350	Food & Drink	food-fruit	fully-qualified	梨	PEAR
2439	🍑	食物	主网格	🍑	Emoji·食物与活动 / 食物·水果	1f351.png	是	U+1F351	Food & Drink	food-fruit	fully-qualified	桃	PEACH
2440	🍒	食物	主网格	🍒	Emoji·符号与旗帜 / 第 50 行	1f352.png	是	U+1F352	Food & Drink	food-fruit	fully-qualified	樱桃	CHERRIES
2441	🍓	食物	主网格	🍓	Emoji·食物与活动 / 第 2 行	1f353.png	是	U+1F353	Food & Drink	food-fruit	fully-qualified	草莓	STRAWBERRY
2442	🫐	食物	主网格	🫐	Emoji·符号与旗帜 / 第 79 行	1fad0.png	是	U+1FAD0	Food & Drink	food-fruit	fully-qualified	蓝莓	BLUEBERRIES
2443	🥝	食物	主网格	🥝	Emoji·食物与活动 / 食物·水果	1f95d.png	是	U+1F95D	Food & Drink	food-fruit	fully-qualified	猕猴桃	KIWIFRUIT
2444	🍅	食物	主网格	🍅	Emoji·食物与活动 / 其他食物与活动	1f345.png	是	U+1F345	Food & Drink	food-fruit	fully-qualified	西红柿	TOMATO
2445	🫒	食物	主网格	🫒	Emoji·符号与旗帜 / 第 79 行	1fad2.png	是	U+1FAD2	Food & Drink	food-fruit	fully-qualified	橄榄	OLIVE
2446	🥥	食物	主网格	🥥	Emoji·食物与活动 / 第 5 行	1f965.png	是	U+1F965	Food & Drink	food-fruit	fully-qualified	椰子	COCONUT
2447	🥑	食物	主网格	🥑	Emoji·食物与活动 / 第 5 行	1f951.png	是	U+1F951	Food & Drink	food-vegetable	fully-qualified	鳄梨	AVOCADO
2448	🍆	食物	主网格	🍆	Emoji·符号与旗帜 / 第 50 行	1f346.png	是	U+1F346	Food & Drink	food-vegetable	fully-qualified	茄子	AUBERGINE
2449	🥔	食物	主网格	🥔	Emoji·食物与活动 / 第 5 行	1f954.png	是	U+1F954	Food & Drink	food-vegetable	fully-qualified	土豆	POTATO
2450	🥕	食物	主网格	🥕	Emoji·食物与活动 / 第 5 行	1f955.png	是	U+1F955	Food & Drink	food-vegetable	fully-qualified	胡萝卜	CARROT
2451	🌽	食物	主网格	🌽	Emoji·符号与旗帜 / 第 49 行	1f33d.png	是	U+1F33D	Food & Drink	food-vegetable	fully-qualified	玉米	EAR OF MAIZE
2452	🌶️	食物	主网格	🌶️	Emoji·食物与活动 / 其他食物与活动	1f336.png	是	U+1F336 U+FE0F	Food & Drink	food-vegetable	fully-qualified	红辣椒	HOT PEPPER
2453	🌶	食物	呈现别名（不重复显示）	🌶️	Emoji·食物与活动 / 第 6 行	1f336.png	是	U+1F336	Food & Drink	food-vegetable	unqualified	红辣椒	HOT PEPPER
2454	🫑	食物	主网格	🫑	Emoji·食物与活动 / 第 6 行	1fad1.png	是	U+1FAD1	Food & Drink	food-vegetable	fully-qualified	灯笼椒	BELL PEPPER
2455	🥒	食物	主网格	🥒	Emoji·食物与活动 / 第 5 行	1f952.png	是	U+1F952	Food & Drink	food-vegetable	fully-qualified	黄瓜	CUCUMBER
2456	🥬	食物	主网格	🥬	Emoji·动物与自然 / 第 2 行	1f96c.png	是	U+1F96C	Food & Drink	food-vegetable	fully-qualified	绿叶蔬菜	LEAFY GREEN
2457	🥦	食物	主网格	🥦	Emoji·食物与活动 / 第 5 行	1f966.png	是	U+1F966	Food & Drink	food-vegetable	fully-qualified	西兰花	BROCCOLI
2458	🧄	食物	主网格	🧄	Emoji·符号与旗帜 / 第 73 行	1f9c4.png	是	U+1F9C4	Food & Drink	food-vegetable	fully-qualified	蒜	GARLIC
2459	🧅	食物	主网格	🧅	Emoji·符号与旗帜 / 第 73 行	1f9c5.png	是	U+1F9C5	Food & Drink	food-vegetable	fully-qualified	洋葱	ONION
2460	🥜	食物	主网格	🥜	Emoji·符号与旗帜 / 第 68 行	1f95c.png	是	U+1F95C	Food & Drink	food-vegetable	fully-qualified	花生	PEANUTS
2461	🫘	食物	主网格	🫘	Emoji·符号与旗帜 / 第 90 行	1fad8.png	是	U+1FAD8	Food & Drink	food-vegetable	fully-qualified	豆	BEANS
2462	🌰	食物	主网格	🌰	Emoji·符号与旗帜 / 第 49 行	1f330.png	是	U+1F330	Food & Drink	food-vegetable	fully-qualified	栗子	CHESTNUT
2463	🫚	食物	主网格	🫚	Emoji·符号与旗帜 / 第 90 行	1fada.png	是	U+1FADA	Food & Drink	food-vegetable	fully-qualified	姜	GINGER ROOT
2464	🫛	食物	主网格	🫛	Emoji·符号与旗帜 / 第 90 行	1fadb.png	是	U+1FADB	Food & Drink	food-vegetable	fully-qualified	豌豆荚	PEA POD
2465	🫜	食物	主网格	🫜	Emoji·符号与旗帜 / 第 90 行	1fadc.png	是	U+1FADC	Food & Drink	food-vegetable	fully-qualified	根菜	U+1FADC
2466	🍞	食物	主网格	🍞	Emoji·食物与活动 / 食物·主食与料理	1f35e.png	是	U+1F35E	Food & Drink	food-prepared	fully-qualified	面包	BREAD
2467	🥐	食物	主网格	🥐	Emoji·动物与自然 / 第 16 行	1f950.png	是	U+1F950	Food & Drink	food-prepared	fully-qualified	羊角面包	CROISSANT
2468	🥖	食物	主网格	🥖	Emoji·食物与活动 / 第 9 行	1f956.png	是	U+1F956	Food & Drink	food-prepared	fully-qualified	法式长棍面包	BAGUETTE BREAD
2469	🫓	食物	主网格	🫓	Emoji·食物与活动 / 第 9 行	1fad3.png	是	U+1FAD3	Food & Drink	food-prepared	fully-qualified	扁面包	FLATBREAD
2470	🥨	食物	主网格	🥨	Emoji·符号与旗帜 / 第 69 行	1f968.png	是	U+1F968	Food & Drink	food-prepared	fully-qualified	椒盐卷饼	PRETZEL
2471	🥯	食物	主网格	🥯	Emoji·符号与旗帜 / 第 69 行	1f96f.png	是	U+1F96F	Food & Drink	food-prepared	fully-qualified	面包圈	BAGEL
2472	🥞	食物	主网格	🥞	Emoji·食物与活动 / 食物·甜点与零食	1f95e.png	是	U+1F95E	Food & Drink	food-prepared	fully-qualified	烙饼	PANCAKES
2473	🧇	食物	主网格	🧇	Emoji·符号与旗帜 / 第 73 行	1f9c7.png	是	U+1F9C7	Food & Drink	food-prepared	fully-qualified	华夫饼	WAFFLE
2474	🧀	食物	主网格	🧀	Emoji·食物与活动 / 第 6 行	1f9c0.png	是	U+1F9C0	Food & Drink	food-prepared	fully-qualified	芝士	CHEESE WEDGE
2475	🍖	食物	主网格	🍖	Emoji·食物与活动 / 第 2 行	1f356.png	是	U+1F356	Food & Drink	food-prepared	fully-qualified	排骨	MEAT ON BONE
2476	🍗	食物	主网格	🍗	Emoji·食物与活动 / 第 2 行	1f357.png	是	U+1F357	Food & Drink	food-prepared	fully-qualified	家禽的腿	POULTRY LEG
2477	🥩	食物	主网格	🥩	Emoji·食物与活动 / 第 6 行	1f969.png	是	U+1F969	Food & Drink	food-prepared	fully-qualified	肉块	CUT OF MEAT
2478	🥓	食物	主网格	🥓	Emoji·食物与活动 / 第 5 行	1f953.png	是	U+1F953	Food & Drink	food-prepared	fully-qualified	培根	BACON
2479	🍔	食物	主网格	🍔	Emoji·食物与活动 / 食物·主食与料理	1f354.png	是	U+1F354	Food & Drink	food-prepared	fully-qualified	汉堡	HAMBURGER
2480	🍟	食物	主网格	🍟	Emoji·符号与旗帜 / 第 50 行	1f35f.png	是	U+1F35F	Food & Drink	food-prepared	fully-qualified	薯条	FRENCH FRIES
2481	🍕	食物	主网格	🍕	Emoji·食物与活动 / 食物·主食与料理	1f355.png	是	U+1F355	Food & Drink	food-prepared	fully-qualified	披萨	SLICE OF PIZZA
2482	🌭	食物	主网格	🌭	Emoji·动物与自然 / 动物·哺乳与宠物	1f32d.png	是	U+1F32D	Food & Drink	food-prepared	fully-qualified	热狗	HOT DOG
2483	🥪	食物	主网格	🥪	Emoji·食物与活动 / 第 6 行	1f96a.png	是	U+1F96A	Food & Drink	food-prepared	fully-qualified	三明治	SANDWICH
2484	🌮	食物	主网格	🌮	Emoji·食物与活动 / 食物·主食与料理	1f32e.png	是	U+1F32E	Food & Drink	food-prepared	fully-qualified	墨西哥卷饼	TACO
2485	🌯	食物	主网格	🌯	Emoji·食物与活动 / 食物·主食与料理	1f32f.png	是	U+1F32F	Food & Drink	food-prepared	fully-qualified	墨西哥玉米煎饼	BURRITO
2486	🫔	食物	主网格	🫔	Emoji·符号与旗帜 / 第 79 行	1fad4.png	是	U+1FAD4	Food & Drink	food-prepared	fully-qualified	墨西哥粽子	TAMALE
2487	🥙	食物	主网格	🥙	Emoji·食物与活动 / 第 9 行	1f959.png	是	U+1F959	Food & Drink	food-prepared	fully-qualified	夹心饼	STUFFED FLATBREAD
2488	🧆	食物	主网格	🧆	Emoji·符号与旗帜 / 第 73 行	1f9c6.png	是	U+1F9C6	Food & Drink	food-prepared	fully-qualified	炸豆丸子	FALAFEL
2489	🥚	食物	主网格	🥚	Emoji·食物与活动 / 第 5 行	1f95a.png	是	U+1F95A	Food & Drink	food-prepared	fully-qualified	蛋	EGG
2490	🍳	食物	主网格	🍳	Emoji·符号与旗帜 / 第 51 行	1f373.png	是	U+1F373	Food & Drink	food-prepared	fully-qualified	煎蛋	COOKING
2491	🥘	食物	主网格	🥘	Emoji·食物与活动 / 第 9 行	1f958.png	是	U+1F958	Food & Drink	food-prepared	fully-qualified	装有食物的浅底锅	SHALLOW PAN OF FOOD
2492	🍲	食物	主网格	🍲	Emoji·食物与活动 / 第 9 行	1f372.png	是	U+1F372	Food & Drink	food-prepared	fully-qualified	一锅食物	POT OF FOOD
2493	🫕	食物	主网格	🫕	Emoji·符号与旗帜 / 第 79 行	1fad5.png	是	U+1FAD5	Food & Drink	food-prepared	fully-qualified	奶酪火锅	FONDUE
2494	🥣	食物	主网格	🥣	Emoji·符号与旗帜 / 第 69 行	1f963.png	是	U+1F963	Food & Drink	food-prepared	fully-qualified	碗勺	BOWL WITH SPOON
2495	🥗	食物	主网格	🥗	Emoji·食物与活动 / 第 5 行	1f957.png	是	U+1F957	Food & Drink	food-prepared	fully-qualified	绿色沙拉	GREEN SALAD
2496	🍿	食物	主网格	🍿	Emoji·食物与活动 / 第 2 行	1f37f.png	是	U+1F37F	Food & Drink	food-prepared	fully-qualified	爆米花	POPCORN
2497	🧈	食物	主网格	🧈	Emoji·符号与旗帜 / 第 73 行	1f9c8.png	是	U+1F9C8	Food & Drink	food-prepared	fully-qualified	黄油	BUTTER
2498	🧂	食物	主网格	🧂	Emoji·食物与活动 / 第 6 行	1f9c2.png	是	U+1F9C2	Food & Drink	food-prepared	fully-qualified	盐	SALT SHAKER
2499	🥫	食物	主网格	🥫	Emoji·食物与活动 / 第 9 行	1f96b.png	是	U+1F96B	Food & Drink	food-prepared	fully-qualified	罐头食品	CANNED FOOD
2500	🍱	食物	主网格	🍱	Emoji·食物与活动 / 第 2 行	1f371.png	是	U+1F371	Food & Drink	food-asian	fully-qualified	盒饭	BENTO BOX
2501	🍘	食物	主网格	🍘	Emoji·食物与活动 / 食物·主食与料理	1f358.png	是	U+1F358	Food & Drink	food-asian	fully-qualified	米饼	RICE CRACKER
2502	🍙	食物	主网格	🍙	Emoji·食物与活动 / 食物·主食与料理	1f359.png	是	U+1F359	Food & Drink	food-asian	fully-qualified	饭团	RICE BALL
2503	🍚	食物	主网格	🍚	Emoji·食物与活动 / 食物·主食与料理	1f35a.png	是	U+1F35A	Food & Drink	food-asian	fully-qualified	米饭	COOKED RICE
2504	🍛	食物	主网格	🍛	Emoji·食物与活动 / 食物·主食与料理	1f35b.png	是	U+1F35B	Food & Drink	food-asian	fully-qualified	咖喱饭	CURRY AND RICE
2505	🍜	食物	主网格	🍜	Emoji·食物与活动 / 饮品	1f35c.png	是	U+1F35C	Food & Drink	food-asian	fully-qualified	面条	STEAMING BOWL
2506	🍝	食物	主网格	🍝	Emoji·符号与旗帜 / 第 50 行	1f35d.png	是	U+1F35D	Food & Drink	food-asian	fully-qualified	意粉	SPAGHETTI
2507	🍠	食物	主网格	🍠	Emoji·食物与活动 / 第 2 行	1f360.png	是	U+1F360	Food & Drink	food-asian	fully-qualified	烤红薯	ROASTED SWEET POTATO
2508	🍢	食物	主网格	🍢	Emoji·符号与旗帜 / 第 50 行	1f362.png	是	U+1F362	Food & Drink	food-asian	fully-qualified	关东煮	ODEN
2509	🍣	食物	主网格	🍣	Emoji·食物与活动 / 食物·主食与料理	1f363.png	是	U+1F363	Food & Drink	food-asian	fully-qualified	寿司	SUSHI
2510	🍤	食物	主网格	🍤	Emoji·动物与自然 / 第 4 行	1f364.png	是	U+1F364	Food & Drink	food-asian	fully-qualified	天妇罗	FRIED SHRIMP
2511	🍥	食物	主网格	🍥	Emoji·动物与自然 / 动物·海洋	1f365.png	是	U+1F365	Food & Drink	food-asian	fully-qualified	鱼板	FISH CAKE WITH SWIRL DESIGN
2512	🥮	食物	主网格	🥮	Emoji·动物与自然 / 第 11 行	1f96e.png	是	U+1F96E	Food & Drink	food-asian	fully-qualified	月饼	MOON CAKE
2513	🍡	食物	主网格	🍡	Emoji·符号与旗帜 / 第 50 行	1f361.png	是	U+1F361	Food & Drink	food-asian	fully-qualified	团子	DANGO
2514	🥟	食物	主网格	🥟	Emoji·食物与活动 / 第 5 行	1f95f.png	是	U+1F95F	Food & Drink	food-asian	fully-qualified	饺子	DUMPLING
2515	🥠	食物	主网格	🥠	Emoji·食物与活动 / 食物·甜点与零食	1f960.png	是	U+1F960	Food & Drink	food-asian	fully-qualified	幸运饼干	FORTUNE COOKIE
2516	🥡	食物	主网格	🥡	Emoji·符号与旗帜 / 第 69 行	1f961.png	是	U+1F961	Food & Drink	food-asian	fully-qualified	外卖盒	TAKEOUT BOX
2517	🍦	食物	主网格	🍦	Emoji·符号与旗帜 / 第 50 行	1f366.png	是	U+1F366	Food & Drink	food-sweet	fully-qualified	圆筒冰激凌	SOFT ICE CREAM
2518	🍧	食物	主网格	🍧	Emoji·符号与旗帜 / 第 50 行	1f367.png	是	U+1F367	Food & Drink	food-sweet	fully-qualified	刨冰	SHAVED ICE
2519	🍨	食物	主网格	🍨	Emoji·符号与旗帜 / 第 50 行	1f368.png	是	U+1F368	Food & Drink	food-sweet	fully-qualified	冰淇淋	ICE CREAM
2520	🍩	食物	主网格	🍩	Emoji·符号与旗帜 / 第 50 行	1f369.png	是	U+1F369	Food & Drink	food-sweet	fully-qualified	甜甜圈	DOUGHNUT
2521	🍪	食物	主网格	🍪	Emoji·食物与活动 / 食物·甜点与零食	1f36a.png	是	U+1F36A	Food & Drink	food-sweet	fully-qualified	饼干	COOKIE
2522	🎂	食物	主网格	🎂	Emoji·食物与活动 / 食物·甜点与零食	1f382.png	是	U+1F382	Food & Drink	food-sweet	fully-qualified	生日蛋糕	BIRTHDAY CAKE
2523	🍰	食物	主网格	🍰	Emoji·食物与活动 / 食物·甜点与零食	1f370.png	是	U+1F370	Food & Drink	food-sweet	fully-qualified	水果蛋糕	SHORTCAKE
2524	🧁	食物	主网格	🧁	Emoji·食物与活动 / 食物·甜点与零食	1f9c1.png	是	U+1F9C1	Food & Drink	food-sweet	fully-qualified	纸杯蛋糕	CUPCAKE
2525	🥧	食物	主网格	🥧	Emoji·符号与旗帜 / 第 69 行	1f967.png	是	U+1F967	Food & Drink	food-sweet	fully-qualified	派	PIE
2526	🍫	食物	主网格	🍫	Emoji·食物与活动 / 食物·甜点与零食	1f36b.png	是	U+1F36B	Food & Drink	food-sweet	fully-qualified	巧克力	CHOCOLATE BAR
2527	🍬	食物	主网格	🍬	Emoji·食物与活动 / 食物·甜点与零食	1f36c.png	是	U+1F36C	Food & Drink	food-sweet	fully-qualified	糖	CANDY
2528	🍭	食物	主网格	🍭	Emoji·食物与活动 / 第 2 行	1f36d.png	是	U+1F36D	Food & Drink	food-sweet	fully-qualified	棒棒糖	LOLLIPOP
2529	🍮	食物	主网格	🍮	Emoji·动物与自然 / 第 11 行	1f36e.png	是	U+1F36E	Food & Drink	food-sweet	fully-qualified	奶黄	CUSTARD
2530	🍯	食物	主网格	🍯	Emoji·食物与活动 / 第 2 行	1f36f.png	是	U+1F36F	Food & Drink	food-sweet	fully-qualified	蜂蜜	HONEY POT
2531	🍼	食物	主网格	🍼	Emoji·表情与人物 / 第 19 行	1f37c.png	是	U+1F37C	Food & Drink	drink	fully-qualified	奶瓶	BABY BOTTLE
2532	🥛	食物	主网格	🥛	Emoji·食物与活动 / 第 5 行	1f95b.png	是	U+1F95B	Food & Drink	drink	fully-qualified	一杯奶	GLASS OF MILK
2533	☕	食物	主网格	☕	Emoji·符号与旗帜 / 第 45 行	2615.png	是	U+2615	Food & Drink	drink	fully-qualified	热饮	HOT BEVERAGE
2534	🫖	食物	主网格	🫖	Emoji·食物与活动 / 饮品	1fad6.png	是	U+1FAD6	Food & Drink	drink	fully-qualified	茶壶	TEAPOT
2535	🍵	食物	主网格	🍵	Emoji·表情与人物 / 第 6 行	1f375.png	是	U+1F375	Food & Drink	drink	fully-qualified	热茶	TEACUP WITHOUT HANDLE
2536	🍶	食物	主网格	🍶	Emoji·食物与活动 / 饮品	1f376.png	是	U+1F376	Food & Drink	drink	fully-qualified	清酒	SAKE BOTTLE AND CUP
2537	🍾	食物	主网格	🍾	Emoji·符号与旗帜 / 第 51 行	1f37e.png	是	U+1F37E	Food & Drink	drink	fully-qualified	开香槟	BOTTLE WITH POPPING CORK
2538	🍷	食物	主网格	🍷	Emoji·食物与活动 / 饮品	1f377.png	是	U+1F377	Food & Drink	drink	fully-qualified	葡萄酒	WINE GLASS
2539	🍸	食物	主网格	🍸	Emoji·食物与活动 / 第 2 行	1f378.png	是	U+1F378	Food & Drink	drink	fully-qualified	鸡尾酒	COCKTAIL GLASS
2540	🍹	食物	主网格	🍹	Emoji·食物与活动 / 饮品	1f379.png	是	U+1F379	Food & Drink	drink	fully-qualified	热带水果饮料	TROPICAL DRINK
2541	🍺	食物	主网格	🍺	Emoji·动物与自然 / 动物·昆虫与爬行	1f37a.png	是	U+1F37A	Food & Drink	drink	fully-qualified	啤酒	BEER MUG
2542	🍻	食物	主网格	🍻	Emoji·动物与自然 / 动物·昆虫与爬行	1f37b.png	是	U+1F37B	Food & Drink	drink	fully-qualified	干杯	CLINKING BEER MUGS
2543	🥂	食物	主网格	🥂	Emoji·符号与旗帜 / 第 68 行	1f942.png	是	U+1F942	Food & Drink	drink	fully-qualified	碰杯	CLINKING GLASSES
2544	🥃	食物	主网格	🥃	Emoji·符号与旗帜 / 第 68 行	1f943.png	是	U+1F943	Food & Drink	drink	fully-qualified	平底杯	TUMBLER GLASS
2545	🫗	食物	主网格	🫗	Emoji·符号与旗帜 / 第 90 行	1fad7.png	是	U+1FAD7	Food & Drink	drink	fully-qualified	倾倒液体	POURING LIQUID
2546	🥤	食物	主网格	🥤	Emoji·食物与活动 / 饮品	1f964.png	是	U+1F964	Food & Drink	drink	fully-qualified	带吸管杯	CUP WITH STRAW
2547	🧋	食物	主网格	🧋	Emoji·食物与活动 / 饮品	1f9cb.png	是	U+1F9CB	Food & Drink	drink	fully-qualified	珍珠奶茶	BUBBLE TEA
2548	🧃	食物	主网格	🧃	Emoji·符号与旗帜 / 第 73 行	1f9c3.png	是	U+1F9C3	Food & Drink	drink	fully-qualified	饮料盒	BEVERAGE BOX
2549	🧉	食物	主网格	🧉	Emoji·食物与活动 / 饮品	1f9c9.png	是	U+1F9C9	Food & Drink	drink	fully-qualified	马黛茶	MATE DRINK
2550	🧊	食物	主网格	🧊	Emoji·符号与旗帜 / 第 73 行	1f9ca.png	是	U+1F9CA	Food & Drink	drink	fully-qualified	冰块	ICE CUBE
2551	🥢	食物	主网格	🥢	Emoji·符号与旗帜 / 第 69 行	1f962.png	是	U+1F962	Food & Drink	dishware	fully-qualified	筷子	CHOPSTICKS
2552	🍽️	食物	主网格	🍽️	Emoji·符号与旗帜 / 第 37 行	1f37d.png	是	U+1F37D U+FE0F	Food & Drink	dishware	fully-qualified	餐具	FORK AND KNIFE WITH PLATE
2553	🍽	食物	呈现别名（不重复显示）	🍽️	Emoji·符号与旗帜 / 第 85 行	1f37d.png	是	U+1F37D	Food & Drink	dishware	unqualified	餐具	FORK AND KNIFE WITH PLATE
2554	🍴	食物	主网格	🍴	Emoji·符号与旗帜 / 第 51 行	1f374.png	是	U+1F374	Food & Drink	dishware	fully-qualified	刀叉	FORK AND KNIFE
2555	🥄	食物	主网格	🥄	Emoji·符号与旗帜 / 第 68 行	1f944.png	是	U+1F944	Food & Drink	dishware	fully-qualified	匙	SPOON
2556	🔪	食物	主网格	🔪	Emoji·符号与旗帜 / 第 62 行	1f52a.png	是	U+1F52A	Food & Drink	dishware	fully-qualified	菜刀	HOCHO
2557	🫙	食物	主网格	🫙	Emoji·符号与旗帜 / 第 90 行	1fad9.png	是	U+1FAD9	Food & Drink	dishware	fully-qualified	罐	JAR
2558	🏺	食物	主网格	🏺	Emoji·符号与旗帜 / 第 53 行	1f3fa.png	是	U+1F3FA	Food & Drink	dishware	fully-qualified	双耳瓶	AMPHORA
2559	🎃	活动	主网格	🎃	Emoji·动物与自然 / 动物·昆虫与爬行	1f383.png	是	U+1F383	Activities	event	fully-qualified	南瓜灯	JACK-O-LANTERN
2560	🎄	活动	主网格	🎄	Emoji·动物与自然 / 植物与花草	1f384.png	是	U+1F384	Activities	event	fully-qualified	圣诞树	CHRISTMAS TREE
2561	🎆	活动	主网格	🎆	Emoji·动物与自然 / 第 4 行	1f386.png	是	U+1F386	Activities	event	fully-qualified	焰火	FIREWORKS
2562	🎇	活动	主网格	🎇	Emoji·动物与自然 / 第 4 行	1f387.png	是	U+1F387	Activities	event	fully-qualified	烟花	FIREWORK SPARKLER
2563	🧨	活动	主网格	🧨	Emoji·动物与自然 / 第 6 行	1f9e8.png	是	U+1F9E8	Activities	event	fully-qualified	爆竹	FIRECRACKER
2564	✨	活动	主网格	✨	Emoji·符号与旗帜 / 第 46 行	2728.png	是	U+2728	Activities	event	fully-qualified	闪亮	SPARKLES
2565	🎈	活动	主网格	🎈	Emoji·食物与活动 / 活动与娱乐	1f388.png	是	U+1F388	Activities	event	fully-qualified	气球	BALLOON
2566	🎉	活动	主网格	🎉	Emoji·食物与活动 / 第 2 行	1f389.png	是	U+1F389	Activities	event	fully-qualified	拉炮彩带	PARTY POPPER
2567	🎊	活动	主网格	🎊	Emoji·食物与活动 / 活动与娱乐	1f38a.png	是	U+1F38A	Activities	event	fully-qualified	五彩纸屑球	CONFETTI BALL
2568	🎋	活动	主网格	🎋	Emoji·动物与自然 / 植物与花草	1f38b.png	是	U+1F38B	Activities	event	fully-qualified	七夕树	TANABATA TREE
2569	🎍	活动	主网格	🎍	Emoji·符号与旗帜 / 第 51 行	1f38d.png	是	U+1F38D	Activities	event	fully-qualified	门松	PINE DECORATION
2570	🎎	活动	主网格	🎎	Emoji·符号与旗帜 / 第 51 行	1f38e.png	是	U+1F38E	Activities	event	fully-qualified	日本人形	JAPANESE DOLLS
2571	🎏	活动	主网格	🎏	Emoji·旅行与物品 / 第 11 行	1f38f.png	是	U+1F38F	Activities	event	fully-qualified	鲤鱼旗	CARP STREAMER
2572	🎐	活动	主网格	🎐	Emoji·符号与旗帜 / 第 51 行	1f390.png	是	U+1F390	Activities	event	fully-qualified	风铃	WIND CHIME
2573	🎑	活动	主网格	🎑	Emoji·动物与自然 / 第 11 行	1f391.png	是	U+1F391	Activities	event	fully-qualified	赏月	MOON VIEWING CEREMONY
2574	🧧	活动	主网格	🧧	Emoji·符号与旗帜 / 第 74 行	1f9e7.png	是	U+1F9E7	Activities	event	fully-qualified	红包	RED GIFT ENVELOPE
2575	🎀	活动	主网格	🎀	Emoji·符号与旗帜 / 第 51 行	1f380.png	是	U+1F380	Activities	event	fully-qualified	蝴蝶结	RIBBON
2576	🎁	活动	主网格	🎁	Emoji·符号与旗帜 / 第 51 行	1f381.png	是	U+1F381	Activities	event	fully-qualified	礼物	WRAPPED PRESENT
2577	🎗️	活动	主网格	🎗️	Emoji·符号与旗帜 / 第 37 行	1f397.png	是	U+1F397 U+FE0F	Activities	event	fully-qualified	提示丝带	REMINDER RIBBON
2578	🎗	活动	呈现别名（不重复显示）	🎗️	Emoji·符号与旗帜 / 第 85 行	1f397.png	是	U+1F397	Activities	event	unqualified	提示丝带	REMINDER RIBBON
2579	🎟️	活动	主网格	🎟️	Emoji·符号与旗帜 / 第 38 行	1f39f.png	是	U+1F39F U+FE0F	Activities	event	fully-qualified	入场券	ADMISSION TICKETS
2580	🎟	活动	呈现别名（不重复显示）	🎟️	Emoji·符号与旗帜 / 第 85 行	1f39f.png	是	U+1F39F	Activities	event	unqualified	入场券	ADMISSION TICKETS
2581	🎫	活动	主网格	🎫	Emoji·符号与旗帜 / 第 52 行	1f3ab.png	是	U+1F3AB	Activities	event	fully-qualified	票	TICKET
2582	🎖️	活动	主网格	🎖️	Emoji·食物与活动 / 活动与娱乐	1f396.png	是	U+1F396 U+FE0F	Activities	award-medal	fully-qualified	军功章	MILITARY MEDAL
2583	🎖	活动	呈现别名（不重复显示）	🎖️	Emoji·食物与活动 / 第 13 行	1f396.png	是	U+1F396	Activities	award-medal	unqualified	军功章	MILITARY MEDAL
2584	🏆	活动	主网格	🏆	Emoji·食物与活动 / 第 11 行	1f3c6.png	是	U+1F3C6	Activities	award-medal	fully-qualified	奖杯	TROPHY
2585	🏅	活动	主网格	🏅	Emoji·食物与活动 / 第 11 行	1f3c5.png	是	U+1F3C5	Activities	award-medal	fully-qualified	奖牌	SPORTS MEDAL
2586	🥇	活动	主网格	🥇	Emoji·食物与活动 / 第 12 行	1f947.png	是	U+1F947	Activities	award-medal	fully-qualified	金牌	FIRST PLACE MEDAL
2587	🥈	活动	主网格	🥈	Emoji·食物与活动 / 第 12 行	1f948.png	是	U+1F948	Activities	award-medal	fully-qualified	银牌	SECOND PLACE MEDAL
2588	🥉	活动	主网格	🥉	Emoji·食物与活动 / 第 12 行	1f949.png	是	U+1F949	Activities	award-medal	fully-qualified	铜牌	THIRD PLACE MEDAL
2589	⚽	活动	主网格	⚽	Emoji·食物与活动 / 活动与娱乐	26bd.png	是	U+26BD	Activities	sport	fully-qualified	足球	SOCCER BALL
2590	⚾	活动	主网格	⚾	Emoji·食物与活动 / 活动与娱乐	26be.png	是	U+26BE	Activities	sport	fully-qualified	棒球	BASEBALL
2591	🥎	活动	主网格	🥎	Emoji·食物与活动 / 第 13 行	1f94e.png	是	U+1F94E	Activities	sport	fully-qualified	垒球	SOFTBALL
2592	🏀	活动	主网格	🏀	Emoji·食物与活动 / 第 11 行	1f3c0.png	是	U+1F3C0	Activities	sport	fully-qualified	篮球	BASKETBALL AND HOOP
2593	🏐	活动	主网格	🏐	Emoji·食物与活动 / 第 12 行	1f3d0.png	是	U+1F3D0	Activities	sport	fully-qualified	排球	VOLLEYBALL
2594	🏈	活动	主网格	🏈	Emoji·食物与活动 / 第 11 行	1f3c8.png	是	U+1F3C8	Activities	sport	fully-qualified	美式橄榄球	AMERICAN FOOTBALL
2595	🏉	活动	主网格	🏉	Emoji·食物与活动 / 第 11 行	1f3c9.png	是	U+1F3C9	Activities	sport	fully-qualified	英式橄榄球	RUGBY FOOTBALL
2596	🎾	活动	主网格	🎾	Emoji·食物与活动 / 第 11 行	1f3be.png	是	U+1F3BE	Activities	sport	fully-qualified	网球	TENNIS RACQUET AND BALL
2597	🥏	活动	主网格	🥏	Emoji·符号与旗帜 / 第 68 行	1f94f.png	是	U+1F94F	Activities	sport	fully-qualified	飞盘	FLYING DISC
2598	🎳	活动	主网格	🎳	Emoji·食物与活动 / 第 2 行	1f3b3.png	是	U+1F3B3	Activities	sport	fully-qualified	保龄球	BOWLING
2599	🏏	活动	主网格	🏏	Emoji·食物与活动 / 第 11 行	1f3cf.png	是	U+1F3CF	Activities	sport	fully-qualified	板球	CRICKET BAT AND BALL
2600	🏑	活动	主网格	🏑	Emoji·食物与活动 / 第 12 行	1f3d1.png	是	U+1F3D1	Activities	sport	fully-qualified	曲棍球	FIELD HOCKEY STICK AND BALL
2601	🏒	活动	主网格	🏒	Emoji·旅行与物品 / 第 18 行	1f3d2.png	是	U+1F3D2	Activities	sport	fully-qualified	冰球	ICE HOCKEY STICK AND PUCK
2602	🥍	活动	主网格	🥍	Emoji·食物与活动 / 第 13 行	1f94d.png	是	U+1F94D	Activities	sport	fully-qualified	袋棍球	LACROSSE STICK AND BALL
2603	🏓	活动	主网格	🏓	Emoji·食物与活动 / 第 12 行	1f3d3.png	是	U+1F3D3	Activities	sport	fully-qualified	乒乓球	TABLE TENNIS PADDLE AND BALL
2604	🏸	活动	主网格	🏸	Emoji·符号与旗帜 / 第 53 行	1f3f8.png	是	U+1F3F8	Activities	sport	fully-qualified	羽毛球	BADMINTON RACQUET AND SHUTTLECOCK
2605	🥊	活动	主网格	🥊	Emoji·符号与旗帜 / 第 68 行	1f94a.png	是	U+1F94A	Activities	sport	fully-qualified	拳击手套	BOXING GLOVE
2606	🥋	活动	主网格	🥋	Emoji·食物与活动 / 第 13 行	1f94b.png	是	U+1F94B	Activities	sport	fully-qualified	练武服	MARTIAL ARTS UNIFORM
2607	🥅	活动	主网格	🥅	Emoji·符号与旗帜 / 第 68 行	1f945.png	是	U+1F945	Activities	sport	fully-qualified	球门	GOAL NET
2608	⛳	活动	主网格	⛳	Emoji·符号与旗帜 / 第 25 行	26f3.png	是	U+26F3	Activities	sport	fully-qualified	高尔夫球洞	FLAG IN HOLE
2609	⛸️	活动	主网格	⛸️	Emoji·符号与旗帜 / 第 36 行	26f8.png	是	U+26F8 U+FE0F	Activities	sport	fully-qualified	滑冰	ICE SKATE
2610	⛸	活动	呈现别名（不重复显示）	⛸️	Emoji·符号与旗帜 / 第 83 行	26f8.png	是	U+26F8	Activities	sport	unqualified	滑冰	ICE SKATE
2611	🎣	活动	主网格	🎣	Emoji·动物与自然 / 动物·海洋	1f3a3.png	是	U+1F3A3	Activities	sport	fully-qualified	钓鱼竿	FISHING POLE AND FISH
2612	🤿	活动	主网格	🤿	Emoji·符号与旗帜 / 第 68 行	1f93f.png	是	U+1F93F	Activities	sport	fully-qualified	潜水面罩	DIVING MASK
2613	🎽	活动	主网格	🎽	Emoji·符号与旗帜 / 第 52 行	1f3bd.png	是	U+1F3BD	Activities	sport	fully-qualified	运动背心	RUNNING SHIRT WITH SASH
2614	🎿	活动	主网格	🎿	Emoji·符号与旗帜 / 第 52 行	1f3bf.png	是	U+1F3BF	Activities	sport	fully-qualified	滑雪	SKI AND SKI BOOT
2615	🛷	活动	主网格	🛷	Emoji·符号与旗帜 / 第 66 行	1f6f7.png	是	U+1F6F7	Activities	sport	fully-qualified	雪橇	SLED
2616	🥌	活动	主网格	🥌	Emoji·符号与旗帜 / 第 68 行	1f94c.png	是	U+1F94C	Activities	sport	fully-qualified	冰壶	CURLING STONE
2617	🎯	活动	主网格	🎯	Emoji·符号与旗帜 / 第 52 行	1f3af.png	是	U+1F3AF	Activities	game	fully-qualified	正中靶心的飞镖	DIRECT HIT
2618	🪀	活动	主网格	🪀	Emoji·符号与旗帜 / 第 76 行	1fa80.png	是	U+1FA80	Activities	game	fully-qualified	悠悠球	YO-YO
2619	🪁	活动	主网格	🪁	Emoji·符号与旗帜 / 第 76 行	1fa81.png	是	U+1FA81	Activities	game	fully-qualified	风筝	KITE
2620	🔫	活动	主网格	🔫	Emoji·符号与旗帜 / 第 62 行	1f52b.png	是	U+1F52B	Activities	game	fully-qualified	水枪	PISTOL
2621	🎱	活动	主网格	🎱	Emoji·符号与旗帜 / 第 52 行	1f3b1.png	是	U+1F3B1	Activities	game	fully-qualified	台球	BILLIARDS
2622	🔮	活动	主网格	🔮	Emoji·食物与活动 / 第 12 行	1f52e.png	是	U+1F52E	Activities	game	fully-qualified	水晶球	CRYSTAL BALL
2623	🪄	活动	主网格	🪄	Emoji·符号与旗帜 / 第 76 行	1fa84.png	是	U+1FA84	Activities	game	fully-qualified	魔棒	MAGIC WAND
2624	🎮	活动	主网格	🎮	Emoji·食物与活动 / 第 11 行	1f3ae.png	是	U+1F3AE	Activities	game	fully-qualified	游戏手柄	VIDEO GAME
2625	🕹️	活动	主网格	🕹️	Emoji·符号与旗帜 / 第 38 行	1f579.png	是	U+1F579 U+FE0F	Activities	game	fully-qualified	游戏操控杆	JOYSTICK
2626	🕹	活动	呈现别名（不重复显示）	🕹️	Emoji·符号与旗帜 / 第 86 行	1f579.png	是	U+1F579	Activities	game	unqualified	游戏操控杆	JOYSTICK
2627	🎰	活动	主网格	🎰	Emoji·符号与旗帜 / 第 52 行	1f3b0.png	是	U+1F3B0	Activities	game	fully-qualified	老虎机	SLOT MACHINE
2628	🎲	活动	主网格	🎲	Emoji·食物与活动 / 第 11 行	1f3b2.png	是	U+1F3B2	Activities	game	fully-qualified	骰子	GAME DIE
2629	🧩	活动	主网格	🧩	Emoji·符号与旗帜 / 第 74 行	1f9e9.png	是	U+1F9E9	Activities	game	fully-qualified	拼图	JIGSAW PUZZLE PIECE
2630	🧸	活动	主网格	🧸	Emoji·动物与自然 / 第 14 行	1f9f8.png	是	U+1F9F8	Activities	game	fully-qualified	泰迪熊	TEDDY BEAR
2631	🪅	活动	主网格	🪅	Emoji·符号与旗帜 / 第 76 行	1fa85.png	是	U+1FA85	Activities	game	fully-qualified	彩罐	PINATA
2632	🪩	活动	主网格	🪩	Emoji·食物与活动 / 第 13 行	1faa9.png	是	U+1FAA9	Activities	game	fully-qualified	镜球	MIRROR BALL
2633	🪆	活动	主网格	🪆	Emoji·符号与旗帜 / 第 76 行	1fa86.png	是	U+1FA86	Activities	game	fully-qualified	套娃	NESTING DOLLS
2634	♠️	活动	主网格	♠️	Emoji·符号与旗帜 / 第 93 行	2660.png	是	U+2660 U+FE0F	Activities	game	fully-qualified	黑桃	BLACK SPADE SUIT
2635	♠	活动	呈现别名（不重复显示）	♠️	Emoji·符号与旗帜 / 第 82 行	2660.png	是	U+2660	Activities	game	unqualified	黑桃	BLACK SPADE SUIT
2636	♥️	活动	主网格	♥️	Emoji·食物与活动 / 其他食物与活动	2665.png	是	U+2665 U+FE0F	Activities	game	fully-qualified	红桃	BLACK HEART SUIT
2637	♥	活动	呈现别名（不重复显示）	♥️	Emoji·食物与活动 / 第 6 行	2665.png	是	U+2665	Activities	game	unqualified	红桃	BLACK HEART SUIT
2638	♦️	活动	主网格	♦️	Emoji·符号与旗帜 / 第 94 行	2666.png	是	U+2666 U+FE0F	Activities	game	fully-qualified	方片	BLACK DIAMOND SUIT
2639	♦	活动	呈现别名（不重复显示）	♦️	Emoji·符号与旗帜 / 第 82 行	2666.png	是	U+2666	Activities	game	unqualified	方片	BLACK DIAMOND SUIT
2640	♣️	活动	主网格	♣️	Emoji·符号与旗帜 / 第 94 行	2663.png	是	U+2663 U+FE0F	Activities	game	fully-qualified	梅花	BLACK CLUB SUIT
2641	♣	活动	呈现别名（不重复显示）	♣️	Emoji·符号与旗帜 / 第 82 行	2663.png	是	U+2663	Activities	game	unqualified	梅花	BLACK CLUB SUIT
2642	♟️	活动	主网格	♟️	Emoji·动物与自然 / 自然与其他	265f.png	是	U+265F U+FE0F	Activities	game	fully-qualified	兵	BLACK CHESS PAWN
2643	♟	活动	呈现别名（不重复显示）	♟️	Emoji·动物与自然 / 第 7 行	265f.png	是	U+265F	Activities	game	unqualified	兵	BLACK CHESS PAWN
2644	🃏	活动	主网格	🃏	未直接列在现有 Emoji 网格	1f0cf.png	是	U+1F0CF	Activities	game	fully-qualified	大小王	PLAYING CARD BLACK JOKER
2645	🀄	活动	主网格	🀄	未直接列在现有 Emoji 网格	1f004.png	是	U+1F004	Activities	game	fully-qualified	红中	MAHJONG TILE RED DRAGON
2646	🎴	活动	主网格	🎴	Emoji·动物与自然 / 植物与花草	1f3b4.png	是	U+1F3B4	Activities	game	fully-qualified	花札	FLOWER PLAYING CARDS
2647	🎭	活动	主网格	🎭	Emoji·食物与活动 / 活动与娱乐	1f3ad.png	是	U+1F3AD	Activities	arts & crafts	fully-qualified	表演艺术	PERFORMING ARTS
2648	🖼️	活动	主网格	🖼️	Emoji·符号与旗帜 / 第 39 行	1f5bc.png	是	U+1F5BC U+FE0F	Activities	arts & crafts	fully-qualified	带框的画	FRAME WITH PICTURE
2649	🖼	活动	呈现别名（不重复显示）	🖼️	Emoji·符号与旗帜 / 第 86 行	1f5bc.png	是	U+1F5BC	Activities	arts & crafts	unqualified	带框的画	FRAME WITH PICTURE
2650	🎨	活动	主网格	🎨	Emoji·食物与活动 / 活动与娱乐	1f3a8.png	是	U+1F3A8	Activities	arts & crafts	fully-qualified	调色盘	ARTIST PALETTE
2651	🧵	活动	主网格	🧵	Emoji·符号与旗帜 / 第 75 行	1f9f5.png	是	U+1F9F5	Activities	arts & crafts	fully-qualified	线	SPOOL OF THREAD
2652	🪡	活动	主网格	🪡	Emoji·符号与旗帜 / 第 78 行	1faa1.png	是	U+1FAA1	Activities	arts & crafts	fully-qualified	缝合针	SEWING NEEDLE
2653	🧶	活动	主网格	🧶	Emoji·食物与活动 / 第 13 行	1f9f6.png	是	U+1F9F6	Activities	arts & crafts	fully-qualified	毛线	BALL OF YARN
2654	🪢	活动	主网格	🪢	Emoji·符号与旗帜 / 第 78 行	1faa2.png	是	U+1FAA2	Activities	arts & crafts	fully-qualified	结	KNOT
2655	🌍	旅行	主网格	🌍	Emoji·动物与自然 / 自然与其他	1f30d.png	是	U+1F30D	Travel & Places	place-map	fully-qualified	地球上的欧洲非洲	EARTH GLOBE EUROPE-AFRICA
2656	🌎	旅行	主网格	🌎	Emoji·动物与自然 / 自然与其他	1f30e.png	是	U+1F30E	Travel & Places	place-map	fully-qualified	地球上的美洲	EARTH GLOBE AMERICAS
2657	🌏	旅行	主网格	🌏	Emoji·动物与自然 / 第 4 行	1f30f.png	是	U+1F30F	Travel & Places	place-map	fully-qualified	地球上的亚洲澳洲	EARTH GLOBE ASIA-AUSTRALIA
2658	🌐	旅行	主网格	🌐	Emoji·符号与旗帜 / 第 49 行	1f310.png	是	U+1F310	Travel & Places	place-map	fully-qualified	带经纬线的地球	GLOBE WITH MERIDIANS
2659	🗺️	旅行	主网格	🗺️	Emoji·旅行与物品 / 地点与场景	1f5fa.png	是	U+1F5FA U+FE0F	Travel & Places	place-map	fully-qualified	世界地图	WORLD MAP
2660	🗺	旅行	呈现别名（不重复显示）	🗺️	Emoji·旅行与物品 / 第 16 行	1f5fa.png	是	U+1F5FA	Travel & Places	place-map	unqualified	世界地图	WORLD MAP
2661	🗾	旅行	主网格	🗾	Emoji·符号与旗帜 / 第 63 行	1f5fe.png	是	U+1F5FE	Travel & Places	place-map	fully-qualified	日本地图	SILHOUETTE OF JAPAN
2662	🧭	旅行	主网格	🧭	Emoji·旅行与物品 / 第 8 行	1f9ed.png	是	U+1F9ED	Travel & Places	place-map	fully-qualified	指南针	COMPASS
2663	🏔️	旅行	主网格	🏔️	Emoji·动物与自然 / 第 9 行	1f3d4.png	是	U+1F3D4 U+FE0F	Travel & Places	place-geographic	fully-qualified	雪山	SNOW CAPPED MOUNTAIN
2664	🏔	旅行	呈现别名（不重复显示）	🏔️	Emoji·动物与自然 / 第 12 行	1f3d4.png	是	U+1F3D4	Travel & Places	place-geographic	unqualified	雪山	SNOW CAPPED MOUNTAIN
2665	⛰️	旅行	主网格	⛰️	Emoji·旅行与物品 / 地点与场景	26f0.png	是	U+26F0 U+FE0F	Travel & Places	place-geographic	fully-qualified	山	MOUNTAIN
2666	⛰	旅行	呈现别名（不重复显示）	⛰️	Emoji·旅行与物品 / 第 16 行	26f0.png	是	U+26F0	Travel & Places	place-geographic	unqualified	山	MOUNTAIN
2667	🛘	旅行	主网格	🛘	Emoji·符号与旗帜 / 第 87 行	1f6d8.png	是	U+1F6D8	Travel & Places	place-geographic	fully-qualified	山体滑坡	U+1F6D8
2668	🌋	旅行	主网格	🌋	Emoji·旅行与物品 / 第 5 行	1f30b.png	是	U+1F30B	Travel & Places	place-geographic	fully-qualified	火山	VOLCANO
2669	🗻	旅行	主网格	🗻	Emoji·符号与旗帜 / 第 63 行	1f5fb.png	是	U+1F5FB	Travel & Places	place-geographic	fully-qualified	富士山	MOUNT FUJI
2670	🏕️	旅行	主网格	🏕️	Emoji·旅行与物品 / 地点与场景	1f3d5.png	是	U+1F3D5 U+FE0F	Travel & Places	place-geographic	fully-qualified	露营	CAMPING
2671	🏕	旅行	呈现别名（不重复显示）	🏕️	Emoji·旅行与物品 / 第 16 行	1f3d5.png	是	U+1F3D5	Travel & Places	place-geographic	unqualified	露营	CAMPING
2672	🏖️	旅行	主网格	🏖️	Emoji·旅行与物品 / 地点与场景	1f3d6.png	是	U+1F3D6 U+FE0F	Travel & Places	place-geographic	fully-qualified	沙滩伞	BEACH WITH UMBRELLA
2673	🏖	旅行	呈现别名（不重复显示）	🏖️	Emoji·旅行与物品 / 第 16 行	1f3d6.png	是	U+1F3D6	Travel & Places	place-geographic	unqualified	沙滩伞	BEACH WITH UMBRELLA
2674	🏜️	旅行	主网格	🏜️	Emoji·旅行与物品 / 其他旅行与物品	1f3dc.png	是	U+1F3DC U+FE0F	Travel & Places	place-geographic	fully-qualified	沙漠	DESERT
2675	🏜	旅行	呈现别名（不重复显示）	🏜️	Emoji·旅行与物品 / 第 8 行	1f3dc.png	是	U+1F3DC	Travel & Places	place-geographic	unqualified	沙漠	DESERT
2676	🏝️	旅行	主网格	🏝️	Emoji·旅行与物品 / 其他旅行与物品	1f3dd.png	是	U+1F3DD U+FE0F	Travel & Places	place-geographic	fully-qualified	无人荒岛	DESERT ISLAND
2677	🏝	旅行	呈现别名（不重复显示）	🏝️	Emoji·旅行与物品 / 第 8 行	1f3dd.png	是	U+1F3DD	Travel & Places	place-geographic	unqualified	无人荒岛	DESERT ISLAND
2678	🏞️	旅行	主网格	🏞️	Emoji·符号与旗帜 / 第 38 行	1f3de.png	是	U+1F3DE U+FE0F	Travel & Places	place-geographic	fully-qualified	国家公园	NATIONAL PARK
2679	🏞	旅行	呈现别名（不重复显示）	🏞️	Emoji·符号与旗帜 / 第 85 行	1f3de.png	是	U+1F3DE	Travel & Places	place-geographic	unqualified	国家公园	NATIONAL PARK
2680	🏟️	旅行	主网格	🏟️	Emoji·旅行与物品 / 其他旅行与物品	1f3df.png	是	U+1F3DF U+FE0F	Travel & Places	place-building	fully-qualified	体育馆	STADIUM
2681	🏟	旅行	呈现别名（不重复显示）	🏟️	Emoji·旅行与物品 / 第 8 行	1f3df.png	是	U+1F3DF	Travel & Places	place-building	unqualified	体育馆	STADIUM
2682	🏛️	旅行	主网格	🏛️	Emoji·旅行与物品 / 地点与场景	1f3db.png	是	U+1F3DB U+FE0F	Travel & Places	place-building	fully-qualified	古典建筑	CLASSICAL BUILDING
2683	🏛	旅行	呈现别名（不重复显示）	🏛️	Emoji·旅行与物品 / 第 16 行	1f3db.png	是	U+1F3DB	Travel & Places	place-building	unqualified	古典建筑	CLASSICAL BUILDING
2684	🏗️	旅行	主网格	🏗️	Emoji·旅行与物品 / 地点与场景	1f3d7.png	是	U+1F3D7 U+FE0F	Travel & Places	place-building	fully-qualified	建筑施工	BUILDING CONSTRUCTION
2685	🏗	旅行	呈现别名（不重复显示）	🏗️	Emoji·旅行与物品 / 第 16 行	1f3d7.png	是	U+1F3D7	Travel & Places	place-building	unqualified	建筑施工	BUILDING CONSTRUCTION
2686	🧱	旅行	主网格	🧱	Emoji·符号与旗帜 / 第 74 行	1f9f1.png	是	U+1F9F1	Travel & Places	place-building	fully-qualified	砖	BRICK
2687	🪨	旅行	主网格	🪨	Emoji·符号与旗帜 / 第 78 行	1faa8.png	是	U+1FAA8	Travel & Places	place-building	fully-qualified	岩石	ROCK
2688	🪵	旅行	主网格	🪵	Emoji·符号与旗帜 / 第 78 行	1fab5.png	是	U+1FAB5	Travel & Places	place-building	fully-qualified	木头	WOOD
2689	🛖	旅行	主网格	🛖	Emoji·符号与旗帜 / 第 66 行	1f6d6.png	是	U+1F6D6	Travel & Places	place-building	fully-qualified	小屋	HUT
2690	🏘️	旅行	主网格	🏘️	Emoji·旅行与物品 / 地点与场景	1f3d8.png	是	U+1F3D8 U+FE0F	Travel & Places	place-building	fully-qualified	房屋建筑	HOUSE BUILDINGS
2691	🏘	旅行	呈现别名（不重复显示）	🏘️	Emoji·旅行与物品 / 第 16 行	1f3d8.png	是	U+1F3D8	Travel & Places	place-building	unqualified	房屋建筑	HOUSE BUILDINGS
2692	🏚️	旅行	主网格	🏚️	Emoji·旅行与物品 / 地点与场景	1f3da.png	是	U+1F3DA U+FE0F	Travel & Places	place-building	fully-qualified	废墟	DERELICT HOUSE BUILDING
2693	🏚	旅行	呈现别名（不重复显示）	🏚️	Emoji·旅行与物品 / 第 16 行	1f3da.png	是	U+1F3DA	Travel & Places	place-building	unqualified	废墟	DERELICT HOUSE BUILDING
2694	🏠	旅行	主网格	🏠	Emoji·旅行与物品 / 地点与场景	1f3e0.png	是	U+1F3E0	Travel & Places	place-building	fully-qualified	房子	HOUSE BUILDING
2695	🏡	旅行	主网格	🏡	Emoji·旅行与物品 / 第 16 行	1f3e1.png	是	U+1F3E1	Travel & Places	place-building	fully-qualified	别墅	HOUSE WITH GARDEN
2696	🏢	旅行	主网格	🏢	Emoji·旅行与物品 / 第 16 行	1f3e2.png	是	U+1F3E2	Travel & Places	place-building	fully-qualified	办公楼	OFFICE BUILDING
2697	🏣	旅行	主网格	🏣	Emoji·符号与旗帜 / 第 52 行	1f3e3.png	是	U+1F3E3	Travel & Places	place-building	fully-qualified	日本邮局	JAPANESE POST OFFICE
2698	🏤	旅行	主网格	🏤	Emoji·符号与旗帜 / 第 52 行	1f3e4.png	是	U+1F3E4	Travel & Places	place-building	fully-qualified	邮局	EUROPEAN POST OFFICE
2699	🏥	旅行	主网格	🏥	Emoji·旅行与物品 / 第 6 行	1f3e5.png	是	U+1F3E5	Travel & Places	place-building	fully-qualified	医院	HOSPITAL
2700	🏦	旅行	主网格	🏦	Emoji·旅行与物品 / 第 6 行	1f3e6.png	是	U+1F3E6	Travel & Places	place-building	fully-qualified	银行	BANK
2701	🏨	旅行	主网格	🏨	Emoji·旅行与物品 / 第 6 行	1f3e8.png	是	U+1F3E8	Travel & Places	place-building	fully-qualified	酒店	HOTEL
2702	🏩	旅行	主网格	🏩	Emoji·旅行与物品 / 第 6 行	1f3e9.png	是	U+1F3E9	Travel & Places	place-building	fully-qualified	情人酒店	LOVE HOTEL
2703	🏪	旅行	主网格	🏪	Emoji·符号与旗帜 / 第 53 行	1f3ea.png	是	U+1F3EA	Travel & Places	place-building	fully-qualified	便利店	CONVENIENCE STORE
2704	🏫	旅行	主网格	🏫	Emoji·旅行与物品 / 第 6 行	1f3eb.png	是	U+1F3EB	Travel & Places	place-building	fully-qualified	学校	SCHOOL
2705	🏬	旅行	主网格	🏬	Emoji·食物与活动 / 第 2 行	1f3ec.png	是	U+1F3EC	Travel & Places	place-building	fully-qualified	商场	DEPARTMENT STORE
2706	🏭	旅行	主网格	🏭	Emoji·旅行与物品 / 第 6 行	1f3ed.png	是	U+1F3ED	Travel & Places	place-building	fully-qualified	工厂	FACTORY
2707	🏯	旅行	主网格	🏯	Emoji·旅行与物品 / 第 6 行	1f3ef.png	是	U+1F3EF	Travel & Places	place-building	fully-qualified	日本城堡	JAPANESE CASTLE
2708	🏰	旅行	主网格	🏰	Emoji·旅行与物品 / 第 6 行	1f3f0.png	是	U+1F3F0	Travel & Places	place-building	fully-qualified	欧洲城堡	EUROPEAN CASTLE
2709	💒	旅行	主网格	💒	Emoji·符号与旗帜 / 第 56 行	1f492.png	是	U+1F492	Travel & Places	place-building	fully-qualified	婚礼	WEDDING
2710	🗼	旅行	主网格	🗼	Emoji·符号与旗帜 / 第 63 行	1f5fc.png	是	U+1F5FC	Travel & Places	place-building	fully-qualified	东京塔	TOKYO TOWER
2711	🗽	旅行	主网格	🗽	Emoji·符号与旗帜 / 第 63 行	1f5fd.png	是	U+1F5FD	Travel & Places	place-building	fully-qualified	自由女神像	STATUE OF LIBERTY
2712	⛪	旅行	主网格	⛪	Emoji·旅行与物品 / 第 5 行	26ea.png	是	U+26EA	Travel & Places	place-religious	fully-qualified	教堂	CHURCH
2713	🕌	旅行	主网格	🕌	Emoji·旅行与物品 / 第 7 行	1f54c.png	是	U+1F54C	Travel & Places	place-religious	fully-qualified	清真寺	MOSQUE
2714	🛕	旅行	主网格	🛕	Emoji·旅行与物品 / 第 8 行	1f6d5.png	是	U+1F6D5	Travel & Places	place-religious	fully-qualified	印度寺庙	HINDU TEMPLE
2715	🕍	旅行	主网格	🕍	Emoji·符号与旗帜 / 第 63 行	1f54d.png	是	U+1F54D	Travel & Places	place-religious	fully-qualified	犹太教堂	SYNAGOGUE
2716	⛩️	旅行	主网格	⛩️	Emoji·符号与旗帜 / 第 35 行	26e9.png	是	U+26E9 U+FE0F	Travel & Places	place-religious	fully-qualified	神社	SHINTO SHRINE
2717	⛩	旅行	呈现别名（不重复显示）	⛩️	Emoji·符号与旗帜 / 第 83 行	26e9.png	是	U+26E9	Travel & Places	place-religious	unqualified	神社	SHINTO SHRINE
2718	🕋	旅行	主网格	🕋	Emoji·符号与旗帜 / 第 63 行	1f54b.png	是	U+1F54B	Travel & Places	place-religious	fully-qualified	克尔白	KAABA
2719	⛲	旅行	主网格	⛲	Emoji·旅行与物品 / 第 5 行	26f2.png	是	U+26F2	Travel & Places	place-other	fully-qualified	喷泉	FOUNTAIN
2720	⛺	旅行	主网格	⛺	Emoji·旅行与物品 / 第 5 行	26fa.png	是	U+26FA	Travel & Places	place-other	fully-qualified	帐篷	TENT
2721	🌁	旅行	主网格	🌁	Emoji·符号与旗帜 / 第 48 行	1f301.png	是	U+1F301	Travel & Places	place-other	fully-qualified	有雾	FOGGY
2722	🌃	旅行	主网格	🌃	Emoji·动物与自然 / 第 9 行	1f303.png	是	U+1F303	Travel & Places	place-other	fully-qualified	夜晚	NIGHT WITH STARS
2723	🏙️	旅行	主网格	🏙️	Emoji·符号与旗帜 / 第 38 行	1f3d9.png	是	U+1F3D9 U+FE0F	Travel & Places	place-other	fully-qualified	城市风光	CITYSCAPE
2724	🏙	旅行	呈现别名（不重复显示）	🏙️	Emoji·符号与旗帜 / 第 85 行	1f3d9.png	是	U+1F3D9	Travel & Places	place-other	unqualified	城市风光	CITYSCAPE
2725	🌄	旅行	主网格	🌄	Emoji·动物与自然 / 第 9 行	1f304.png	是	U+1F304	Travel & Places	place-other	fully-qualified	山顶日出	SUNRISE OVER MOUNTAINS
2726	🌅	旅行	主网格	🌅	Emoji·动物与自然 / 第 9 行	1f305.png	是	U+1F305	Travel & Places	place-other	fully-qualified	日出	SUNRISE
2727	🌆	旅行	主网格	🌆	Emoji·符号与旗帜 / 第 49 行	1f306.png	是	U+1F306	Travel & Places	place-other	fully-qualified	城市黄昏	CITYSCAPE AT DUSK
2728	🌇	旅行	主网格	🌇	Emoji·动物与自然 / 第 9 行	1f307.png	是	U+1F307	Travel & Places	place-other	fully-qualified	日落	SUNSET OVER BUILDINGS
2729	🌉	旅行	主网格	🌉	Emoji·符号与旗帜 / 第 49 行	1f309.png	是	U+1F309	Travel & Places	place-other	fully-qualified	夜幕下的桥	BRIDGE AT NIGHT
2730	♨️	旅行	主网格	♨️	Emoji·符号与旗帜 / 第 34 行	2668.png	是	U+2668 U+FE0F	Travel & Places	place-other	fully-qualified	温泉	HOT SPRINGS
2731	♨	旅行	呈现别名（不重复显示）	♨️	Emoji·符号与旗帜 / 第 82 行	2668.png	是	U+2668	Travel & Places	place-other	unqualified	温泉	HOT SPRINGS
2732	🎠	旅行	主网格	🎠	Emoji·动物与自然 / 动物·哺乳与宠物	1f3a0.png	是	U+1F3A0	Travel & Places	place-other	fully-qualified	旋转木马	CAROUSEL HORSE
2733	🛝	旅行	主网格	🛝	Emoji·符号与旗帜 / 第 87 行	1f6dd.png	是	U+1F6DD	Travel & Places	place-other	fully-qualified	游乐场滑梯	PLAYGROUND SLIDE
2734	🎡	旅行	主网格	🎡	Emoji·符号与旗帜 / 第 51 行	1f3a1.png	是	U+1F3A1	Travel & Places	place-other	fully-qualified	摩天轮	FERRIS WHEEL
2735	🎢	旅行	主网格	🎢	Emoji·符号与旗帜 / 第 51 行	1f3a2.png	是	U+1F3A2	Travel & Places	place-other	fully-qualified	过山车	ROLLER COASTER
2736	💈	旅行	主网格	💈	Emoji·符号与旗帜 / 第 56 行	1f488.png	是	U+1F488	Travel & Places	place-other	fully-qualified	理发店	BARBER POLE
2737	🎪	旅行	主网格	🎪	Emoji·旅行与物品 / 第 5 行	1f3aa.png	是	U+1F3AA	Travel & Places	place-other	fully-qualified	马戏团帐篷	CIRCUS TENT
2738	🚂	旅行	主网格	🚂	Emoji·食物与活动 / 饮品	1f682.png	是	U+1F682	Travel & Places	transport-ground	fully-qualified	蒸汽火车	STEAM LOCOMOTIVE
2739	🚃	旅行	主网格	🚃	Emoji·旅行与物品 / 第 11 行	1f683.png	是	U+1F683	Travel & Places	transport-ground	fully-qualified	轨道车	RAILWAY CAR
2740	🚄	旅行	主网格	🚄	Emoji·动物与自然 / 第 11 行	1f684.png	是	U+1F684	Travel & Places	transport-ground	fully-qualified	高速列车	HIGH-SPEED TRAIN
2741	🚅	旅行	主网格	🚅	Emoji·动物与自然 / 第 11 行	1f685.png	是	U+1F685	Travel & Places	transport-ground	fully-qualified	子弹头高速列车	HIGH-SPEED TRAIN WITH BULLET NOSE
2742	🚆	旅行	主网格	🚆	Emoji·动物与自然 / 第 11 行	1f686.png	是	U+1F686	Travel & Places	transport-ground	fully-qualified	火车	TRAIN
2743	🚇	旅行	主网格	🚇	Emoji·符号与旗帜 / 第 63 行	1f687.png	是	U+1F687	Travel & Places	transport-ground	fully-qualified	地铁	METRO
2744	🚈	旅行	主网格	🚈	Emoji·旅行与物品 / 第 3 行	1f688.png	是	U+1F688	Travel & Places	transport-ground	fully-qualified	轻轨	LIGHT RAIL
2745	🚉	旅行	主网格	🚉	Emoji·符号与旗帜 / 第 64 行	1f689.png	是	U+1F689	Travel & Places	transport-ground	fully-qualified	车站	STATION
2746	🚊	旅行	主网格	🚊	Emoji·符号与旗帜 / 第 64 行	1f68a.png	是	U+1F68A	Travel & Places	transport-ground	fully-qualified	路面电车	TRAM
2747	🚝	旅行	主网格	🚝	Emoji·旅行与物品 / 第 7 行	1f69d.png	是	U+1F69D	Travel & Places	transport-ground	fully-qualified	单轨	MONORAIL
2748	🚞	旅行	主网格	🚞	Emoji·旅行与物品 / 第 16 行	1f69e.png	是	U+1F69E	Travel & Places	transport-ground	fully-qualified	山区铁路	MOUNTAIN RAILWAY
2749	🚋	旅行	主网格	🚋	Emoji·旅行与物品 / 第 11 行	1f68b.png	是	U+1F68B	Travel & Places	transport-ground	fully-qualified	有轨电车	TRAM CAR
2750	🚌	旅行	主网格	🚌	Emoji·旅行与物品 / 第 11 行	1f68c.png	是	U+1F68C	Travel & Places	transport-ground	fully-qualified	公交车	BUS
2751	🚍	旅行	主网格	🚍	Emoji·旅行与物品 / 第 11 行	1f68d.png	是	U+1F68D	Travel & Places	transport-ground	fully-qualified	迎面驶来的公交车	ONCOMING BUS
2752	🚎	旅行	主网格	🚎	Emoji·旅行与物品 / 第 12 行	1f68e.png	是	U+1F68E	Travel & Places	transport-ground	fully-qualified	无轨电车	TROLLEYBUS
2753	🚐	旅行	主网格	🚐	Emoji·旅行与物品 / 第 12 行	1f690.png	是	U+1F690	Travel & Places	transport-ground	fully-qualified	小巴	MINIBUS
2754	🚑	旅行	主网格	🚑	Emoji·符号与旗帜 / 第 64 行	1f691.png	是	U+1F691	Travel & Places	transport-ground	fully-qualified	救护车	AMBULANCE
2755	🚒	旅行	主网格	🚒	Emoji·动物与自然 / 第 5 行	1f692.png	是	U+1F692	Travel & Places	transport-ground	fully-qualified	消防车	FIRE ENGINE
2756	🚓	旅行	主网格	🚓	Emoji·旅行与物品 / 第 12 行	1f693.png	是	U+1F693	Travel & Places	transport-ground	fully-qualified	警车	POLICE CAR
2757	🚔	旅行	主网格	🚔	Emoji·旅行与物品 / 第 12 行	1f694.png	是	U+1F694	Travel & Places	transport-ground	fully-qualified	迎面驶来的警车	ONCOMING POLICE CAR
2758	🚕	旅行	主网格	🚕	Emoji·旅行与物品 / 第 7 行	1f695.png	是	U+1F695	Travel & Places	transport-ground	fully-qualified	出租车	TAXI
2759	🚖	旅行	主网格	🚖	Emoji·旅行与物品 / 第 7 行	1f696.png	是	U+1F696	Travel & Places	transport-ground	fully-qualified	迎面驶来的出租车	ONCOMING TAXI
2760	🚗	旅行	主网格	🚗	Emoji·符号与旗帜 / 第 64 行	1f697.png	是	U+1F697	Travel & Places	transport-ground	fully-qualified	汽车	AUTOMOBILE
2761	🚘	旅行	主网格	🚘	Emoji·符号与旗帜 / 第 64 行	1f698.png	是	U+1F698	Travel & Places	transport-ground	fully-qualified	迎面驶来的汽车	ONCOMING AUTOMOBILE
2762	🚙	旅行	主网格	🚙	Emoji·符号与旗帜 / 第 64 行	1f699.png	是	U+1F699	Travel & Places	transport-ground	fully-qualified	运动型多用途车	RECREATIONAL VEHICLE
2763	🛻	旅行	主网格	🛻	Emoji·旅行与物品 / 第 13 行	1f6fb.png	是	U+1F6FB	Travel & Places	transport-ground	fully-qualified	敞蓬小型载货卡车	PICKUP TRUCK
2764	🚚	旅行	主网格	🚚	Emoji·旅行与物品 / 第 12 行	1f69a.png	是	U+1F69A	Travel & Places	transport-ground	fully-qualified	货车	DELIVERY TRUCK
2765	🚛	旅行	主网格	🚛	Emoji·食物与活动 / 第 4 行	1f69b.png	是	U+1F69B	Travel & Places	transport-ground	fully-qualified	铰接式货车	ARTICULATED LORRY
2766	🚜	旅行	主网格	🚜	Emoji·符号与旗帜 / 第 64 行	1f69c.png	是	U+1F69C	Travel & Places	transport-ground	fully-qualified	拖拉机	TRACTOR
2767	🏎️	旅行	主网格	🏎️	Emoji·旅行与物品 / 交通工具	1f3ce.png	是	U+1F3CE U+FE0F	Travel & Places	transport-ground	fully-qualified	赛车	RACING CAR
2768	🏎	旅行	呈现别名（不重复显示）	🏎️	Emoji·旅行与物品 / 第 13 行	1f3ce.png	是	U+1F3CE	Travel & Places	transport-ground	unqualified	赛车	RACING CAR
2769	🏍️	旅行	主网格	🏍️	Emoji·旅行与物品 / 交通工具	1f3cd.png	是	U+1F3CD U+FE0F	Travel & Places	transport-ground	fully-qualified	摩托车	RACING MOTORCYCLE
2770	🏍	旅行	呈现别名（不重复显示）	🏍️	Emoji·旅行与物品 / 第 13 行	1f3cd.png	是	U+1F3CD	Travel & Places	transport-ground	unqualified	摩托车	RACING MOTORCYCLE
2771	🛵	旅行	主网格	🛵	Emoji·旅行与物品 / 第 13 行	1f6f5.png	是	U+1F6F5	Travel & Places	transport-ground	fully-qualified	小型摩托车	MOTOR SCOOTER
2772	🦽	旅行	主网格	🦽	Emoji·表情与人物 / 第 20 行	1f9bd.png	是	U+1F9BD	Travel & Places	transport-ground	fully-qualified	手动轮椅	MANUAL WHEELCHAIR
2773	🦼	旅行	主网格	🦼	Emoji·旅行与物品 / 第 13 行	1f9bc.png	是	U+1F9BC	Travel & Places	transport-ground	fully-qualified	电动轮椅	MOTORIZED WHEELCHAIR
2774	🛺	旅行	主网格	🛺	Emoji·符号与旗帜 / 第 67 行	1f6fa.png	是	U+1F6FA	Travel & Places	transport-ground	fully-qualified	三轮摩托车	AUTO RICKSHAW
2775	🚲	旅行	主网格	🚲	Emoji·旅行与物品 / 第 12 行	1f6b2.png	是	U+1F6B2	Travel & Places	transport-ground	fully-qualified	自行车	BICYCLE
2776	🛴	旅行	主网格	🛴	Emoji·符号与旗帜 / 第 66 行	1f6f4.png	是	U+1F6F4	Travel & Places	transport-ground	fully-qualified	滑板车	SCOOTER
2777	🛹	旅行	主网格	🛹	Emoji·动物与自然 / 第 6 行	1f6f9.png	是	U+1F6F9	Travel & Places	transport-ground	fully-qualified	滑板	SKATEBOARD
2778	🛼	旅行	主网格	🛼	Emoji·符号与旗帜 / 第 67 行	1f6fc.png	是	U+1F6FC	Travel & Places	transport-ground	fully-qualified	四轮滑冰鞋	ROLLER SKATE
2779	🚏	旅行	主网格	🚏	Emoji·旅行与物品 / 第 12 行	1f68f.png	是	U+1F68F	Travel & Places	transport-ground	fully-qualified	公交车站	BUS STOP
2780	🛣️	旅行	主网格	🛣️	Emoji·旅行与物品 / 交通工具	1f6e3.png	是	U+1F6E3 U+FE0F	Travel & Places	transport-ground	fully-qualified	高速公路	MOTORWAY
2781	🛣	旅行	呈现别名（不重复显示）	🛣️	Emoji·旅行与物品 / 第 13 行	1f6e3.png	是	U+1F6E3	Travel & Places	transport-ground	unqualified	高速公路	MOTORWAY
2782	🛤️	旅行	主网格	🛤️	Emoji·旅行与物品 / 第 5 行	1f6e4.png	是	U+1F6E4 U+FE0F	Travel & Places	transport-ground	fully-qualified	铁轨	RAILWAY TRACK
2783	🛤	旅行	呈现别名（不重复显示）	🛤️	Emoji·旅行与物品 / 第 9 行	1f6e4.png	是	U+1F6E4	Travel & Places	transport-ground	unqualified	铁轨	RAILWAY TRACK
2784	🛢️	旅行	主网格	🛢️	Emoji·符号与旗帜 / 第 40 行	1f6e2.png	是	U+1F6E2 U+FE0F	Travel & Places	transport-ground	fully-qualified	石油桶	OIL DRUM
2785	🛢	旅行	呈现别名（不重复显示）	🛢️	Emoji·符号与旗帜 / 第 88 行	1f6e2.png	是	U+1F6E2	Travel & Places	transport-ground	unqualified	石油桶	OIL DRUM
2786	⛽	旅行	主网格	⛽	Emoji·符号与旗帜 / 第 46 行	26fd.png	是	U+26FD	Travel & Places	transport-ground	fully-qualified	油泵	FUEL PUMP
2787	🛞	旅行	主网格	🛞	Emoji·符号与旗帜 / 第 88 行	1f6de.png	是	U+1F6DE	Travel & Places	transport-ground	fully-qualified	车轮	WHEEL
2788	🚨	旅行	主网格	🚨	Emoji·旅行与物品 / 第 12 行	1f6a8.png	是	U+1F6A8	Travel & Places	transport-ground	fully-qualified	警车灯	POLICE CARS REVOLVING LIGHT
2789	🚥	旅行	主网格	🚥	Emoji·符号与旗帜 / 第 64 行	1f6a5.png	是	U+1F6A5	Travel & Places	transport-ground	fully-qualified	横向的红绿灯	HORIZONTAL TRAFFIC LIGHT
2790	🚦	旅行	主网格	🚦	Emoji·符号与旗帜 / 第 64 行	1f6a6.png	是	U+1F6A6	Travel & Places	transport-ground	fully-qualified	纵向的红绿灯	VERTICAL TRAFFIC LIGHT
2791	🛑	旅行	主网格	🛑	Emoji·符号与旗帜 / 第 66 行	1f6d1.png	是	U+1F6D1	Travel & Places	transport-ground	fully-qualified	停止标志	OCTAGONAL SIGN
2792	🚧	旅行	主网格	🚧	Emoji·符号与旗帜 / 第 64 行	1f6a7.png	是	U+1F6A7	Travel & Places	transport-ground	fully-qualified	施工	CONSTRUCTION SIGN
2793	⚓	旅行	主网格	⚓	Emoji·符号与旗帜 / 第 46 行	2693.png	是	U+2693	Travel & Places	transport-water	fully-qualified	锚	ANCHOR
2794	🛟	旅行	主网格	🛟	Emoji·符号与旗帜 / 第 88 行	1f6df.png	是	U+1F6DF	Travel & Places	transport-water	fully-qualified	救生圈	RING BUOY
2795	⛵	旅行	主网格	⛵	Emoji·旅行与物品 / 第 5 行	26f5.png	是	U+26F5	Travel & Places	transport-water	fully-qualified	帆船	SAILBOAT
2796	🛶	旅行	主网格	🛶	Emoji·符号与旗帜 / 第 66 行	1f6f6.png	是	U+1F6F6	Travel & Places	transport-water	fully-qualified	独木舟	CANOE
2797	🚤	旅行	主网格	🚤	Emoji·旅行与物品 / 第 8 行	1f6a4.png	是	U+1F6A4	Travel & Places	transport-water	fully-qualified	快艇	SPEEDBOAT
2798	🛳️	旅行	主网格	🛳️	Emoji·旅行与物品 / 交通工具	1f6f3.png	是	U+1F6F3 U+FE0F	Travel & Places	transport-water	fully-qualified	客轮	PASSENGER SHIP
2799	🛳	旅行	呈现别名（不重复显示）	🛳️	Emoji·旅行与物品 / 第 14 行	1f6f3.png	是	U+1F6F3	Travel & Places	transport-water	unqualified	客轮	PASSENGER SHIP
2800	⛴️	旅行	主网格	⛴️	Emoji·符号与旗帜 / 第 36 行	26f4.png	是	U+26F4 U+FE0F	Travel & Places	transport-water	fully-qualified	渡轮	FERRY
2801	⛴	旅行	呈现别名（不重复显示）	⛴️	Emoji·符号与旗帜 / 第 83 行	26f4.png	是	U+26F4	Travel & Places	transport-water	unqualified	渡轮	FERRY
2802	🛥️	旅行	主网格	🛥️	Emoji·旅行与物品 / 交通工具	1f6e5.png	是	U+1F6E5 U+FE0F	Travel & Places	transport-water	fully-qualified	摩托艇	MOTOR BOAT
2803	🛥	旅行	呈现别名（不重复显示）	🛥️	Emoji·旅行与物品 / 第 14 行	1f6e5.png	是	U+1F6E5	Travel & Places	transport-water	unqualified	摩托艇	MOTOR BOAT
2804	🚢	旅行	主网格	🚢	Emoji·旅行与物品 / 第 12 行	1f6a2.png	是	U+1F6A2	Travel & Places	transport-water	fully-qualified	船	SHIP
2805	✈️	旅行	主网格	✈️	Emoji·旅行与物品 / 交通工具	2708.png	是	U+2708 U+FE0F	Travel & Places	transport-air	fully-qualified	飞机	AIRPLANE
2806	✈	旅行	呈现别名（不重复显示）	✈️	Emoji·旅行与物品 / 第 13 行	2708.png	是	U+2708	Travel & Places	transport-air	unqualified	飞机	AIRPLANE
2807	🛩️	旅行	主网格	🛩️	Emoji·旅行与物品 / 交通工具	1f6e9.png	是	U+1F6E9 U+FE0F	Travel & Places	transport-air	fully-qualified	小型飞机	SMALL AIRPLANE
2808	🛩	旅行	呈现别名（不重复显示）	🛩️	Emoji·旅行与物品 / 第 14 行	1f6e9.png	是	U+1F6E9	Travel & Places	transport-air	unqualified	小型飞机	SMALL AIRPLANE
2809	🛫	旅行	主网格	🛫	Emoji·食物与活动 / 第 4 行	1f6eb.png	是	U+1F6EB	Travel & Places	transport-air	fully-qualified	航班起飞	AIRPLANE DEPARTURE
2810	🛬	旅行	主网格	🛬	Emoji·旅行与物品 / 第 12 行	1f6ec.png	是	U+1F6EC	Travel & Places	transport-air	fully-qualified	航班降落	AIRPLANE ARRIVING
2811	🪂	旅行	主网格	🪂	Emoji·符号与旗帜 / 第 76 行	1fa82.png	是	U+1FA82	Travel & Places	transport-air	fully-qualified	降落伞	PARACHUTE
2812	💺	旅行	主网格	💺	Emoji·符号与旗帜 / 第 58 行	1f4ba.png	是	U+1F4BA	Travel & Places	transport-air	fully-qualified	座位	SEAT
2813	🚁	旅行	主网格	🚁	Emoji·旅行与物品 / 第 11 行	1f681.png	是	U+1F681	Travel & Places	transport-air	fully-qualified	直升机	HELICOPTER
2814	🚟	旅行	主网格	🚟	Emoji·旅行与物品 / 第 8 行	1f69f.png	是	U+1F69F	Travel & Places	transport-air	fully-qualified	空轨	SUSPENSION RAILWAY
2815	🚠	旅行	主网格	🚠	Emoji·旅行与物品 / 第 16 行	1f6a0.png	是	U+1F6A0	Travel & Places	transport-air	fully-qualified	缆车	MOUNTAIN CABLEWAY
2816	🚡	旅行	主网格	🚡	Emoji·符号与旗帜 / 第 64 行	1f6a1.png	是	U+1F6A1	Travel & Places	transport-air	fully-qualified	索道	AERIAL TRAMWAY
2817	🛰️	旅行	主网格	🛰️	Emoji·旅行与物品 / 第 5 行	1f6f0.png	是	U+1F6F0 U+FE0F	Travel & Places	transport-air	fully-qualified	卫星	SATELLITE
2818	🛰	旅行	呈现别名（不重复显示）	🛰️	Emoji·旅行与物品 / 第 9 行	1f6f0.png	是	U+1F6F0	Travel & Places	transport-air	unqualified	卫星	SATELLITE
2819	🚀	旅行	主网格	🚀	Emoji·旅行与物品 / 第 11 行	1f680.png	是	U+1F680	Travel & Places	transport-air	fully-qualified	火箭	ROCKET
2820	🛸	旅行	主网格	🛸	Emoji·符号与旗帜 / 第 66 行	1f6f8.png	是	U+1F6F8	Travel & Places	transport-air	fully-qualified	飞碟	FLYING SAUCER
2821	🛎️	旅行	主网格	🛎️	Emoji·符号与旗帜 / 第 40 行	1f6ce.png	是	U+1F6CE U+FE0F	Travel & Places	hotel	fully-qualified	服务铃	BELLHOP BELL
2822	🛎	旅行	呈现别名（不重复显示）	🛎️	Emoji·符号与旗帜 / 第 87 行	1f6ce.png	是	U+1F6CE	Travel & Places	hotel	unqualified	服务铃	BELLHOP BELL
2823	🧳	旅行	主网格	🧳	Emoji·符号与旗帜 / 第 74 行	1f9f3.png	是	U+1F9F3	Travel & Places	hotel	fully-qualified	行李箱	LUGGAGE
2824	⌛	旅行	主网格	⌛	Emoji·符号与旗帜 / 第 44 行	231b.png	是	U+231B	Travel & Places	time	fully-qualified	沙漏	HOURGLASS
2825	⏳	旅行	主网格	⏳	Emoji·符号与旗帜 / 第 45 行	23f3.png	是	U+23F3	Travel & Places	time	fully-qualified	沙正往下流的沙漏	HOURGLASS WITH FLOWING SAND
2826	⌚	旅行	主网格	⌚	Emoji·符号与旗帜 / 第 44 行	231a.png	是	U+231A	Travel & Places	time	fully-qualified	手表	WATCH
2827	⏰	旅行	主网格	⏰	Emoji·旅行与物品 / 第 18 行	23f0.png	是	U+23F0	Travel & Places	time	fully-qualified	闹钟	ALARM CLOCK
2828	⏱️	旅行	主网格	⏱️	Emoji·符号与旗帜 / 第 33 行	23f1.png	是	U+23F1 U+FE0F	Travel & Places	time	fully-qualified	秒表	STOPWATCH
2829	⏱	旅行	呈现别名（不重复显示）	⏱️	Emoji·符号与旗帜 / 第 80 行	23f1.png	是	U+23F1	Travel & Places	time	unqualified	秒表	STOPWATCH
2830	⏲️	旅行	主网格	⏲️	Emoji·旅行与物品 / 物品与日常	23f2.png	是	U+23F2 U+FE0F	Travel & Places	time	fully-qualified	定时器	TIMER CLOCK
2831	⏲	旅行	呈现别名（不重复显示）	⏲️	Emoji·旅行与物品 / 第 19 行	23f2.png	是	U+23F2	Travel & Places	time	unqualified	定时器	TIMER CLOCK
2832	🕰️	旅行	主网格	🕰️	Emoji·表情与人物 / 第 16 行	1f570.png	是	U+1F570 U+FE0F	Travel & Places	time	fully-qualified	座钟	MANTELPIECE CLOCK
2833	🕰	旅行	呈现别名（不重复显示）	🕰️	Emoji·表情与人物 / 第 21 行	1f570.png	是	U+1F570	Travel & Places	time	unqualified	座钟	MANTELPIECE CLOCK
2834	🕛	旅行	主网格	🕛	Emoji·表情与人物 / 第 27 行	1f55b.png	是	U+1F55B	Travel & Places	time	fully-qualified	十二点	CLOCK FACE TWELVE OCLOCK
2835	🕧	旅行	主网格	🕧	Emoji·表情与人物 / 第 28 行	1f567.png	是	U+1F567	Travel & Places	time	fully-qualified	十二点半	CLOCK FACE TWELVE-THIRTY
2836	🕐	旅行	主网格	🕐	Emoji·表情与人物 / 第 26 行	1f550.png	是	U+1F550	Travel & Places	time	fully-qualified	一点	CLOCK FACE ONE OCLOCK
2837	🕜	旅行	主网格	🕜	Emoji·表情与人物 / 第 27 行	1f55c.png	是	U+1F55C	Travel & Places	time	fully-qualified	一点半	CLOCK FACE ONE-THIRTY
2838	🕑	旅行	主网格	🕑	Emoji·表情与人物 / 第 26 行	1f551.png	是	U+1F551	Travel & Places	time	fully-qualified	两点	CLOCK FACE TWO OCLOCK
2839	🕝	旅行	主网格	🕝	Emoji·表情与人物 / 第 27 行	1f55d.png	是	U+1F55D	Travel & Places	time	fully-qualified	两点半	CLOCK FACE TWO-THIRTY
2840	🕒	旅行	主网格	🕒	Emoji·表情与人物 / 第 26 行	1f552.png	是	U+1F552	Travel & Places	time	fully-qualified	三点	CLOCK FACE THREE OCLOCK
2841	🕞	旅行	主网格	🕞	Emoji·表情与人物 / 第 27 行	1f55e.png	是	U+1F55E	Travel & Places	time	fully-qualified	三点半	CLOCK FACE THREE-THIRTY
2842	🕓	旅行	主网格	🕓	Emoji·表情与人物 / 第 26 行	1f553.png	是	U+1F553	Travel & Places	time	fully-qualified	四点	CLOCK FACE FOUR OCLOCK
2843	🕟	旅行	主网格	🕟	Emoji·表情与人物 / 第 27 行	1f55f.png	是	U+1F55F	Travel & Places	time	fully-qualified	四点半	CLOCK FACE FOUR-THIRTY
2844	🕔	旅行	主网格	🕔	Emoji·表情与人物 / 第 26 行	1f554.png	是	U+1F554	Travel & Places	time	fully-qualified	五点	CLOCK FACE FIVE OCLOCK
2845	🕠	旅行	主网格	🕠	Emoji·表情与人物 / 第 27 行	1f560.png	是	U+1F560	Travel & Places	time	fully-qualified	五点半	CLOCK FACE FIVE-THIRTY
2846	🕕	旅行	主网格	🕕	Emoji·表情与人物 / 第 26 行	1f555.png	是	U+1F555	Travel & Places	time	fully-qualified	六点	CLOCK FACE SIX OCLOCK
2847	🕡	旅行	主网格	🕡	Emoji·表情与人物 / 第 27 行	1f561.png	是	U+1F561	Travel & Places	time	fully-qualified	六点半	CLOCK FACE SIX-THIRTY
2848	🕖	旅行	主网格	🕖	Emoji·表情与人物 / 第 26 行	1f556.png	是	U+1F556	Travel & Places	time	fully-qualified	七点	CLOCK FACE SEVEN OCLOCK
2849	🕢	旅行	主网格	🕢	Emoji·表情与人物 / 第 27 行	1f562.png	是	U+1F562	Travel & Places	time	fully-qualified	七点半	CLOCK FACE SEVEN-THIRTY
2850	🕗	旅行	主网格	🕗	Emoji·表情与人物 / 第 26 行	1f557.png	是	U+1F557	Travel & Places	time	fully-qualified	八点	CLOCK FACE EIGHT OCLOCK
2851	🕣	旅行	主网格	🕣	Emoji·表情与人物 / 第 27 行	1f563.png	是	U+1F563	Travel & Places	time	fully-qualified	八点半	CLOCK FACE EIGHT-THIRTY
2852	🕘	旅行	主网格	🕘	Emoji·表情与人物 / 第 26 行	1f558.png	是	U+1F558	Travel & Places	time	fully-qualified	九点	CLOCK FACE NINE OCLOCK
2853	🕤	旅行	主网格	🕤	Emoji·表情与人物 / 第 27 行	1f564.png	是	U+1F564	Travel & Places	time	fully-qualified	九点半	CLOCK FACE NINE-THIRTY
2854	🕙	旅行	主网格	🕙	Emoji·表情与人物 / 第 26 行	1f559.png	是	U+1F559	Travel & Places	time	fully-qualified	十点	CLOCK FACE TEN OCLOCK
2855	🕥	旅行	主网格	🕥	Emoji·表情与人物 / 第 27 行	1f565.png	是	U+1F565	Travel & Places	time	fully-qualified	十点半	CLOCK FACE TEN-THIRTY
2856	🕚	旅行	主网格	🕚	Emoji·表情与人物 / 第 27 行	1f55a.png	是	U+1F55A	Travel & Places	time	fully-qualified	十一点	CLOCK FACE ELEVEN OCLOCK
2857	🕦	旅行	主网格	🕦	Emoji·表情与人物 / 第 28 行	1f566.png	是	U+1F566	Travel & Places	time	fully-qualified	十一点半	CLOCK FACE ELEVEN-THIRTY
2858	🌑	旅行	主网格	🌑	Emoji·动物与自然 / 第 10 行	1f311.png	是	U+1F311	Travel & Places	sky & weather	fully-qualified	朔月	NEW MOON SYMBOL
2859	🌒	旅行	主网格	🌒	Emoji·动物与自然 / 第 10 行	1f312.png	是	U+1F312	Travel & Places	sky & weather	fully-qualified	蛾眉月	WAXING CRESCENT MOON SYMBOL
2860	🌓	旅行	主网格	🌓	Emoji·动物与自然 / 第 10 行	1f313.png	是	U+1F313	Travel & Places	sky & weather	fully-qualified	上弦月	FIRST QUARTER MOON SYMBOL
2861	🌔	旅行	主网格	🌔	Emoji·动物与自然 / 第 10 行	1f314.png	是	U+1F314	Travel & Places	sky & weather	fully-qualified	盈凸月	WAXING GIBBOUS MOON SYMBOL
2862	🌕	旅行	主网格	🌕	Emoji·动物与自然 / 第 10 行	1f315.png	是	U+1F315	Travel & Places	sky & weather	fully-qualified	满月	FULL MOON SYMBOL
2863	🌖	旅行	主网格	🌖	Emoji·动物与自然 / 第 10 行	1f316.png	是	U+1F316	Travel & Places	sky & weather	fully-qualified	亏凸月	WANING GIBBOUS MOON SYMBOL
2864	🌗	旅行	主网格	🌗	Emoji·动物与自然 / 第 10 行	1f317.png	是	U+1F317	Travel & Places	sky & weather	fully-qualified	下弦月	LAST QUARTER MOON SYMBOL
2865	🌘	旅行	主网格	🌘	Emoji·动物与自然 / 第 10 行	1f318.png	是	U+1F318	Travel & Places	sky & weather	fully-qualified	残月	WANING CRESCENT MOON SYMBOL
2866	🌙	旅行	主网格	🌙	Emoji·动物与自然 / 第 10 行	1f319.png	是	U+1F319	Travel & Places	sky & weather	fully-qualified	弯月	CRESCENT MOON
2867	🌚	旅行	主网格	🌚	Emoji·表情与人物 / 第 24 行	1f31a.png	是	U+1F31A	Travel & Places	sky & weather	fully-qualified	微笑的朔月	NEW MOON WITH FACE
2868	🌛	旅行	主网格	🌛	Emoji·表情与人物 / 第 24 行	1f31b.png	是	U+1F31B	Travel & Places	sky & weather	fully-qualified	微笑的上弦月	FIRST QUARTER MOON WITH FACE
2869	🌜	旅行	主网格	🌜	Emoji·表情与人物 / 第 24 行	1f31c.png	是	U+1F31C	Travel & Places	sky & weather	fully-qualified	微笑的下弦月	LAST QUARTER MOON WITH FACE
2870	🌡️	旅行	主网格	🌡️	Emoji·符号与旗帜 / 第 37 行	1f321.png	是	U+1F321 U+FE0F	Travel & Places	sky & weather	fully-qualified	温度计	THERMOMETER
2871	🌡	旅行	呈现别名（不重复显示）	🌡️	Emoji·符号与旗帜 / 第 84 行	1f321.png	是	U+1F321	Travel & Places	sky & weather	unqualified	温度计	THERMOMETER
2872	☀️	旅行	主网格	☀️	Emoji·动物与自然 / 天气与天体	2600.png	是	U+2600 U+FE0F	Travel & Places	sky & weather	fully-qualified	太阳	BLACK SUN WITH RAYS
2873	☀	旅行	呈现别名（不重复显示）	☀️	Emoji·动物与自然 / 第 11 行	2600.png	是	U+2600	Travel & Places	sky & weather	unqualified	太阳	BLACK SUN WITH RAYS
2874	🌝	旅行	主网格	🌝	Emoji·表情与人物 / 第 24 行	1f31d.png	是	U+1F31D	Travel & Places	sky & weather	fully-qualified	微笑的月亮	FULL MOON WITH FACE
2875	🌞	旅行	主网格	🌞	Emoji·表情与人物 / 第 24 行	1f31e.png	是	U+1F31E	Travel & Places	sky & weather	fully-qualified	微笑的太阳	SUN WITH FACE
2876	🪐	旅行	主网格	🪐	Emoji·符号与旗帜 / 第 76 行	1fa90.png	是	U+1FA90	Travel & Places	sky & weather	fully-qualified	有环行星	RINGED PLANET
2877	⭐	旅行	主网格	⭐	Emoji·动物与自然 / 第 9 行	2b50.png	是	U+2B50	Travel & Places	sky & weather	fully-qualified	星星	WHITE MEDIUM STAR
2878	🌟	旅行	主网格	🌟	Emoji·动物与自然 / 第 10 行	1f31f.png	是	U+1F31F	Travel & Places	sky & weather	fully-qualified	闪亮的星星	GLOWING STAR
2879	🌠	旅行	主网格	🌠	Emoji·动物与自然 / 第 10 行	1f320.png	是	U+1F320	Travel & Places	sky & weather	fully-qualified	流星	SHOOTING STAR
2880	🌌	旅行	主网格	🌌	Emoji·食物与活动 / 其他食物与活动	1f30c.png	是	U+1F30C	Travel & Places	sky & weather	fully-qualified	银河	MILKY WAY
2881	☁️	旅行	主网格	☁️	Emoji·动物与自然 / 天气与天体	2601.png	是	U+2601 U+FE0F	Travel & Places	sky & weather	fully-qualified	云	CLOUD
2882	☁	旅行	呈现别名（不重复显示）	☁️	Emoji·动物与自然 / 第 11 行	2601.png	是	U+2601	Travel & Places	sky & weather	unqualified	云	CLOUD
2883	⛅	旅行	主网格	⛅	Emoji·动物与自然 / 第 9 行	26c5.png	是	U+26C5	Travel & Places	sky & weather	fully-qualified	阴	SUN BEHIND CLOUD
2884	⛈️	旅行	主网格	⛈️	Emoji·动物与自然 / 天气与天体	26c8.png	是	U+26C8 U+FE0F	Travel & Places	sky & weather	fully-qualified	雷阵雨	THUNDER CLOUD AND RAIN
2885	⛈	旅行	呈现别名（不重复显示）	⛈️	Emoji·动物与自然 / 第 11 行	26c8.png	是	U+26C8	Travel & Places	sky & weather	unqualified	雷阵雨	THUNDER CLOUD AND RAIN
2886	🌤️	旅行	主网格	🌤️	Emoji·动物与自然 / 天气与天体	1f324.png	是	U+1F324 U+FE0F	Travel & Places	sky & weather	fully-qualified	晴偶有云	WHITE SUN WITH SMALL CLOUD
2887	🌤	旅行	呈现别名（不重复显示）	🌤️	Emoji·动物与自然 / 第 12 行	1f324.png	是	U+1F324	Travel & Places	sky & weather	unqualified	晴偶有云	WHITE SUN WITH SMALL CLOUD
2888	🌥️	旅行	主网格	🌥️	Emoji·动物与自然 / 天气与天体	1f325.png	是	U+1F325 U+FE0F	Travel & Places	sky & weather	fully-qualified	多云	WHITE SUN BEHIND CLOUD
2889	🌥	旅行	呈现别名（不重复显示）	🌥️	Emoji·动物与自然 / 第 12 行	1f325.png	是	U+1F325	Travel & Places	sky & weather	unqualified	多云	WHITE SUN BEHIND CLOUD
2890	🌦️	旅行	主网格	🌦️	Emoji·动物与自然 / 天气与天体	1f326.png	是	U+1F326 U+FE0F	Travel & Places	sky & weather	fully-qualified	晴转雨	WHITE SUN BEHIND CLOUD WITH RAIN
2891	🌦	旅行	呈现别名（不重复显示）	🌦️	Emoji·动物与自然 / 第 12 行	1f326.png	是	U+1F326	Travel & Places	sky & weather	unqualified	晴转雨	WHITE SUN BEHIND CLOUD WITH RAIN
2892	🌧️	旅行	主网格	🌧️	Emoji·动物与自然 / 天气与天体	1f327.png	是	U+1F327 U+FE0F	Travel & Places	sky & weather	fully-qualified	下雨	CLOUD WITH RAIN
2893	🌧	旅行	呈现别名（不重复显示）	🌧️	Emoji·动物与自然 / 第 12 行	1f327.png	是	U+1F327	Travel & Places	sky & weather	unqualified	下雨	CLOUD WITH RAIN
2894	🌨️	旅行	主网格	🌨️	Emoji·动物与自然 / 天气与天体	1f328.png	是	U+1F328 U+FE0F	Travel & Places	sky & weather	fully-qualified	下雪	CLOUD WITH SNOW
2895	🌨	旅行	呈现别名（不重复显示）	🌨️	Emoji·动物与自然 / 第 12 行	1f328.png	是	U+1F328	Travel & Places	sky & weather	unqualified	下雪	CLOUD WITH SNOW
2896	🌩️	旅行	主网格	🌩️	Emoji·动物与自然 / 第 9 行	1f329.png	是	U+1F329 U+FE0F	Travel & Places	sky & weather	fully-qualified	打雷	CLOUD WITH LIGHTNING
2897	🌩	旅行	呈现别名（不重复显示）	🌩️	Emoji·动物与自然 / 第 12 行	1f329.png	是	U+1F329	Travel & Places	sky & weather	unqualified	打雷	CLOUD WITH LIGHTNING
2898	🌪️	旅行	主网格	🌪️	Emoji·动物与自然 / 第 9 行	1f32a.png	是	U+1F32A U+FE0F	Travel & Places	sky & weather	fully-qualified	龙卷风	CLOUD WITH TORNADO
2899	🌪	旅行	呈现别名（不重复显示）	🌪️	Emoji·动物与自然 / 第 12 行	1f32a.png	是	U+1F32A	Travel & Places	sky & weather	unqualified	龙卷风	CLOUD WITH TORNADO
2900	🌫️	旅行	主网格	🌫️	Emoji·符号与旗帜 / 第 37 行	1f32b.png	是	U+1F32B U+FE0F	Travel & Places	sky & weather	fully-qualified	雾	FOG
2901	🌫	旅行	呈现别名（不重复显示）	🌫️	Emoji·符号与旗帜 / 第 84 行	1f32b.png	是	U+1F32B	Travel & Places	sky & weather	unqualified	雾	FOG
2902	🌬️	旅行	主网格	🌬️	Emoji·表情与人物 / 第 23 行	1f32c.png	是	U+1F32C U+FE0F	Travel & Places	sky & weather	fully-qualified	大风	WIND BLOWING FACE
2903	🌬	旅行	呈现别名（不重复显示）	🌬️	Emoji·表情与人物 / 第 36 行	1f32c.png	是	U+1F32C	Travel & Places	sky & weather	unqualified	大风	WIND BLOWING FACE
2904	🌀	旅行	主网格	🌀	Emoji·符号与旗帜 / 第 48 行	1f300.png	是	U+1F300	Travel & Places	sky & weather	fully-qualified	台风	CYCLONE
2905	🌈	旅行	主网格	🌈	Emoji·动物与自然 / 第 10 行	1f308.png	是	U+1F308	Travel & Places	sky & weather	fully-qualified	彩虹	RAINBOW
2906	🌂	旅行	主网格	🌂	Emoji·符号与旗帜 / 第 49 行	1f302.png	是	U+1F302	Travel & Places	sky & weather	fully-qualified	收起的伞	CLOSED UMBRELLA
2907	☂️	旅行	主网格	☂️	Emoji·符号与旗帜 / 第 34 行	2602.png	是	U+2602 U+FE0F	Travel & Places	sky & weather	fully-qualified	伞	UMBRELLA
2908	☂	旅行	呈现别名（不重复显示）	☂️	Emoji·符号与旗帜 / 第 81 行	2602.png	是	U+2602	Travel & Places	sky & weather	unqualified	伞	UMBRELLA
2909	☔	旅行	主网格	☔	Emoji·动物与自然 / 第 9 行	2614.png	是	U+2614	Travel & Places	sky & weather	fully-qualified	雨伞	UMBRELLA WITH RAIN DROPS
2910	⛱️	旅行	主网格	⛱️	Emoji·符号与旗帜 / 第 36 行	26f1.png	是	U+26F1 U+FE0F	Travel & Places	sky & weather	fully-qualified	阳伞	UMBRELLA ON GROUND
2911	⛱	旅行	呈现别名（不重复显示）	⛱️	Emoji·符号与旗帜 / 第 83 行	26f1.png	是	U+26F1	Travel & Places	sky & weather	unqualified	阳伞	UMBRELLA ON GROUND
2912	⚡	旅行	主网格	⚡	Emoji·符号与旗帜 / 第 46 行	26a1.png	是	U+26A1	Travel & Places	sky & weather	fully-qualified	高压	HIGH VOLTAGE SIGN
2913	❄️	旅行	主网格	❄️	Emoji·动物与自然 / 天气与天体	2744.png	是	U+2744 U+FE0F	Travel & Places	sky & weather	fully-qualified	雪花	SNOWFLAKE
2914	❄	旅行	呈现别名（不重复显示）	❄️	Emoji·动物与自然 / 第 12 行	2744.png	是	U+2744	Travel & Places	sky & weather	unqualified	雪花	SNOWFLAKE
2915	☃️	旅行	主网格	☃️	Emoji·表情与人物 / 第 16 行	2603.png	是	U+2603 U+FE0F	Travel & Places	sky & weather	fully-qualified	雪与雪人	SNOWMAN
2916	☃	旅行	呈现别名（不重复显示）	☃️	Emoji·表情与人物 / 第 21 行	2603.png	是	U+2603	Travel & Places	sky & weather	unqualified	雪与雪人	SNOWMAN
2917	⛄	旅行	主网格	⛄	Emoji·表情与人物 / 第 19 行	26c4.png	是	U+26C4	Travel & Places	sky & weather	fully-qualified	雪人	SNOWMAN WITHOUT SNOW
2918	☄️	旅行	主网格	☄️	Emoji·符号与旗帜 / 第 34 行	2604.png	是	U+2604 U+FE0F	Travel & Places	sky & weather	fully-qualified	彗星	COMET
2919	☄	旅行	呈现别名（不重复显示）	☄️	Emoji·符号与旗帜 / 第 81 行	2604.png	是	U+2604	Travel & Places	sky & weather	unqualified	彗星	COMET
2920	🔥	旅行	主网格	🔥	Emoji·动物与自然 / 第 5 行	1f525.png	是	U+1F525	Travel & Places	sky & weather	fully-qualified	火焰	FIRE
2921	💧	旅行	主网格	💧	Emoji·符号与旗帜 / 第 57 行	1f4a7.png	是	U+1F4A7	Travel & Places	sky & weather	fully-qualified	水滴	DROPLET
2922	🌊	旅行	主网格	🌊	Emoji·动物与自然 / 自然与其他	1f30a.png	是	U+1F30A	Travel & Places	sky & weather	fully-qualified	浪花	WATER WAVE
2923	👓	物体	主网格	👓	Emoji·符号与旗帜 / 第 54 行	1f453.png	是	U+1F453	Objects	clothing	fully-qualified	眼镜	EYEGLASSES
2924	🕶️	物体	主网格	🕶️	Emoji·动物与自然 / 第 9 行	1f576.png	是	U+1F576 U+FE0F	Objects	clothing	fully-qualified	墨镜	DARK SUNGLASSES
2925	🕶	物体	呈现别名（不重复显示）	🕶️	Emoji·动物与自然 / 第 12 行	1f576.png	是	U+1F576	Objects	clothing	unqualified	墨镜	DARK SUNGLASSES
2926	🥽	物体	主网格	🥽	Emoji·符号与旗帜 / 第 69 行	1f97d.png	是	U+1F97D	Objects	clothing	fully-qualified	护目镜	GOGGLES
2927	🥼	物体	主网格	🥼	Emoji·符号与旗帜 / 第 69 行	1f97c.png	是	U+1F97C	Objects	clothing	fully-qualified	白大褂	LAB COAT
2928	🦺	物体	主网格	🦺	Emoji·符号与旗帜 / 第 73 行	1f9ba.png	是	U+1F9BA	Objects	clothing	fully-qualified	救生衣	SAFETY VEST
2929	👔	物体	主网格	👔	Emoji·符号与旗帜 / 第 54 行	1f454.png	是	U+1F454	Objects	clothing	fully-qualified	领带	NECKTIE
2930	👕	物体	主网格	👕	Emoji·符号与旗帜 / 第 54 行	1f455.png	是	U+1F455	Objects	clothing	fully-qualified	T恤	T-SHIRT
2931	👖	物体	主网格	👖	Emoji·符号与旗帜 / 第 54 行	1f456.png	是	U+1F456	Objects	clothing	fully-qualified	牛仔裤	JEANS
2932	🧣	物体	主网格	🧣	Emoji·旅行与物品 / 第 13 行	1f9e3.png	是	U+1F9E3	Objects	clothing	fully-qualified	围巾	SCARF
2933	🧤	物体	主网格	🧤	Emoji·符号与旗帜 / 第 74 行	1f9e4.png	是	U+1F9E4	Objects	clothing	fully-qualified	手套	GLOVES
2934	🧥	物体	主网格	🧥	Emoji·符号与旗帜 / 第 74 行	1f9e5.png	是	U+1F9E5	Objects	clothing	fully-qualified	外套	COAT
2935	🧦	物体	主网格	🧦	Emoji·符号与旗帜 / 第 74 行	1f9e6.png	是	U+1F9E6	Objects	clothing	fully-qualified	袜子	SOCKS
2936	👗	物体	主网格	👗	Emoji·符号与旗帜 / 第 54 行	1f457.png	是	U+1F457	Objects	clothing	fully-qualified	连衣裙	DRESS
2937	👘	物体	主网格	👘	Emoji·符号与旗帜 / 第 54 行	1f458.png	是	U+1F458	Objects	clothing	fully-qualified	和服	KIMONO
2938	🥻	物体	主网格	🥻	Emoji·符号与旗帜 / 第 69 行	1f97b.png	是	U+1F97B	Objects	clothing	fully-qualified	纱丽	SARI
2939	🩱	物体	主网格	🩱	Emoji·符号与旗帜 / 第 75 行	1fa71.png	是	U+1FA71	Objects	clothing	fully-qualified	连体泳衣	ONE-PIECE SWIMSUIT
2940	🩲	物体	主网格	🩲	Emoji·符号与旗帜 / 第 75 行	1fa72.png	是	U+1FA72	Objects	clothing	fully-qualified	三角裤	BRIEFS
2941	🩳	物体	主网格	🩳	Emoji·符号与旗帜 / 第 75 行	1fa73.png	是	U+1FA73	Objects	clothing	fully-qualified	短裤	SHORTS
2942	👙	物体	主网格	👙	Emoji·符号与旗帜 / 第 55 行	1f459.png	是	U+1F459	Objects	clothing	fully-qualified	比基尼	BIKINI
2943	👚	物体	主网格	👚	Emoji·表情与人物 / 第 20 行	1f45a.png	是	U+1F45A	Objects	clothing	fully-qualified	女装	WOMANS CLOTHES
2944	🪭	物体	主网格	🪭	Emoji·表情与人物 / 第 6 行	1faad.png	是	U+1FAAD	Objects	clothing	fully-qualified	折扇	FOLDING HAND FAN
2945	👛	物体	主网格	👛	Emoji·符号与旗帜 / 第 55 行	1f45b.png	是	U+1F45B	Objects	clothing	fully-qualified	钱包	PURSE
2946	👜	物体	主网格	👜	Emoji·表情与人物 / 第 6 行	1f45c.png	是	U+1F45C	Objects	clothing	fully-qualified	手提包	HANDBAG
2947	👝	物体	主网格	👝	Emoji·符号与旗帜 / 第 55 行	1f45d.png	是	U+1F45D	Objects	clothing	fully-qualified	手袋	POUCH
2948	🛍️	物体	主网格	🛍️	Emoji·符号与旗帜 / 第 40 行	1f6cd.png	是	U+1F6CD U+FE0F	Objects	clothing	fully-qualified	购物袋	SHOPPING BAGS
2949	🛍	物体	呈现别名（不重复显示）	🛍️	Emoji·符号与旗帜 / 第 87 行	1f6cd.png	是	U+1F6CD	Objects	clothing	unqualified	购物袋	SHOPPING BAGS
2950	🎒	物体	主网格	🎒	Emoji·旅行与物品 / 第 5 行	1f392.png	是	U+1F392	Objects	clothing	fully-qualified	书包	SCHOOL SATCHEL
2951	🩴	物体	主网格	🩴	Emoji·符号与旗帜 / 第 75 行	1fa74.png	是	U+1FA74	Objects	clothing	fully-qualified	夹趾凉鞋	THONG SANDAL
2952	👞	物体	主网格	👞	Emoji·表情与人物 / 第 20 行	1f45e.png	是	U+1F45E	Objects	clothing	fully-qualified	男鞋	MANS SHOE
2953	👟	物体	主网格	👟	Emoji·符号与旗帜 / 第 55 行	1f45f.png	是	U+1F45F	Objects	clothing	fully-qualified	跑鞋	ATHLETIC SHOE
2954	🥾	物体	主网格	🥾	Emoji·符号与旗帜 / 第 69 行	1f97e.png	是	U+1F97E	Objects	clothing	fully-qualified	登山鞋	HIKING BOOT
2955	🥿	物体	主网格	🥿	Emoji·符号与旗帜 / 第 69 行	1f97f.png	是	U+1F97F	Objects	clothing	fully-qualified	平底鞋	FLAT SHOE
2956	👠	物体	主网格	👠	Emoji·符号与旗帜 / 第 55 行	1f460.png	是	U+1F460	Objects	clothing	fully-qualified	高跟鞋	HIGH-HEELED SHOE
2957	👡	物体	主网格	👡	Emoji·表情与人物 / 第 20 行	1f461.png	是	U+1F461	Objects	clothing	fully-qualified	女式凉鞋	WOMANS SANDAL
2958	🩰	物体	主网格	🩰	Emoji·食物与活动 / 第 13 行	1fa70.png	是	U+1FA70	Objects	clothing	fully-qualified	芭蕾舞鞋	BALLET SHOES
2959	👢	物体	主网格	👢	Emoji·表情与人物 / 第 20 行	1f462.png	是	U+1F462	Objects	clothing	fully-qualified	女靴	WOMANS BOOTS
2960	🪮	物体	主网格	🪮	Emoji·符号与旗帜 / 第 89 行	1faae.png	是	U+1FAAE	Objects	clothing	fully-qualified	发夹	HAIR PICK
2961	👑	物体	主网格	👑	Emoji·符号与旗帜 / 第 54 行	1f451.png	是	U+1F451	Objects	clothing	fully-qualified	皇冠	CROWN
2962	👒	物体	主网格	👒	Emoji·表情与人物 / 第 20 行	1f452.png	是	U+1F452	Objects	clothing	fully-qualified	女帽	WOMANS HAT
2963	🎩	物体	主网格	🎩	Emoji·符号与旗帜 / 第 52 行	1f3a9.png	是	U+1F3A9	Objects	clothing	fully-qualified	礼帽	TOP HAT
2964	🎓	物体	主网格	🎓	Emoji·符号与旗帜 / 第 51 行	1f393.png	是	U+1F393	Objects	clothing	fully-qualified	毕业帽	GRADUATION CAP
2965	🧢	物体	主网格	🧢	Emoji·符号与旗帜 / 第 73 行	1f9e2.png	是	U+1F9E2	Objects	clothing	fully-qualified	鸭舌帽	BILLED CAP
2966	🪖	物体	主网格	🪖	Emoji·符号与旗帜 / 第 77 行	1fa96.png	是	U+1FA96	Objects	clothing	fully-qualified	军用头盔	MILITARY HELMET
2967	⛑️	物体	主网格	⛑️	Emoji·符号与旗帜 / 第 94 行	26d1.png	是	U+26D1 U+FE0F	Objects	clothing	fully-qualified	白十字头盔	HELMET WITH WHITE CROSS
2968	⛑	物体	呈现别名（不重复显示）	⛑️	Emoji·符号与旗帜 / 第 99 行	26d1.png	是	U+26D1	Objects	clothing	unqualified	白十字头盔	HELMET WITH WHITE CROSS
2969	📿	物体	主网格	📿	Emoji·符号与旗帜 / 第 60 行	1f4ff.png	是	U+1F4FF	Objects	clothing	fully-qualified	念珠	PRAYER BEADS
2970	💄	物体	主网格	💄	Emoji·符号与旗帜 / 第 56 行	1f484.png	是	U+1F484	Objects	clothing	fully-qualified	唇膏	LIPSTICK
2971	💍	物体	主网格	💍	Emoji·符号与旗帜 / 第 56 行	1f48d.png	是	U+1F48D	Objects	clothing	fully-qualified	戒指	RING
2972	💎	物体	主网格	💎	Emoji·符号与旗帜 / 第 56 行	1f48e.png	是	U+1F48E	Objects	clothing	fully-qualified	宝石	GEM STONE
2973	🔇	物体	主网格	🔇	Emoji·符号与旗帜 / 第 60 行	1f507.png	是	U+1F507	Objects	sound	fully-qualified	已静音的扬声器	SPEAKER WITH CANCELLATION STROKE
2974	🔈	物体	主网格	🔈	Emoji·符号与旗帜 / 第 60 行	1f508.png	是	U+1F508	Objects	sound	fully-qualified	低音量的扬声器	SPEAKER
2975	🔉	物体	主网格	🔉	Emoji·符号与旗帜 / 第 60 行	1f509.png	是	U+1F509	Objects	sound	fully-qualified	中等音量的扬声器	SPEAKER WITH ONE SOUND WAVE
2976	🔊	物体	主网格	🔊	Emoji·符号与旗帜 / 第 61 行	1f50a.png	是	U+1F50A	Objects	sound	fully-qualified	高音量的扬声器	SPEAKER WITH THREE SOUND WAVES
2977	📢	物体	主网格	📢	Emoji·符号与旗帜 / 第 59 行	1f4e2.png	是	U+1F4E2	Objects	sound	fully-qualified	喇叭	PUBLIC ADDRESS LOUDSPEAKER
2978	📣	物体	主网格	📣	Emoji·旅行与物品 / 第 2 行	1f4e3.png	是	U+1F4E3	Objects	sound	fully-qualified	扩音器	CHEERING MEGAPHONE
2979	📯	物体	主网格	📯	Emoji·符号与旗帜 / 第 60 行	1f4ef.png	是	U+1F4EF	Objects	sound	fully-qualified	邮号	POSTAL HORN
2980	🔔	物体	主网格	🔔	Emoji·符号与旗帜 / 第 61 行	1f514.png	是	U+1F514	Objects	sound	fully-qualified	铃铛	BELL
2981	🔕	物体	主网格	🔕	Emoji·符号与旗帜 / 第 61 行	1f515.png	是	U+1F515	Objects	sound	fully-qualified	禁止响铃	BELL WITH CANCELLATION STROKE
2982	🎼	物体	主网格	🎼	Emoji·食物与活动 / 第 11 行	1f3bc.png	是	U+1F3BC	Objects	music	fully-qualified	乐谱	MUSICAL SCORE
2983	🎵	物体	主网格	🎵	Emoji·食物与活动 / 第 11 行	1f3b5.png	是	U+1F3B5	Objects	music	fully-qualified	音符	MUSICAL NOTE
2984	🎶	物体	主网格	🎶	Emoji·食物与活动 / 第 11 行	1f3b6.png	是	U+1F3B6	Objects	music	fully-qualified	多个音符	MULTIPLE MUSICAL NOTES
2985	🎙️	物体	主网格	🎙️	Emoji·旅行与物品 / 设备与工具	1f399.png	是	U+1F399 U+FE0F	Objects	music	fully-qualified	录音室麦克风	STUDIO MICROPHONE
2986	🎙	物体	呈现别名（不重复显示）	🎙️	Emoji·旅行与物品 / 第 3 行	1f399.png	是	U+1F399	Objects	music	unqualified	录音室麦克风	STUDIO MICROPHONE
2987	🎚️	物体	主网格	🎚️	Emoji·符号与旗帜 / 第 37 行	1f39a.png	是	U+1F39A U+FE0F	Objects	music	fully-qualified	电平滑块	LEVEL SLIDER
2988	🎚	物体	呈现别名（不重复显示）	🎚️	Emoji·符号与旗帜 / 第 85 行	1f39a.png	是	U+1F39A	Objects	music	unqualified	电平滑块	LEVEL SLIDER
2989	🎛️	物体	主网格	🎛️	Emoji·符号与旗帜 / 第 37 行	1f39b.png	是	U+1F39B U+FE0F	Objects	music	fully-qualified	控制旋钮	CONTROL KNOBS
2990	🎛	物体	呈现别名（不重复显示）	🎛️	Emoji·符号与旗帜 / 第 85 行	1f39b.png	是	U+1F39B	Objects	music	unqualified	控制旋钮	CONTROL KNOBS
2991	🎤	物体	主网格	🎤	Emoji·旅行与物品 / 设备与工具	1f3a4.png	是	U+1F3A4	Objects	music	fully-qualified	麦克风	MICROPHONE
2992	🎧	物体	主网格	🎧	Emoji·旅行与物品 / 设备与工具	1f3a7.png	是	U+1F3A7	Objects	music	fully-qualified	耳机	HEADPHONE
2993	📻	物体	主网格	📻	Emoji·旅行与物品 / 第 7 行	1f4fb.png	是	U+1F4FB	Objects	music	fully-qualified	收音机	RADIO
2994	🎷	物体	主网格	🎷	Emoji·旅行与物品 / 第 2 行	1f3b7.png	是	U+1F3B7	Objects	musical-instrument	fully-qualified	萨克斯管	SAXOPHONE
2995	🎺	物体	主网格	🎺	Emoji·符号与旗帜 / 第 52 行	1f3ba.png	是	U+1F3BA	Objects	musical-instrument	fully-qualified	小号	TRUMPET
2996	🪊	物体	主网格	🪊	Emoji·符号与旗帜 / 第 88 行	1fa8a.png	是	U+1FA8A	Objects	musical-instrument	fully-qualified	长号	U+1FA8A
2997	🪗	物体	主网格	🪗	Emoji·符号与旗帜 / 第 77 行	1fa97.png	是	U+1FA97	Objects	musical-instrument	fully-qualified	手风琴	ACCORDION
2998	🎸	物体	主网格	🎸	Emoji·符号与旗帜 / 第 52 行	1f3b8.png	是	U+1F3B8	Objects	musical-instrument	fully-qualified	吉他	GUITAR
2999	🎹	物体	主网格	🎹	Emoji·动物与自然 / 第 4 行	1f3b9.png	是	U+1F3B9	Objects	musical-instrument	fully-qualified	音乐键盘	MUSICAL KEYBOARD
3000	🎻	物体	主网格	🎻	Emoji·符号与旗帜 / 第 52 行	1f3bb.png	是	U+1F3BB	Objects	musical-instrument	fully-qualified	小提琴	VIOLIN
3001	🪕	物体	主网格	🪕	Emoji·符号与旗帜 / 第 77 行	1fa95.png	是	U+1FA95	Objects	musical-instrument	fully-qualified	班卓琴	BANJO
3002	🥁	物体	主网格	🥁	Emoji·符号与旗帜 / 第 68 行	1f941.png	是	U+1F941	Objects	musical-instrument	fully-qualified	鼓	DRUM WITH DRUMSTICKS
3003	🪘	物体	主网格	🪘	Emoji·符号与旗帜 / 第 77 行	1fa98.png	是	U+1FA98	Objects	musical-instrument	fully-qualified	长鼓	LONG DRUM
3004	🪇	物体	主网格	🪇	Emoji·符号与旗帜 / 第 88 行	1fa87.png	是	U+1FA87	Objects	musical-instrument	fully-qualified	沙球	MARACAS
3005	🪈	物体	主网格	🪈	Emoji·符号与旗帜 / 第 88 行	1fa88.png	是	U+1FA88	Objects	musical-instrument	fully-qualified	长笛	FLUTE
3006	🪉	物体	主网格	🪉	Emoji·符号与旗帜 / 第 88 行	1fa89.png	是	U+1FA89	Objects	musical-instrument	fully-qualified	竖琴	U+1FA89
3007	📱	物体	主网格	📱	Emoji·旅行与物品 / 第 2 行	1f4f1.png	是	U+1F4F1	Objects	phone	fully-qualified	手机	MOBILE PHONE
3008	📲	物体	主网格	📲	Emoji·旅行与物品 / 第 2 行	1f4f2.png	是	U+1F4F2	Objects	phone	fully-qualified	带有箭头的手机	MOBILE PHONE WITH RIGHTWARDS ARROW AT LEFT
3009	☎️	物体	主网格	☎️	Emoji·旅行与物品 / 设备与工具	260e.png	是	U+260E U+FE0F	Objects	phone	fully-qualified	电话	BLACK TELEPHONE
3010	☎	物体	呈现别名（不重复显示）	☎️	Emoji·旅行与物品 / 第 3 行	260e.png	是	U+260E	Objects	phone	unqualified	电话	BLACK TELEPHONE
3011	📞	物体	主网格	📞	Emoji·旅行与物品 / 第 2 行	1f4de.png	是	U+1F4DE	Objects	phone	fully-qualified	电话听筒	TELEPHONE RECEIVER
3012	📟	物体	主网格	📟	Emoji·符号与旗帜 / 第 59 行	1f4df.png	是	U+1F4DF	Objects	phone	fully-qualified	寻呼机	PAGER
3013	📠	物体	主网格	📠	Emoji·符号与旗帜 / 第 59 行	1f4e0.png	是	U+1F4E0	Objects	phone	fully-qualified	传真机	FAX MACHINE
3014	🔋	物体	主网格	🔋	Emoji·旅行与物品 / 第 7 行	1f50b.png	是	U+1F50B	Objects	computer	fully-qualified	电池	BATTERY
3015	🪫	物体	主网格	🪫	Emoji·旅行与物品 / 第 9 行	1faab.png	是	U+1FAAB	Objects	computer	fully-qualified	电池电量不足	LOW BATTERY
3016	🔌	物体	主网格	🔌	Emoji·符号与旗帜 / 第 61 行	1f50c.png	是	U+1F50C	Objects	computer	fully-qualified	电源插头	ELECTRIC PLUG
3017	💻	物体	主网格	💻	Emoji·表情与人物 / 第 20 行	1f4bb.png	是	U+1F4BB	Objects	computer	fully-qualified	笔记本电脑	PERSONAL COMPUTER
3018	🖥️	物体	主网格	🖥️	Emoji·旅行与物品 / 设备与工具	1f5a5.png	是	U+1F5A5 U+FE0F	Objects	computer	fully-qualified	台式电脑	DESKTOP COMPUTER
3019	🖥	物体	呈现别名（不重复显示）	🖥️	Emoji·旅行与物品 / 第 3 行	1f5a5.png	是	U+1F5A5	Objects	computer	unqualified	台式电脑	DESKTOP COMPUTER
3020	🖨️	物体	主网格	🖨️	Emoji·旅行与物品 / 设备与工具	1f5a8.png	是	U+1F5A8 U+FE0F	Objects	computer	fully-qualified	打印机	PRINTER
3021	🖨	物体	呈现别名（不重复显示）	🖨️	Emoji·旅行与物品 / 第 3 行	1f5a8.png	是	U+1F5A8	Objects	computer	unqualified	打印机	PRINTER
3022	⌨️	物体	主网格	⌨️	Emoji·动物与自然 / 自然与其他	2328.png	是	U+2328 U+FE0F	Objects	computer	fully-qualified	键盘	KEYBOARD
3023	⌨	物体	呈现别名（不重复显示）	⌨️	Emoji·动物与自然 / 第 7 行	2328.png	是	U+2328	Objects	computer	unqualified	键盘	KEYBOARD
3024	🖱️	物体	主网格	🖱️	Emoji·动物与自然 / 自然与其他	1f5b1.png	是	U+1F5B1 U+FE0F	Objects	computer	fully-qualified	电脑鼠标	THREE BUTTON MOUSE
3025	🖱	物体	呈现别名（不重复显示）	🖱️	Emoji·动物与自然 / 第 7 行	1f5b1.png	是	U+1F5B1	Objects	computer	unqualified	电脑鼠标	THREE BUTTON MOUSE
3026	🖲️	物体	主网格	🖲️	Emoji·食物与活动 / 活动与娱乐	1f5b2.png	是	U+1F5B2 U+FE0F	Objects	computer	fully-qualified	轨迹球	TRACKBALL
3027	🖲	物体	呈现别名（不重复显示）	🖲️	Emoji·食物与活动 / 第 13 行	1f5b2.png	是	U+1F5B2	Objects	computer	unqualified	轨迹球	TRACKBALL
3028	💽	物体	主网格	💽	Emoji·符号与旗帜 / 第 58 行	1f4bd.png	是	U+1F4BD	Objects	computer	fully-qualified	电脑光盘	MINIDISC
3029	💾	物体	主网格	💾	Emoji·符号与旗帜 / 第 58 行	1f4be.png	是	U+1F4BE	Objects	computer	fully-qualified	软盘	FLOPPY DISK
3030	💿	物体	主网格	💿	Emoji·符号与旗帜 / 第 58 行	1f4bf.png	是	U+1F4BF	Objects	computer	fully-qualified	光盘	OPTICAL DISC
3031	📀	物体	主网格	📀	Emoji·符号与旗帜 / 第 58 行	1f4c0.png	是	U+1F4C0	Objects	computer	fully-qualified	DVD	DVD
3032	🧮	物体	主网格	🧮	Emoji·符号与旗帜 / 第 74 行	1f9ee.png	是	U+1F9EE	Objects	computer	fully-qualified	算盘	ABACUS
3033	🎥	物体	主网格	🎥	Emoji·旅行与物品 / 设备与工具	1f3a5.png	是	U+1F3A5	Objects	light & video	fully-qualified	电影摄影机	MOVIE CAMERA
3034	🎞️	物体	主网格	🎞️	Emoji·符号与旗帜 / 第 37 行	1f39e.png	是	U+1F39E U+FE0F	Objects	light & video	fully-qualified	影片帧	FILM FRAMES
3035	🎞	物体	呈现别名（不重复显示）	🎞️	Emoji·符号与旗帜 / 第 85 行	1f39e.png	是	U+1F39E	Objects	light & video	unqualified	影片帧	FILM FRAMES
3036	📽️	物体	主网格	📽️	Emoji·符号与旗帜 / 第 38 行	1f4fd.png	是	U+1F4FD U+FE0F	Objects	light & video	fully-qualified	电影放映机	FILM PROJECTOR
3037	📽	物体	呈现别名（不重复显示）	📽️	Emoji·符号与旗帜 / 第 86 行	1f4fd.png	是	U+1F4FD	Objects	light & video	unqualified	电影放映机	FILM PROJECTOR
3038	🎬	物体	主网格	🎬	Emoji·动物与自然 / 第 4 行	1f3ac.png	是	U+1F3AC	Objects	light & video	fully-qualified	场记板	CLAPPER BOARD
3039	📺	物体	主网格	📺	Emoji·旅行与物品 / 第 2 行	1f4fa.png	是	U+1F4FA	Objects	light & video	fully-qualified	电视机	TELEVISION
3040	📷	物体	主网格	📷	Emoji·旅行与物品 / 第 2 行	1f4f7.png	是	U+1F4F7	Objects	light & video	fully-qualified	相机	CAMERA
3041	📸	物体	主网格	📸	Emoji·旅行与物品 / 第 2 行	1f4f8.png	是	U+1F4F8	Objects	light & video	fully-qualified	开闪光灯的相机	CAMERA WITH FLASH
3042	📹	物体	主网格	📹	Emoji·旅行与物品 / 第 2 行	1f4f9.png	是	U+1F4F9	Objects	light & video	fully-qualified	摄像机	VIDEO CAMERA
3043	📼	物体	主网格	📼	Emoji·符号与旗帜 / 第 60 行	1f4fc.png	是	U+1F4FC	Objects	light & video	fully-qualified	录像带	VIDEOCASSETTE
3044	🔍	物体	主网格	🔍	Emoji·符号与旗帜 / 第 61 行	1f50d.png	是	U+1F50D	Objects	light & video	fully-qualified	左斜的放大镜	LEFT-POINTING MAGNIFYING GLASS
3045	🔎	物体	主网格	🔎	Emoji·符号与旗帜 / 第 61 行	1f50e.png	是	U+1F50E	Objects	light & video	fully-qualified	右斜的放大镜	RIGHT-POINTING MAGNIFYING GLASS
3046	🕯️	物体	主网格	🕯️	Emoji·符号与旗帜 / 第 38 行	1f56f.png	是	U+1F56F U+FE0F	Objects	light & video	fully-qualified	蜡烛	CANDLE
3047	🕯	物体	呈现别名（不重复显示）	🕯️	Emoji·符号与旗帜 / 第 86 行	1f56f.png	是	U+1F56F	Objects	light & video	unqualified	蜡烛	CANDLE
3048	💡	物体	主网格	💡	Emoji·旅行与物品 / 第 2 行	1f4a1.png	是	U+1F4A1	Objects	light & video	fully-qualified	灯泡	ELECTRIC LIGHT BULB
3049	🔦	物体	主网格	🔦	Emoji·符号与旗帜 / 第 62 行	1f526.png	是	U+1F526	Objects	light & video	fully-qualified	手电筒	ELECTRIC TORCH
3050	🏮	物体	主网格	🏮	Emoji·动物与自然 / 动物·昆虫与爬行	1f3ee.png	是	U+1F3EE	Objects	light & video	fully-qualified	红灯笼	IZAKAYA LANTERN
3051	🪔	物体	主网格	🪔	Emoji·符号与旗帜 / 第 77 行	1fa94.png	是	U+1FA94	Objects	light & video	fully-qualified	印度油灯	DIYA LAMP
3052	📔	物体	主网格	📔	Emoji·旅行与物品 / 第 18 行	1f4d4.png	是	U+1F4D4	Objects	book-paper	fully-qualified	精装笔记本	NOTEBOOK WITH DECORATIVE COVER
3053	📕	物体	主网格	📕	Emoji·旅行与物品 / 第 18 行	1f4d5.png	是	U+1F4D5	Objects	book-paper	fully-qualified	合上的书本	CLOSED BOOK
3054	📖	物体	主网格	📖	Emoji·旅行与物品 / 第 18 行	1f4d6.png	是	U+1F4D6	Objects	book-paper	fully-qualified	打开的书本	OPEN BOOK
3055	📗	物体	主网格	📗	Emoji·旅行与物品 / 第 18 行	1f4d7.png	是	U+1F4D7	Objects	book-paper	fully-qualified	绿色书本	GREEN BOOK
3056	📘	物体	主网格	📘	Emoji·旅行与物品 / 第 18 行	1f4d8.png	是	U+1F4D8	Objects	book-paper	fully-qualified	蓝色书本	BLUE BOOK
3057	📙	物体	主网格	📙	Emoji·食物与活动 / 第 4 行	1f4d9.png	是	U+1F4D9	Objects	book-paper	fully-qualified	橙色书本	ORANGE BOOK
3058	📚	物体	主网格	📚	Emoji·旅行与物品 / 第 18 行	1f4da.png	是	U+1F4DA	Objects	book-paper	fully-qualified	书	BOOKS
3059	📓	物体	主网格	📓	Emoji·旅行与物品 / 第 18 行	1f4d3.png	是	U+1F4D3	Objects	book-paper	fully-qualified	笔记本	NOTEBOOK
3060	📒	物体	主网格	📒	Emoji·符号与旗帜 / 第 59 行	1f4d2.png	是	U+1F4D2	Objects	book-paper	fully-qualified	账本	LEDGER
3061	📃	物体	主网格	📃	Emoji·符号与旗帜 / 第 58 行	1f4c3.png	是	U+1F4C3	Objects	book-paper	fully-qualified	带卷边的页面	PAGE WITH CURL
3062	📜	物体	主网格	📜	Emoji·符号与旗帜 / 第 59 行	1f4dc.png	是	U+1F4DC	Objects	book-paper	fully-qualified	卷轴	SCROLL
3063	📄	物体	主网格	📄	Emoji·符号与旗帜 / 第 58 行	1f4c4.png	是	U+1F4C4	Objects	book-paper	fully-qualified	文件	PAGE FACING UP
3064	📰	物体	主网格	📰	Emoji·旅行与物品 / 第 7 行	1f4f0.png	是	U+1F4F0	Objects	book-paper	fully-qualified	报纸	NEWSPAPER
3065	🗞️	物体	主网格	🗞️	Emoji·旅行与物品 / 第 5 行	1f5de.png	是	U+1F5DE U+FE0F	Objects	book-paper	fully-qualified	报纸卷	ROLLED-UP NEWSPAPER
3066	🗞	物体	呈现别名（不重复显示）	🗞️	Emoji·旅行与物品 / 第 9 行	1f5de.png	是	U+1F5DE	Objects	book-paper	unqualified	报纸卷	ROLLED-UP NEWSPAPER
3067	📑	物体	主网格	📑	Emoji·旅行与物品 / 第 18 行	1f4d1.png	是	U+1F4D1	Objects	book-paper	fully-qualified	标签页	BOOKMARK TABS
3068	🔖	物体	主网格	🔖	Emoji·旅行与物品 / 第 19 行	1f516.png	是	U+1F516	Objects	book-paper	fully-qualified	书签	BOOKMARK
3069	🏷️	物体	主网格	🏷️	Emoji·符号与旗帜 / 第 38 行	1f3f7.png	是	U+1F3F7 U+FE0F	Objects	book-paper	fully-qualified	标签	LABEL
3070	🏷	物体	呈现别名（不重复显示）	🏷️	Emoji·符号与旗帜 / 第 85 行	1f3f7.png	是	U+1F3F7	Objects	book-paper	unqualified	标签	LABEL
3071	🪙	物体	主网格	🪙	Emoji·符号与旗帜 / 第 77 行	1fa99.png	是	U+1FA99	Objects	money	fully-qualified	硬币	COIN
3072	💰	物体	主网格	💰	Emoji·符号与旗帜 / 第 57 行	1f4b0.png	是	U+1F4B0	Objects	money	fully-qualified	钱袋	MONEY BAG
3073	🪎	物体	主网格	🪎	Emoji·符号与旗帜 / 第 88 行	1fa8e.png	是	U+1FA8E	Objects	money	fully-qualified	宝箱	U+1FA8E
3074	💴	物体	主网格	💴	Emoji·旅行与物品 / 第 6 行	1f4b4.png	是	U+1F4B4	Objects	money	fully-qualified	日元	BANKNOTE WITH YEN SIGN
3075	💵	物体	主网格	💵	Emoji·旅行与物品 / 第 6 行	1f4b5.png	是	U+1F4B5	Objects	money	fully-qualified	美元	BANKNOTE WITH DOLLAR SIGN
3076	💶	物体	主网格	💶	Emoji·旅行与物品 / 第 6 行	1f4b6.png	是	U+1F4B6	Objects	money	fully-qualified	欧元	BANKNOTE WITH EURO SIGN
3077	💷	物体	主网格	💷	Emoji·旅行与物品 / 第 7 行	1f4b7.png	是	U+1F4B7	Objects	money	fully-qualified	英镑	BANKNOTE WITH POUND SIGN
3078	💸	物体	主网格	💸	Emoji·符号与旗帜 / 第 57 行	1f4b8.png	是	U+1F4B8	Objects	money	fully-qualified	长翅膀的钱	MONEY WITH WINGS
3079	💳	物体	主网格	💳	Emoji·旅行与物品 / 第 11 行	1f4b3.png	是	U+1F4B3	Objects	money	fully-qualified	信用卡	CREDIT CARD
3080	🧾	物体	主网格	🧾	Emoji·符号与旗帜 / 第 75 行	1f9fe.png	是	U+1F9FE	Objects	money	fully-qualified	收据	RECEIPT
3081	💹	物体	主网格	💹	Emoji·食物与活动 / 第 3 行	1f4b9.png	是	U+1F4B9	Objects	money	fully-qualified	趋势向上且带有日元符号的图表	CHART WITH UPWARDS TREND AND YEN SIGN
3082	✉️	物体	主网格	✉️	Emoji·符号与旗帜 / 第 36 行	2709.png	是	U+2709 U+FE0F	Objects	mail	fully-qualified	信封	ENVELOPE
3083	✉	物体	呈现别名（不重复显示）	✉️	Emoji·符号与旗帜 / 第 83 行	2709.png	是	U+2709	Objects	mail	unqualified	信封	ENVELOPE
3084	📧	物体	主网格	📧	Emoji·符号与旗帜 / 第 60 行	1f4e7.png	是	U+1F4E7	Objects	mail	fully-qualified	电子邮件	E-MAIL SYMBOL
3085	📨	物体	主网格	📨	Emoji·符号与旗帜 / 第 60 行	1f4e8.png	是	U+1F4E8	Objects	mail	fully-qualified	来信	INCOMING ENVELOPE
3086	📩	物体	主网格	📩	Emoji·符号与旗帜 / 第 97 行	1f4e9.png	是	U+1F4E9	Objects	mail	fully-qualified	收邮件	ENVELOPE WITH DOWNWARDS ARROW ABOVE
3087	📤	物体	主网格	📤	Emoji·符号与旗帜 / 第 59 行	1f4e4.png	是	U+1F4E4	Objects	mail	fully-qualified	发件箱	OUTBOX TRAY
3088	📥	物体	主网格	📥	Emoji·符号与旗帜 / 第 59 行	1f4e5.png	是	U+1F4E5	Objects	mail	fully-qualified	收件箱	INBOX TRAY
3089	📦	物体	主网格	📦	Emoji·符号与旗帜 / 第 59 行	1f4e6.png	是	U+1F4E6	Objects	mail	fully-qualified	包裹	PACKAGE
3090	📫	物体	主网格	📫	Emoji·符号与旗帜 / 第 25 行	1f4eb.png	是	U+1F4EB	Objects	mail	fully-qualified	有待收信件	CLOSED MAILBOX WITH RAISED FLAG
3091	📪	物体	主网格	📪	Emoji·符号与旗帜 / 第 25 行	1f4ea.png	是	U+1F4EA	Objects	mail	fully-qualified	无待收信件	CLOSED MAILBOX WITH LOWERED FLAG
3092	📬	物体	主网格	📬	Emoji·符号与旗帜 / 第 25 行	1f4ec.png	是	U+1F4EC	Objects	mail	fully-qualified	有新信件	OPEN MAILBOX WITH RAISED FLAG
3093	📭	物体	主网格	📭	Emoji·符号与旗帜 / 第 25 行	1f4ed.png	是	U+1F4ED	Objects	mail	fully-qualified	无新信件	OPEN MAILBOX WITH LOWERED FLAG
3094	📮	物体	主网格	📮	Emoji·符号与旗帜 / 第 60 行	1f4ee.png	是	U+1F4EE	Objects	mail	fully-qualified	邮筒	POSTBOX
3095	🗳️	物体	主网格	🗳️	Emoji·食物与活动 / 活动与娱乐	1f5f3.png	是	U+1F5F3 U+FE0F	Objects	mail	fully-qualified	投票箱	BALLOT BOX WITH BALLOT
3096	🗳	物体	呈现别名（不重复显示）	🗳️	Emoji·食物与活动 / 第 13 行	1f5f3.png	是	U+1F5F3	Objects	mail	unqualified	投票箱	BALLOT BOX WITH BALLOT
3097	✏️	物体	主网格	✏️	Emoji·旅行与物品 / 其他旅行与物品	270f.png	是	U+270F U+FE0F	Objects	writing	fully-qualified	铅笔	PENCIL
3098	✏	物体	呈现别名（不重复显示）	✏️	Emoji·旅行与物品 / 第 8 行	270f.png	是	U+270F	Objects	writing	unqualified	铅笔	PENCIL
3099	✒️	物体	主网格	✒️	Emoji·符号与旗帜 / 第 94 行	2712.png	是	U+2712 U+FE0F	Objects	writing	fully-qualified	钢笔尖	BLACK NIB
3100	✒	物体	呈现别名（不重复显示）	✒️	Emoji·符号与旗帜 / 第 100 行	2712.png	是	U+2712	Objects	writing	unqualified	钢笔尖	BLACK NIB
3101	🖋️	物体	主网格	🖋️	Emoji·旅行与物品 / 其他旅行与物品	1f58b.png	是	U+1F58B U+FE0F	Objects	writing	fully-qualified	钢笔	LOWER LEFT FOUNTAIN PEN
3102	🖋	物体	呈现别名（不重复显示）	🖋️	Emoji·旅行与物品 / 第 9 行	1f58b.png	是	U+1F58B	Objects	writing	unqualified	钢笔	LOWER LEFT FOUNTAIN PEN
3103	🖊️	物体	主网格	🖊️	Emoji·食物与活动 / 活动与娱乐	1f58a.png	是	U+1F58A U+FE0F	Objects	writing	fully-qualified	笔	LOWER LEFT BALLPOINT PEN
3104	🖊	物体	呈现别名（不重复显示）	🖊️	Emoji·食物与活动 / 第 13 行	1f58a.png	是	U+1F58A	Objects	writing	unqualified	笔	LOWER LEFT BALLPOINT PEN
3105	🖌️	物体	主网格	🖌️	Emoji·符号与旗帜 / 第 38 行	1f58c.png	是	U+1F58C U+FE0F	Objects	writing	fully-qualified	画笔	LOWER LEFT PAINTBRUSH
3106	🖌	物体	呈现别名（不重复显示）	🖌️	Emoji·符号与旗帜 / 第 86 行	1f58c.png	是	U+1F58C	Objects	writing	unqualified	画笔	LOWER LEFT PAINTBRUSH
3107	🖍️	物体	主网格	🖍️	Emoji·符号与旗帜 / 第 39 行	1f58d.png	是	U+1F58D U+FE0F	Objects	writing	fully-qualified	蜡笔	LOWER LEFT CRAYON
3108	🖍	物体	呈现别名（不重复显示）	🖍️	Emoji·符号与旗帜 / 第 86 行	1f58d.png	是	U+1F58D	Objects	writing	unqualified	蜡笔	LOWER LEFT CRAYON
3109	📝	物体	主网格	📝	Emoji·符号与旗帜 / 第 59 行	1f4dd.png	是	U+1F4DD	Objects	writing	fully-qualified	备忘录	MEMO
3110	💼	物体	主网格	💼	Emoji·符号与旗帜 / 第 58 行	1f4bc.png	是	U+1F4BC	Objects	office	fully-qualified	公文包	BRIEFCASE
3111	📁	物体	主网格	📁	Emoji·符号与旗帜 / 第 58 行	1f4c1.png	是	U+1F4C1	Objects	office	fully-qualified	文件夹	FILE FOLDER
3112	📂	物体	主网格	📂	Emoji·旅行与物品 / 第 7 行	1f4c2.png	是	U+1F4C2	Objects	office	fully-qualified	打开的文件夹	OPEN FILE FOLDER
3113	🗂️	物体	主网格	🗂️	Emoji·旅行与物品 / 交通工具	1f5c2.png	是	U+1F5C2 U+FE0F	Objects	office	fully-qualified	索引分隔文件夹	CARD INDEX DIVIDERS
3114	🗂	物体	呈现别名（不重复显示）	🗂️	Emoji·旅行与物品 / 第 13 行	1f5c2.png	是	U+1F5C2	Objects	office	unqualified	索引分隔文件夹	CARD INDEX DIVIDERS
3115	📅	物体	主网格	📅	Emoji·符号与旗帜 / 第 58 行	1f4c5.png	是	U+1F4C5	Objects	office	fully-qualified	日历	CALENDAR
3116	📆	物体	主网格	📆	Emoji·食物与活动 / 饮品	1f4c6.png	是	U+1F4C6	Objects	office	fully-qualified	手撕日历	TEAR-OFF CALENDAR
3117	🗒️	物体	主网格	🗒️	Emoji·符号与旗帜 / 第 39 行	1f5d2.png	是	U+1F5D2 U+FE0F	Objects	office	fully-qualified	线圈本	SPIRAL NOTE PAD
3118	🗒	物体	呈现别名（不重复显示）	🗒️	Emoji·符号与旗帜 / 第 86 行	1f5d2.png	是	U+1F5D2	Objects	office	unqualified	线圈本	SPIRAL NOTE PAD
3119	🗓️	物体	主网格	🗓️	Emoji·符号与旗帜 / 第 39 行	1f5d3.png	是	U+1F5D3 U+FE0F	Objects	office	fully-qualified	线圈日历	SPIRAL CALENDAR PAD
3120	🗓	物体	呈现别名（不重复显示）	🗓️	Emoji·符号与旗帜 / 第 86 行	1f5d3.png	是	U+1F5D3	Objects	office	unqualified	线圈日历	SPIRAL CALENDAR PAD
3121	📇	物体	主网格	📇	Emoji·旅行与物品 / 第 11 行	1f4c7.png	是	U+1F4C7	Objects	office	fully-qualified	卡片索引	CARD INDEX
3122	📈	物体	主网格	📈	Emoji·食物与活动 / 第 4 行	1f4c8.png	是	U+1F4C8	Objects	office	fully-qualified	趋势向上的图表	CHART WITH UPWARDS TREND
3123	📉	物体	主网格	📉	Emoji·食物与活动 / 第 4 行	1f4c9.png	是	U+1F4C9	Objects	office	fully-qualified	趋势向下的图表	CHART WITH DOWNWARDS TREND
3124	📊	物体	主网格	📊	Emoji·食物与活动 / 第 4 行	1f4ca.png	是	U+1F4CA	Objects	office	fully-qualified	条形图	BAR CHART
3125	📋	物体	主网格	📋	Emoji·动物与自然 / 第 5 行	1f4cb.png	是	U+1F4CB	Objects	office	fully-qualified	剪贴板	CLIPBOARD
3126	📌	物体	主网格	📌	Emoji·符号与旗帜 / 第 58 行	1f4cc.png	是	U+1F4CC	Objects	office	fully-qualified	图钉	PUSHPIN
3127	📍	物体	主网格	📍	Emoji·符号与旗帜 / 第 58 行	1f4cd.png	是	U+1F4CD	Objects	office	fully-qualified	圆图钉	ROUND PUSHPIN
3128	📎	物体	主网格	📎	Emoji·旅行与物品 / 第 7 行	1f4ce.png	是	U+1F4CE	Objects	office	fully-qualified	回形针	PAPERCLIP
3129	🖇️	物体	主网格	🖇️	Emoji·旅行与物品 / 其他旅行与物品	1f587.png	是	U+1F587 U+FE0F	Objects	office	fully-qualified	连起来的两个回形针	LINKED PAPERCLIPS
3130	🖇	物体	呈现别名（不重复显示）	🖇️	Emoji·旅行与物品 / 第 9 行	1f587.png	是	U+1F587	Objects	office	unqualified	连起来的两个回形针	LINKED PAPERCLIPS
3131	📏	物体	主网格	📏	Emoji·符号与旗帜 / 第 59 行	1f4cf.png	是	U+1F4CF	Objects	office	fully-qualified	直尺	STRAIGHT RULER
3132	📐	物体	主网格	📐	Emoji·符号与旗帜 / 第 59 行	1f4d0.png	是	U+1F4D0	Objects	office	fully-qualified	三角尺	TRIANGULAR RULER
3133	✂️	物体	主网格	✂️	Emoji·符号与旗帜 / 第 94 行	2702.png	是	U+2702 U+FE0F	Objects	office	fully-qualified	剪刀	BLACK SCISSORS
3134	✂	物体	呈现别名（不重复显示）	✂️	Emoji·符号与旗帜 / 第 99 行	2702.png	是	U+2702	Objects	office	unqualified	剪刀	BLACK SCISSORS
3135	🗃️	物体	主网格	🗃️	Emoji·旅行与物品 / 交通工具	1f5c3.png	是	U+1F5C3 U+FE0F	Objects	office	fully-qualified	卡片盒	CARD FILE BOX
3136	🗃	物体	呈现别名（不重复显示）	🗃️	Emoji·旅行与物品 / 第 13 行	1f5c3.png	是	U+1F5C3	Objects	office	unqualified	卡片盒	CARD FILE BOX
3137	🗄️	物体	主网格	🗄️	Emoji·符号与旗帜 / 第 39 行	1f5c4.png	是	U+1F5C4 U+FE0F	Objects	office	fully-qualified	文件柜	FILE CABINET
3138	🗄	物体	呈现别名（不重复显示）	🗄️	Emoji·符号与旗帜 / 第 86 行	1f5c4.png	是	U+1F5C4	Objects	office	unqualified	文件柜	FILE CABINET
3139	🗑️	物体	主网格	🗑️	Emoji·符号与旗帜 / 第 39 行	1f5d1.png	是	U+1F5D1 U+FE0F	Objects	office	fully-qualified	垃圾桶	WASTEBASKET
3140	🗑	物体	呈现别名（不重复显示）	🗑️	Emoji·符号与旗帜 / 第 86 行	1f5d1.png	是	U+1F5D1	Objects	office	unqualified	垃圾桶	WASTEBASKET
3141	🔒	物体	主网格	🔒	Emoji·旅行与物品 / 第 19 行	1f512.png	是	U+1F512	Objects	lock	fully-qualified	合上的锁	LOCK
3142	🔓	物体	主网格	🔓	Emoji·旅行与物品 / 第 19 行	1f513.png	是	U+1F513	Objects	lock	fully-qualified	打开的锁	OPEN LOCK
3143	🔏	物体	主网格	🔏	Emoji·旅行与物品 / 第 19 行	1f50f.png	是	U+1F50F	Objects	lock	fully-qualified	墨水笔和锁	LOCK WITH INK PEN
3144	🔐	物体	主网格	🔐	Emoji·旅行与物品 / 第 19 行	1f510.png	是	U+1F510	Objects	lock	fully-qualified	钥匙和锁	CLOSED LOCK WITH KEY
3145	🔑	物体	主网格	🔑	Emoji·旅行与物品 / 第 19 行	1f511.png	是	U+1F511	Objects	lock	fully-qualified	钥匙	KEY
3146	🗝️	物体	主网格	🗝️	Emoji·旅行与物品 / 物品与日常	1f5dd.png	是	U+1F5DD U+FE0F	Objects	lock	fully-qualified	老式钥匙	OLD KEY
3147	🗝	物体	呈现别名（不重复显示）	🗝️	Emoji·旅行与物品 / 第 20 行	1f5dd.png	是	U+1F5DD	Objects	lock	unqualified	老式钥匙	OLD KEY
3148	🔨	物体	主网格	🔨	Emoji·旅行与物品 / 第 3 行	1f528.png	是	U+1F528	Objects	tool	fully-qualified	锤子	HAMMER
3149	🪓	物体	主网格	🪓	Emoji·符号与旗帜 / 第 77 行	1fa93.png	是	U+1FA93	Objects	tool	fully-qualified	斧头	AXE
3150	⛏️	物体	主网格	⛏️	Emoji·符号与旗帜 / 第 35 行	26cf.png	是	U+26CF U+FE0F	Objects	tool	fully-qualified	铁镐	PICK
3151	⛏	物体	呈现别名（不重复显示）	⛏️	Emoji·符号与旗帜 / 第 83 行	26cf.png	是	U+26CF	Objects	tool	unqualified	铁镐	PICK
3152	⚒️	物体	主网格	⚒️	Emoji·旅行与物品 / 设备与工具	2692.png	是	U+2692 U+FE0F	Objects	tool	fully-qualified	锤子与镐	HAMMER AND PICK
3153	⚒	物体	呈现别名（不重复显示）	⚒️	Emoji·旅行与物品 / 第 3 行	2692.png	是	U+2692	Objects	tool	unqualified	锤子与镐	HAMMER AND PICK
3154	🛠️	物体	主网格	🛠️	Emoji·旅行与物品 / 设备与工具	1f6e0.png	是	U+1F6E0 U+FE0F	Objects	tool	fully-qualified	锤子与扳手	HAMMER AND WRENCH
3155	🛠	物体	呈现别名（不重复显示）	🛠️	Emoji·旅行与物品 / 第 3 行	1f6e0.png	是	U+1F6E0	Objects	tool	unqualified	锤子与扳手	HAMMER AND WRENCH
3156	🗡️	物体	主网格	🗡️	Emoji·符号与旗帜 / 第 39 行	1f5e1.png	是	U+1F5E1 U+FE0F	Objects	tool	fully-qualified	匕首	DAGGER KNIFE
3157	🗡	物体	呈现别名（不重复显示）	🗡️	Emoji·符号与旗帜 / 第 87 行	1f5e1.png	是	U+1F5E1	Objects	tool	unqualified	匕首	DAGGER KNIFE
3158	⚔️	物体	主网格	⚔️	Emoji·符号与旗帜 / 第 34 行	2694.png	是	U+2694 U+FE0F	Objects	tool	fully-qualified	交叉放置的剑	CROSSED SWORDS
3159	⚔	物体	呈现别名（不重复显示）	⚔️	Emoji·符号与旗帜 / 第 82 行	2694.png	是	U+2694	Objects	tool	unqualified	交叉放置的剑	CROSSED SWORDS
3160	💣	物体	主网格	💣	Emoji·旅行与物品 / 第 6 行	1f4a3.png	是	U+1F4A3	Objects	tool	fully-qualified	炸弹	BOMB
3161	🪃	物体	主网格	🪃	Emoji·符号与旗帜 / 第 76 行	1fa83.png	是	U+1FA83	Objects	tool	fully-qualified	回旋镖	BOOMERANG
3162	🏹	物体	主网格	🏹	Emoji·符号与旗帜 / 第 97 行	1f3f9.png	是	U+1F3F9	Objects	tool	fully-qualified	弓和箭	BOW AND ARROW
3163	🛡️	物体	主网格	🛡️	Emoji·旅行与物品 / 第 5 行	1f6e1.png	是	U+1F6E1 U+FE0F	Objects	tool	fully-qualified	盾牌	SHIELD
3164	🛡	物体	呈现别名（不重复显示）	🛡️	Emoji·旅行与物品 / 第 9 行	1f6e1.png	是	U+1F6E1	Objects	tool	unqualified	盾牌	SHIELD
3165	🪚	物体	主网格	🪚	Emoji·旅行与物品 / 第 13 行	1fa9a.png	是	U+1FA9A	Objects	tool	fully-qualified	木工锯	CARPENTRY SAW
3166	🔧	物体	主网格	🔧	Emoji·旅行与物品 / 第 3 行	1f527.png	是	U+1F527	Objects	tool	fully-qualified	扳手	WRENCH
3167	🪛	物体	主网格	🪛	Emoji·符号与旗帜 / 第 77 行	1fa9b.png	是	U+1FA9B	Objects	tool	fully-qualified	螺丝刀	SCREWDRIVER
3168	🔩	物体	主网格	🔩	Emoji·符号与旗帜 / 第 62 行	1f529.png	是	U+1F529	Objects	tool	fully-qualified	螺母与螺栓	NUT AND BOLT
3169	⚙️	物体	主网格	⚙️	Emoji·旅行与物品 / 其他旅行与物品	2699.png	是	U+2699 U+FE0F	Objects	tool	fully-qualified	齿轮	GEAR
3170	⚙	物体	呈现别名（不重复显示）	⚙️	Emoji·旅行与物品 / 第 8 行	2699.png	是	U+2699	Objects	tool	unqualified	齿轮	GEAR
3171	🗜️	物体	主网格	🗜️	Emoji·符号与旗帜 / 第 39 行	1f5dc.png	是	U+1F5DC U+FE0F	Objects	tool	fully-qualified	夹钳	COMPRESSION
3172	🗜	物体	呈现别名（不重复显示）	🗜️	Emoji·符号与旗帜 / 第 87 行	1f5dc.png	是	U+1F5DC	Objects	tool	unqualified	夹钳	COMPRESSION
3173	⚖️	物体	主网格	⚖️	Emoji·符号与旗帜 / 第 35 行	2696.png	是	U+2696 U+FE0F	Objects	tool	fully-qualified	天平	SCALES
3174	⚖	物体	呈现别名（不重复显示）	⚖️	Emoji·符号与旗帜 / 第 82 行	2696.png	是	U+2696	Objects	tool	unqualified	天平	SCALES
3175	🦯	物体	主网格	🦯	Emoji·符号与旗帜 / 第 72 行	1f9af.png	是	U+1F9AF	Objects	tool	fully-qualified	盲杖	PROBING CANE
3176	🔗	物体	主网格	🔗	Emoji·符号与旗帜 / 第 61 行	1f517.png	是	U+1F517	Objects	tool	fully-qualified	链接	LINK SYMBOL
3177	⛓️	物体	主网格	⛓️	Emoji·符号与旗帜 / 第 35 行	26d3.png	是	U+26D3 U+FE0F	Objects	tool	fully-qualified	链条	CHAINS
3178	⛓	物体	呈现别名（不重复显示）	⛓️	Emoji·符号与旗帜 / 第 83 行	26d3.png	是	U+26D3	Objects	tool	unqualified	链条	CHAINS
3179	🪝	物体	主网格	🪝	Emoji·符号与旗帜 / 第 77 行	1fa9d.png	是	U+1FA9D	Objects	tool	fully-qualified	挂钩	HOOK
3180	🧰	物体	主网格	🧰	Emoji·旅行与物品 / 第 3 行	1f9f0.png	是	U+1F9F0	Objects	tool	fully-qualified	工具箱	TOOLBOX
3181	🧲	物体	主网格	🧲	Emoji·旅行与物品 / 第 8 行	1f9f2.png	是	U+1F9F2	Objects	tool	fully-qualified	磁铁	MAGNET
3182	🪜	物体	主网格	🪜	Emoji·符号与旗帜 / 第 77 行	1fa9c.png	是	U+1FA9C	Objects	tool	fully-qualified	梯子	LADDER
3183	🪏	物体	主网格	🪏	Emoji·符号与旗帜 / 第 89 行	1fa8f.png	是	U+1FA8F	Objects	tool	fully-qualified	铲	U+1FA8F
3184	⚗️	物体	主网格	⚗️	Emoji·符号与旗帜 / 第 35 行	2697.png	是	U+2697 U+FE0F	Objects	science	fully-qualified	蒸馏器	ALEMBIC
3185	⚗	物体	呈现别名（不重复显示）	⚗️	Emoji·符号与旗帜 / 第 82 行	2697.png	是	U+2697	Objects	science	unqualified	蒸馏器	ALEMBIC
3186	🧪	物体	主网格	🧪	Emoji·符号与旗帜 / 第 74 行	1f9ea.png	是	U+1F9EA	Objects	science	fully-qualified	试管	TEST TUBE
3187	🧫	物体	主网格	🧫	Emoji·符号与旗帜 / 第 74 行	1f9eb.png	是	U+1F9EB	Objects	science	fully-qualified	培养皿	PETRI DISH
3188	🧬	物体	主网格	🧬	Emoji·符号与旗帜 / 第 74 行	1f9ec.png	是	U+1F9EC	Objects	science	fully-qualified	DNA	DNA DOUBLE HELIX
3189	🔬	物体	主网格	🔬	Emoji·旅行与物品 / 第 3 行	1f52c.png	是	U+1F52C	Objects	science	fully-qualified	显微镜	MICROSCOPE
3190	🔭	物体	主网格	🔭	Emoji·旅行与物品 / 第 7 行	1f52d.png	是	U+1F52D	Objects	science	fully-qualified	望远镜	TELESCOPE
3191	📡	物体	主网格	📡	Emoji·动物与自然 / 第 16 行	1f4e1.png	是	U+1F4E1	Objects	science	fully-qualified	卫星天线	SATELLITE ANTENNA
3192	💉	物体	主网格	💉	Emoji·符号与旗帜 / 第 56 行	1f489.png	是	U+1F489	Objects	medical	fully-qualified	注射器	SYRINGE
3193	🩸	物体	主网格	🩸	Emoji·符号与旗帜 / 第 76 行	1fa78.png	是	U+1FA78	Objects	medical	fully-qualified	血滴	DROP OF BLOOD
3194	💊	物体	主网格	💊	Emoji·符号与旗帜 / 第 56 行	1f48a.png	是	U+1F48A	Objects	medical	fully-qualified	药丸	PILL
3195	🩹	物体	主网格	🩹	Emoji·符号与旗帜 / 第 76 行	1fa79.png	是	U+1FA79	Objects	medical	fully-qualified	创可贴	ADHESIVE BANDAGE
3196	🩼	物体	主网格	🩼	Emoji·符号与旗帜 / 第 88 行	1fa7c.png	是	U+1FA7C	Objects	medical	fully-qualified	拐杖	CRUTCH
3197	🩺	物体	主网格	🩺	Emoji·符号与旗帜 / 第 76 行	1fa7a.png	是	U+1FA7A	Objects	medical	fully-qualified	听诊器	STETHOSCOPE
3198	🩻	物体	主网格	🩻	Emoji·符号与旗帜 / 第 88 行	1fa7b.png	是	U+1FA7B	Objects	medical	fully-qualified	X射线	X-RAY
3199	🚪	物体	主网格	🚪	Emoji·符号与旗帜 / 第 64 行	1f6aa.png	是	U+1F6AA	Objects	household	fully-qualified	门	DOOR
3200	🛗	物体	主网格	🛗	Emoji·符号与旗帜 / 第 66 行	1f6d7.png	是	U+1F6D7	Objects	household	fully-qualified	电梯	ELEVATOR
3201	🪞	物体	主网格	🪞	Emoji·符号与旗帜 / 第 77 行	1fa9e.png	是	U+1FA9E	Objects	household	fully-qualified	镜子	MIRROR
3202	🪟	物体	主网格	🪟	Emoji·符号与旗帜 / 第 78 行	1fa9f.png	是	U+1FA9F	Objects	household	fully-qualified	窗户	WINDOW
3203	🛏️	物体	主网格	🛏️	Emoji·符号与旗帜 / 第 40 行	1f6cf.png	是	U+1F6CF U+FE0F	Objects	household	fully-qualified	床	BED
3204	🛏	物体	呈现别名（不重复显示）	🛏️	Emoji·符号与旗帜 / 第 87 行	1f6cf.png	是	U+1F6CF	Objects	household	unqualified	床	BED
3205	🛋️	物体	主网格	🛋️	Emoji·符号与旗帜 / 第 39 行	1f6cb.png	是	U+1F6CB U+FE0F	Objects	household	fully-qualified	沙发和灯	COUCH AND LAMP
3206	🛋	物体	呈现别名（不重复显示）	🛋️	Emoji·符号与旗帜 / 第 87 行	1f6cb.png	是	U+1F6CB	Objects	household	unqualified	沙发和灯	COUCH AND LAMP
3207	🪑	物体	主网格	🪑	Emoji·符号与旗帜 / 第 76 行	1fa91.png	是	U+1FA91	Objects	household	fully-qualified	椅子	CHAIR
3208	🚽	物体	主网格	🚽	Emoji·符号与旗帜 / 第 65 行	1f6bd.png	是	U+1F6BD	Objects	household	fully-qualified	马桶	TOILET
3209	🪠	物体	主网格	🪠	Emoji·符号与旗帜 / 第 78 行	1faa0.png	是	U+1FAA0	Objects	household	fully-qualified	活塞	PLUNGER
3210	🚿	物体	主网格	🚿	Emoji·符号与旗帜 / 第 65 行	1f6bf.png	是	U+1F6BF	Objects	household	fully-qualified	淋浴	SHOWER
3211	🛁	物体	主网格	🛁	Emoji·符号与旗帜 / 第 66 行	1f6c1.png	是	U+1F6C1	Objects	household	fully-qualified	浴缸	BATHTUB
3212	🪤	物体	主网格	🪤	Emoji·动物与自然 / 第 6 行	1faa4.png	是	U+1FAA4	Objects	household	fully-qualified	捕鼠器	MOUSE TRAP
3213	🪒	物体	主网格	🪒	Emoji·符号与旗帜 / 第 77 行	1fa92.png	是	U+1FA92	Objects	household	fully-qualified	剃须刀	RAZOR
3214	🧴	物体	主网格	🧴	Emoji·符号与旗帜 / 第 74 行	1f9f4.png	是	U+1F9F4	Objects	household	fully-qualified	乳液瓶	LOTION BOTTLE
3215	🧷	物体	主网格	🧷	Emoji·符号与旗帜 / 第 75 行	1f9f7.png	是	U+1F9F7	Objects	household	fully-qualified	安全别针	SAFETY PIN
3216	🧹	物体	主网格	🧹	Emoji·符号与旗帜 / 第 75 行	1f9f9.png	是	U+1F9F9	Objects	household	fully-qualified	扫帚	BROOM
3217	🧺	物体	主网格	🧺	Emoji·符号与旗帜 / 第 75 行	1f9fa.png	是	U+1F9FA	Objects	household	fully-qualified	筐	BASKET
3218	🧻	物体	主网格	🧻	Emoji·旅行与物品 / 第 8 行	1f9fb.png	是	U+1F9FB	Objects	household	fully-qualified	卷纸	ROLL OF PAPER
3219	🪣	物体	主网格	🪣	Emoji·符号与旗帜 / 第 78 行	1faa3.png	是	U+1FAA3	Objects	household	fully-qualified	桶	BUCKET
3220	🧼	物体	主网格	🧼	Emoji·符号与旗帜 / 第 75 行	1f9fc.png	是	U+1F9FC	Objects	household	fully-qualified	皂	BAR OF SOAP
3221	🫧	物体	主网格	🫧	Emoji·符号与旗帜 / 第 90 行	1fae7.png	是	U+1FAE7	Objects	household	fully-qualified	气泡	BUBBLES
3222	🪥	物体	主网格	🪥	Emoji·符号与旗帜 / 第 78 行	1faa5.png	是	U+1FAA5	Objects	household	fully-qualified	牙刷	TOOTHBRUSH
3223	🧽	物体	主网格	🧽	Emoji·符号与旗帜 / 第 75 行	1f9fd.png	是	U+1F9FD	Objects	household	fully-qualified	海绵	SPONGE
3224	🧯	物体	主网格	🧯	Emoji·动物与自然 / 第 6 行	1f9ef.png	是	U+1F9EF	Objects	household	fully-qualified	灭火器	FIRE EXTINGUISHER
3225	🛒	物体	主网格	🛒	Emoji·符号与旗帜 / 第 66 行	1f6d2.png	是	U+1F6D2	Objects	household	fully-qualified	购物车	SHOPPING TROLLEY
3226	🚬	物体	主网格	🚬	Emoji·符号与旗帜 / 第 65 行	1f6ac.png	是	U+1F6AC	Objects	other-object	fully-qualified	香烟	SMOKING SYMBOL
3227	⚰️	物体	主网格	⚰️	Emoji·符号与旗帜 / 第 35 行	26b0.png	是	U+26B0 U+FE0F	Objects	other-object	fully-qualified	棺材	COFFIN
3228	⚰	物体	呈现别名（不重复显示）	⚰️	Emoji·符号与旗帜 / 第 83 行	26b0.png	是	U+26B0	Objects	other-object	unqualified	棺材	COFFIN
3229	🪦	物体	主网格	🪦	Emoji·符号与旗帜 / 第 78 行	1faa6.png	是	U+1FAA6	Objects	other-object	fully-qualified	墓碑	HEADSTONE
3230	⚱️	物体	主网格	⚱️	Emoji·符号与旗帜 / 第 35 行	26b1.png	是	U+26B1 U+FE0F	Objects	other-object	fully-qualified	骨灰缸	FUNERAL URN
3231	⚱	物体	呈现别名（不重复显示）	⚱️	Emoji·符号与旗帜 / 第 83 行	26b1.png	是	U+26B1	Objects	other-object	unqualified	骨灰缸	FUNERAL URN
3232	🧿	物体	主网格	🧿	Emoji·符号与旗帜 / 第 75 行	1f9ff.png	是	U+1F9FF	Objects	other-object	fully-qualified	纳扎尔护身符	NAZAR AMULET
3233	🪬	物体	主网格	🪬	Emoji·符号与旗帜 / 第 89 行	1faac.png	是	U+1FAAC	Objects	other-object	fully-qualified	法蒂玛之手	HAMSA
3234	🗿	物体	主网格	🗿	Emoji·符号与旗帜 / 第 63 行	1f5ff.png	是	U+1F5FF	Objects	other-object	fully-qualified	摩埃	MOYAI
3235	🪧	物体	主网格	🪧	Emoji·旅行与物品 / 第 13 行	1faa7.png	是	U+1FAA7	Objects	other-object	fully-qualified	标语牌	PLACARD
3236	🪪	物体	主网格	🪪	Emoji·动物与自然 / 第 14 行	1faaa.png	是	U+1FAAA	Objects	other-object	fully-qualified	身份证	IDENTIFICATION CARD
3237	🏧	符号	主网格	🏧	Emoji·符号与旗帜 / 第 53 行	1f3e7.png	是	U+1F3E7	Symbols	transport-sign	fully-qualified	取款机	AUTOMATED TELLER MACHINE
3238	🚮	符号	主网格	🚮	Emoji·符号与旗帜 / 第 65 行	1f6ae.png	是	U+1F6AE	Symbols	transport-sign	fully-qualified	倒垃圾	PUT LITTER IN ITS PLACE SYMBOL
3239	🚰	符号	主网格	🚰	Emoji·动物与自然 / 第 5 行	1f6b0.png	是	U+1F6B0	Symbols	transport-sign	fully-qualified	饮用水	POTABLE WATER SYMBOL
3240	♿	符号	主网格	♿	Emoji·符号与旗帜 / 第 46 行	267f.png	是	U+267F	Symbols	transport-sign	fully-qualified	轮椅标识	WHEELCHAIR SYMBOL
3241	🚹	符号	主网格	🚹	Emoji·符号与旗帜 / 第 65 行	1f6b9.png	是	U+1F6B9	Symbols	transport-sign	fully-qualified	男厕	MENS SYMBOL
3242	🚺	符号	主网格	🚺	Emoji·符号与旗帜 / 第 65 行	1f6ba.png	是	U+1F6BA	Symbols	transport-sign	fully-qualified	女厕	WOMENS SYMBOL
3243	🚻	符号	主网格	🚻	Emoji·符号与旗帜 / 第 65 行	1f6bb.png	是	U+1F6BB	Symbols	transport-sign	fully-qualified	卫生间	RESTROOM
3244	🚼	符号	主网格	🚼	Emoji·表情与人物 / 第 20 行	1f6bc.png	是	U+1F6BC	Symbols	transport-sign	fully-qualified	宝宝	BABY SYMBOL
3245	🚾	符号	主网格	🚾	Emoji·动物与自然 / 第 6 行	1f6be.png	是	U+1F6BE	Symbols	transport-sign	fully-qualified	厕所	WATER CLOSET
3246	🛂	符号	主网格	🛂	Emoji·食物与活动 / 第 12 行	1f6c2.png	是	U+1F6C2	Symbols	transport-sign	fully-qualified	护照检查	PASSPORT CONTROL
3247	🛃	符号	主网格	🛃	Emoji·符号与旗帜 / 第 66 行	1f6c3.png	是	U+1F6C3	Symbols	transport-sign	fully-qualified	海关	CUSTOMS
3248	🛄	符号	主网格	🛄	Emoji·符号与旗帜 / 第 66 行	1f6c4.png	是	U+1F6C4	Symbols	transport-sign	fully-qualified	提取行李	BAGGAGE CLAIM
3249	🛅	符号	主网格	🛅	Emoji·符号与旗帜 / 第 66 行	1f6c5.png	是	U+1F6C5	Symbols	transport-sign	fully-qualified	寄存行李	LEFT LUGGAGE
3250	⚠️	符号	主网格	⚠️	Emoji·符号与旗帜 / 第 35 行	26a0.png	是	U+26A0 U+FE0F	Symbols	warning	fully-qualified	警告	WARNING SIGN
3251	⚠	符号	呈现别名（不重复显示）	⚠️	Emoji·符号与旗帜 / 第 82 行	26a0.png	是	U+26A0	Symbols	warning	unqualified	警告	WARNING SIGN
3252	🚸	符号	主网格	🚸	Emoji·符号与旗帜 / 第 65 行	1f6b8.png	是	U+1F6B8	Symbols	warning	fully-qualified	儿童过街	CHILDREN CROSSING
3253	⛔	符号	主网格	⛔	Emoji·符号与旗帜 / 第 46 行	26d4.png	是	U+26D4	Symbols	warning	fully-qualified	禁止通行	NO ENTRY
3254	🚫	符号	主网格	🚫	Emoji·符号与旗帜 / 第 65 行	1f6ab.png	是	U+1F6AB	Symbols	warning	fully-qualified	禁止	NO ENTRY SIGN
3255	🚳	符号	主网格	🚳	Emoji·旅行与物品 / 第 12 行	1f6b3.png	是	U+1F6B3	Symbols	warning	fully-qualified	禁止自行车	NO BICYCLES
3256	🚭	符号	主网格	🚭	Emoji·符号与旗帜 / 第 65 行	1f6ad.png	是	U+1F6AD	Symbols	warning	fully-qualified	禁止吸烟	NO SMOKING SYMBOL
3257	🚯	符号	主网格	🚯	Emoji·符号与旗帜 / 第 65 行	1f6af.png	是	U+1F6AF	Symbols	warning	fully-qualified	禁止乱扔垃圾	DO NOT LITTER SYMBOL
3258	🚱	符号	主网格	🚱	Emoji·动物与自然 / 第 6 行	1f6b1.png	是	U+1F6B1	Symbols	warning	fully-qualified	非饮用水	NON-POTABLE WATER SYMBOL
3259	🚷	符号	主网格	🚷	Emoji·符号与旗帜 / 第 65 行	1f6b7.png	是	U+1F6B7	Symbols	warning	fully-qualified	禁止行人通行	NO PEDESTRIANS
3260	📵	符号	主网格	📵	Emoji·旅行与物品 / 第 2 行	1f4f5.png	是	U+1F4F5	Symbols	warning	fully-qualified	禁止使用手机	NO MOBILE PHONES
3261	🔞	符号	主网格	🔞	Emoji·符号与旗帜 / 第 61 行	1f51e.png	是	U+1F51E	Symbols	warning	fully-qualified	18禁	NO ONE UNDER EIGHTEEN SYMBOL
3262	☢️	符号	主网格	☢️	Emoji·旅行与物品 / 其他旅行与物品	2622.png	是	U+2622 U+FE0F	Symbols	warning	fully-qualified	辐射	RADIOACTIVE SIGN
3263	☢	符号	呈现别名（不重复显示）	☢️	Emoji·旅行与物品 / 第 8 行	2622.png	是	U+2622	Symbols	warning	unqualified	辐射	RADIOACTIVE SIGN
3264	☣️	符号	主网格	☣️	Emoji·符号与旗帜 / 第 34 行	2623.png	是	U+2623 U+FE0F	Symbols	warning	fully-qualified	生物危害	BIOHAZARD SIGN
3265	☣	符号	呈现别名（不重复显示）	☣️	Emoji·符号与旗帜 / 第 81 行	2623.png	是	U+2623	Symbols	warning	unqualified	生物危害	BIOHAZARD SIGN
3266	⬆️	符号	主网格	⬆️	Emoji·符号与旗帜 / 第 94 行	2b06.png	是	U+2B06 U+FE0F	Symbols	arrow	fully-qualified	向上箭头	UPWARDS BLACK ARROW
3267	⬆	符号	呈现别名（不重复显示）	⬆️	Emoji·符号与旗帜 / 第 100 行	2b06.png	是	U+2B06	Symbols	arrow	unqualified	向上箭头	UPWARDS BLACK ARROW
3268	↗️	符号	主网格	↗️	Emoji·符号与旗帜 / 常用符号	2197.png	是	U+2197 U+FE0F	Symbols	arrow	fully-qualified	右上箭头	NORTH EAST ARROW
3269	↗	符号	呈现别名（不重复显示）	↗️	Emoji·符号与旗帜 / 第 98 行	2197.png	是	U+2197	Symbols	arrow	unqualified	右上箭头	NORTH EAST ARROW
3270	➡️	符号	主网格	➡️	Emoji·符号与旗帜 / 第 94 行	27a1.png	是	U+27A1 U+FE0F	Symbols	arrow	fully-qualified	向右箭头	BLACK RIGHTWARDS ARROW
3271	➡	符号	呈现别名（不重复显示）	➡️	Emoji·符号与旗帜 / 第 100 行	27a1.png	是	U+27A1	Symbols	arrow	unqualified	向右箭头	BLACK RIGHTWARDS ARROW
3272	↘️	符号	主网格	↘️	Emoji·符号与旗帜 / 常用符号	2198.png	是	U+2198 U+FE0F	Symbols	arrow	fully-qualified	右下箭头	SOUTH EAST ARROW
3273	↘	符号	呈现别名（不重复显示）	↘️	Emoji·符号与旗帜 / 第 98 行	2198.png	是	U+2198	Symbols	arrow	unqualified	右下箭头	SOUTH EAST ARROW
3274	⬇️	符号	主网格	⬇️	Emoji·符号与旗帜 / 第 95 行	2b07.png	是	U+2B07 U+FE0F	Symbols	arrow	fully-qualified	向下箭头	DOWNWARDS BLACK ARROW
3275	⬇	符号	呈现别名（不重复显示）	⬇️	Emoji·符号与旗帜 / 第 100 行	2b07.png	是	U+2B07	Symbols	arrow	unqualified	向下箭头	DOWNWARDS BLACK ARROW
3276	↙️	符号	主网格	↙️	Emoji·符号与旗帜 / 常用符号	2199.png	是	U+2199 U+FE0F	Symbols	arrow	fully-qualified	左下箭头	SOUTH WEST ARROW
3277	↙	符号	呈现别名（不重复显示）	↙️	Emoji·符号与旗帜 / 第 98 行	2199.png	是	U+2199	Symbols	arrow	unqualified	左下箭头	SOUTH WEST ARROW
3278	⬅️	符号	主网格	⬅️	Emoji·符号与旗帜 / 第 94 行	2b05.png	是	U+2B05 U+FE0F	Symbols	arrow	fully-qualified	向左箭头	LEFTWARDS BLACK ARROW
3279	⬅	符号	呈现别名（不重复显示）	⬅️	Emoji·符号与旗帜 / 第 100 行	2b05.png	是	U+2B05	Symbols	arrow	unqualified	向左箭头	LEFTWARDS BLACK ARROW
3280	↖️	符号	主网格	↖️	Emoji·符号与旗帜 / 常用符号	2196.png	是	U+2196 U+FE0F	Symbols	arrow	fully-qualified	左上箭头	NORTH WEST ARROW
3281	↖	符号	呈现别名（不重复显示）	↖️	Emoji·符号与旗帜 / 第 98 行	2196.png	是	U+2196	Symbols	arrow	unqualified	左上箭头	NORTH WEST ARROW
3282	↕️	符号	主网格	↕️	Emoji·符号与旗帜 / 常用符号	2195.png	是	U+2195 U+FE0F	Symbols	arrow	fully-qualified	上下箭头	UP DOWN ARROW
3283	↕	符号	呈现别名（不重复显示）	↕️	Emoji·符号与旗帜 / 第 98 行	2195.png	是	U+2195	Symbols	arrow	unqualified	上下箭头	UP DOWN ARROW
3284	↔️	符号	主网格	↔️	Emoji·符号与旗帜 / 常用符号	2194.png	是	U+2194 U+FE0F	Symbols	arrow	fully-qualified	左右箭头	LEFT RIGHT ARROW
3285	↔	符号	呈现别名（不重复显示）	↔️	Emoji·符号与旗帜 / 第 98 行	2194.png	是	U+2194	Symbols	arrow	unqualified	左右箭头	LEFT RIGHT ARROW
3286	↩️	符号	主网格	↩️	Emoji·符号与旗帜 / 常用符号	21a9.png	是	U+21A9 U+FE0F	Symbols	arrow	fully-qualified	右转弯箭头	LEFTWARDS ARROW WITH HOOK
3287	↩	符号	呈现别名（不重复显示）	↩️	Emoji·符号与旗帜 / 第 98 行	21a9.png	是	U+21A9	Symbols	arrow	unqualified	右转弯箭头	LEFTWARDS ARROW WITH HOOK
3288	↪️	符号	主网格	↪️	Emoji·符号与旗帜 / 常用符号	21aa.png	是	U+21AA U+FE0F	Symbols	arrow	fully-qualified	左转弯箭头	RIGHTWARDS ARROW WITH HOOK
3289	↪	符号	呈现别名（不重复显示）	↪️	Emoji·符号与旗帜 / 第 98 行	21aa.png	是	U+21AA	Symbols	arrow	unqualified	左转弯箭头	RIGHTWARDS ARROW WITH HOOK
3290	⤴️	符号	主网格	⤴️	Emoji·符号与旗帜 / 第 94 行	2934.png	是	U+2934 U+FE0F	Symbols	arrow	fully-qualified	右上弯箭头	ARROW POINTING RIGHTWARDS THEN CURVING UPWARDS
3291	⤴	符号	呈现别名（不重复显示）	⤴️	Emoji·符号与旗帜 / 第 100 行	2934.png	是	U+2934	Symbols	arrow	unqualified	右上弯箭头	ARROW POINTING RIGHTWARDS THEN CURVING UPWARDS
3292	⤵️	符号	主网格	⤵️	Emoji·符号与旗帜 / 第 94 行	2935.png	是	U+2935 U+FE0F	Symbols	arrow	fully-qualified	右下弯箭头	ARROW POINTING RIGHTWARDS THEN CURVING DOWNWARDS
3293	⤵	符号	呈现别名（不重复显示）	⤵️	Emoji·符号与旗帜 / 第 100 行	2935.png	是	U+2935	Symbols	arrow	unqualified	右下弯箭头	ARROW POINTING RIGHTWARDS THEN CURVING DOWNWARDS
3294	🔃	符号	主网格	🔃	Emoji·旅行与物品 / 第 19 行	1f503.png	是	U+1F503	Symbols	arrow	fully-qualified	顺时针垂直箭头	CLOCKWISE DOWNWARDS AND UPWARDS OPEN CIRCLE ARROWS
3295	🔄	符号	主网格	🔄	Emoji·动物与自然 / 第 16 行	1f504.png	是	U+1F504	Symbols	arrow	fully-qualified	逆时针箭头按钮	ANTICLOCKWISE DOWNWARDS AND UPWARDS OPEN CIRCLE ARROWS
3296	🔙	符号	主网格	🔙	Emoji·符号与旗帜 / 第 97 行	1f519.png	是	U+1F519	Symbols	arrow	fully-qualified	返回箭头	BACK WITH LEFTWARDS ARROW ABOVE
3297	🔚	符号	主网格	🔚	Emoji·符号与旗帜 / 第 97 行	1f51a.png	是	U+1F51A	Symbols	arrow	fully-qualified	结束箭头	END WITH LEFTWARDS ARROW ABOVE
3298	🔛	符号	主网格	🔛	Emoji·符号与旗帜 / 第 97 行	1f51b.png	是	U+1F51B	Symbols	arrow	fully-qualified	ON! 箭头	ON WITH EXCLAMATION MARK WITH LEFT RIGHT ARROW ABOVE
3299	🔜	符号	主网格	🔜	Emoji·符号与旗帜 / 第 97 行	1f51c.png	是	U+1F51C	Symbols	arrow	fully-qualified	SOON 箭头	SOON WITH RIGHTWARDS ARROW ABOVE
3300	🔝	符号	主网格	🔝	Emoji·符号与旗帜 / 第 97 行	1f51d.png	是	U+1F51D	Symbols	arrow	fully-qualified	置顶	TOP WITH UPWARDS ARROW ABOVE
3301	🛐	符号	主网格	🛐	Emoji·旅行与物品 / 第 12 行	1f6d0.png	是	U+1F6D0	Symbols	religion	fully-qualified	宗教场所	PLACE OF WORSHIP
3302	⚛️	符号	主网格	⚛️	Emoji·符号与旗帜 / 第 35 行	269b.png	是	U+269B U+FE0F	Symbols	religion	fully-qualified	原子符号	ATOM SYMBOL
3303	⚛	符号	呈现别名（不重复显示）	⚛️	Emoji·符号与旗帜 / 第 82 行	269b.png	是	U+269B	Symbols	religion	unqualified	原子符号	ATOM SYMBOL
3304	🕉️	符号	主网格	🕉️	Emoji·符号与旗帜 / 第 38 行	1f549.png	是	U+1F549 U+FE0F	Symbols	religion	fully-qualified	奥姆	OM SYMBOL
3305	🕉	符号	呈现别名（不重复显示）	🕉️	Emoji·符号与旗帜 / 第 86 行	1f549.png	是	U+1F549	Symbols	religion	unqualified	奥姆	OM SYMBOL
3306	✡️	符号	主网格	✡️	Emoji·动物与自然 / 天气与天体	2721.png	是	U+2721 U+FE0F	Symbols	religion	fully-qualified	六芒星	STAR OF DAVID
3307	✡	符号	呈现别名（不重复显示）	✡️	Emoji·动物与自然 / 第 12 行	2721.png	是	U+2721	Symbols	religion	unqualified	六芒星	STAR OF DAVID
3308	☸️	符号	主网格	☸️	Emoji·符号与旗帜 / 第 34 行	2638.png	是	U+2638 U+FE0F	Symbols	religion	fully-qualified	法轮	WHEEL OF DHARMA
3309	☸	符号	呈现别名（不重复显示）	☸️	Emoji·符号与旗帜 / 第 81 行	2638.png	是	U+2638	Symbols	religion	unqualified	法轮	WHEEL OF DHARMA
3310	☯️	符号	主网格	☯️	Emoji·符号与旗帜 / 第 34 行	262f.png	是	U+262F U+FE0F	Symbols	religion	fully-qualified	阴阳	YIN YANG
3311	☯	符号	呈现别名（不重复显示）	☯️	Emoji·符号与旗帜 / 第 81 行	262f.png	是	U+262F	Symbols	religion	unqualified	阴阳	YIN YANG
3312	✝️	符号	主网格	✝️	Emoji·符号与旗帜 / 第 36 行	271d.png	是	U+271D U+FE0F	Symbols	religion	fully-qualified	十字架	LATIN CROSS
3313	✝	符号	呈现别名（不重复显示）	✝️	Emoji·符号与旗帜 / 第 83 行	271d.png	是	U+271D	Symbols	religion	unqualified	十字架	LATIN CROSS
3314	☦️	符号	主网格	☦️	Emoji·符号与旗帜 / 第 34 行	2626.png	是	U+2626 U+FE0F	Symbols	religion	fully-qualified	东正教十字架	ORTHODOX CROSS
3315	☦	符号	呈现别名（不重复显示）	☦️	Emoji·符号与旗帜 / 第 81 行	2626.png	是	U+2626	Symbols	religion	unqualified	东正教十字架	ORTHODOX CROSS
3316	☪️	符号	主网格	☪️	Emoji·动物与自然 / 天气与天体	262a.png	是	U+262A U+FE0F	Symbols	religion	fully-qualified	星月	STAR AND CRESCENT
3317	☪	符号	呈现别名（不重复显示）	☪️	Emoji·动物与自然 / 第 11 行	262a.png	是	U+262A	Symbols	religion	unqualified	星月	STAR AND CRESCENT
3318	☮️	符号	主网格	☮️	Emoji·符号与旗帜 / 第 93 行	262e.png	是	U+262E U+FE0F	Symbols	religion	fully-qualified	和平符号	PEACE SYMBOL
3319	☮	符号	呈现别名（不重复显示）	☮️	Emoji·符号与旗帜 / 第 99 行	262e.png	是	U+262E	Symbols	religion	unqualified	和平符号	PEACE SYMBOL
3320	🕎	符号	主网格	🕎	Emoji·符号与旗帜 / 第 63 行	1f54e.png	是	U+1F54E	Symbols	religion	fully-qualified	烛台	MENORAH WITH NINE BRANCHES
3321	🔯	符号	主网格	🔯	Emoji·动物与自然 / 第 11 行	1f52f.png	是	U+1F52F	Symbols	religion	fully-qualified	带中间点的六芒星	SIX POINTED STAR WITH MIDDLE DOT
3322	🪯	符号	主网格	🪯	Emoji·表情与人物 / 第 7 行	1faaf.png	是	U+1FAAF	Symbols	religion	fully-qualified	坎达	KHANDA
3323	♈	符号	主网格	♈	Emoji·符号与旗帜 / 第 45 行	2648.png	是	U+2648	Symbols	zodiac	fully-qualified	白羊座	ARIES
3324	♉	符号	主网格	♉	Emoji·符号与旗帜 / 第 45 行	2649.png	是	U+2649	Symbols	zodiac	fully-qualified	金牛座	TAURUS
3325	♊	符号	主网格	♊	Emoji·符号与旗帜 / 第 45 行	264a.png	是	U+264A	Symbols	zodiac	fully-qualified	双子座	GEMINI
3326	♋	符号	主网格	♋	Emoji·符号与旗帜 / 第 45 行	264b.png	是	U+264B	Symbols	zodiac	fully-qualified	巨蟹座	CANCER
3327	♌	符号	主网格	♌	Emoji·符号与旗帜 / 第 45 行	264c.png	是	U+264C	Symbols	zodiac	fully-qualified	狮子座	LEO
3328	♍	符号	主网格	♍	Emoji·符号与旗帜 / 第 45 行	264d.png	是	U+264D	Symbols	zodiac	fully-qualified	处女座	VIRGO
3329	♎	符号	主网格	♎	Emoji·符号与旗帜 / 第 45 行	264e.png	是	U+264E	Symbols	zodiac	fully-qualified	天秤座	LIBRA
3330	♏	符号	主网格	♏	Emoji·符号与旗帜 / 第 45 行	264f.png	是	U+264F	Symbols	zodiac	fully-qualified	天蝎座	SCORPIUS
3331	♐	符号	主网格	♐	Emoji·符号与旗帜 / 第 45 行	2650.png	是	U+2650	Symbols	zodiac	fully-qualified	射手座	SAGITTARIUS
3332	♑	符号	主网格	♑	Emoji·食物与活动 / 其他食物与活动	2651.png	是	U+2651	Symbols	zodiac	fully-qualified	摩羯座	CAPRICORN
3333	♒	符号	主网格	♒	Emoji·符号与旗帜 / 第 45 行	2652.png	是	U+2652	Symbols	zodiac	fully-qualified	水瓶座	AQUARIUS
3334	♓	符号	主网格	♓	Emoji·符号与旗帜 / 第 46 行	2653.png	是	U+2653	Symbols	zodiac	fully-qualified	双鱼座	PISCES
3335	⛎	符号	主网格	⛎	Emoji·符号与旗帜 / 第 46 行	26ce.png	是	U+26CE	Symbols	zodiac	fully-qualified	蛇夫座	OPHIUCHUS
3336	🔀	符号	主网格	🔀	Emoji·符号与旗帜 / 第 97 行	1f500.png	是	U+1F500	Symbols	av-symbol	fully-qualified	随机播放音轨按钮	TWISTED RIGHTWARDS ARROWS
3337	🔁	符号	主网格	🔁	Emoji·旅行与物品 / 第 19 行	1f501.png	是	U+1F501	Symbols	av-symbol	fully-qualified	重复按钮	CLOCKWISE RIGHTWARDS AND LEFTWARDS OPEN CIRCLE ARROWS
3338	🔂	符号	主网格	🔂	Emoji·旅行与物品 / 第 19 行	1f502.png	是	U+1F502	Symbols	av-symbol	fully-qualified	重复一次按钮	CLOCKWISE RIGHTWARDS AND LEFTWARDS OPEN CIRCLE ARROWS WITH CIRCLED ONE OVERLAY
3339	▶️	符号	主网格	▶️	Emoji·符号与旗帜 / 第 93 行	25b6.png	是	U+25B6 U+FE0F	Symbols	av-symbol	fully-qualified	播放按钮	BLACK RIGHT-POINTING TRIANGLE
3340	▶	符号	呈现别名（不重复显示）	▶️	Emoji·符号与旗帜 / 第 99 行	25b6.png	是	U+25B6	Symbols	av-symbol	unqualified	播放按钮	BLACK RIGHT-POINTING TRIANGLE
3341	⏩	符号	主网格	⏩	Emoji·符号与旗帜 / 第 95 行	23e9.png	是	U+23E9	Symbols	av-symbol	fully-qualified	快进按钮	BLACK RIGHT-POINTING DOUBLE TRIANGLE
3342	⏭️	符号	主网格	⏭️	Emoji·符号与旗帜 / 常用符号	23ed.png	是	U+23ED U+FE0F	Symbols	av-symbol	fully-qualified	下一个音轨按钮	BLACK RIGHT-POINTING DOUBLE TRIANGLE WITH VERTICAL BAR
3343	⏭	符号	呈现别名（不重复显示）	⏭️	Emoji·符号与旗帜 / 第 98 行	23ed.png	是	U+23ED	Symbols	av-symbol	unqualified	下一个音轨按钮	BLACK RIGHT-POINTING DOUBLE TRIANGLE WITH VERTICAL BAR
3344	⏯️	符号	主网格	⏯️	Emoji·符号与旗帜 / 第 93 行	23ef.png	是	U+23EF U+FE0F	Symbols	av-symbol	fully-qualified	播放或暂停按钮	BLACK RIGHT-POINTING TRIANGLE WITH DOUBLE VERTICAL BAR
3345	⏯	符号	呈现别名（不重复显示）	⏯️	Emoji·符号与旗帜 / 第 98 行	23ef.png	是	U+23EF	Symbols	av-symbol	unqualified	播放或暂停按钮	BLACK RIGHT-POINTING TRIANGLE WITH DOUBLE VERTICAL BAR
3346	◀️	符号	主网格	◀️	Emoji·符号与旗帜 / 第 93 行	25c0.png	是	U+25C0 U+FE0F	Symbols	av-symbol	fully-qualified	倒退按钮	BLACK LEFT-POINTING TRIANGLE
3347	◀	符号	呈现别名（不重复显示）	◀️	Emoji·符号与旗帜 / 第 99 行	25c0.png	是	U+25C0	Symbols	av-symbol	unqualified	倒退按钮	BLACK LEFT-POINTING TRIANGLE
3348	⏪	符号	主网格	⏪	Emoji·符号与旗帜 / 第 95 行	23ea.png	是	U+23EA	Symbols	av-symbol	fully-qualified	快退按钮	BLACK LEFT-POINTING DOUBLE TRIANGLE
3349	⏮️	符号	主网格	⏮️	Emoji·符号与旗帜 / 第 93 行	23ee.png	是	U+23EE U+FE0F	Symbols	av-symbol	fully-qualified	上一个音轨按钮	BLACK LEFT-POINTING DOUBLE TRIANGLE WITH VERTICAL BAR
3350	⏮	符号	呈现别名（不重复显示）	⏮️	Emoji·符号与旗帜 / 第 98 行	23ee.png	是	U+23EE	Symbols	av-symbol	unqualified	上一个音轨按钮	BLACK LEFT-POINTING DOUBLE TRIANGLE WITH VERTICAL BAR
3351	🔼	符号	主网格	🔼	Emoji·符号与旗帜 / 第 63 行	1f53c.png	是	U+1F53C	Symbols	av-symbol	fully-qualified	向上三角形按钮	UP-POINTING SMALL RED TRIANGLE
3352	⏫	符号	主网格	⏫	Emoji·符号与旗帜 / 第 95 行	23eb.png	是	U+23EB	Symbols	av-symbol	fully-qualified	快速上升按钮	BLACK UP-POINTING DOUBLE TRIANGLE
3353	🔽	符号	主网格	🔽	Emoji·符号与旗帜 / 第 63 行	1f53d.png	是	U+1F53D	Symbols	av-symbol	fully-qualified	向下三角形按钮	DOWN-POINTING SMALL RED TRIANGLE
3354	⏬	符号	主网格	⏬	Emoji·符号与旗帜 / 第 95 行	23ec.png	是	U+23EC	Symbols	av-symbol	fully-qualified	快速下降按钮	BLACK DOWN-POINTING DOUBLE TRIANGLE
3355	⏸️	符号	主网格	⏸️	Emoji·符号与旗帜 / 第 33 行	23f8.png	是	U+23F8 U+FE0F	Symbols	av-symbol	fully-qualified	暂停按钮	DOUBLE VERTICAL BAR
3356	⏸	符号	呈现别名（不重复显示）	⏸️	Emoji·符号与旗帜 / 第 81 行	23f8.png	是	U+23F8	Symbols	av-symbol	unqualified	暂停按钮	DOUBLE VERTICAL BAR
3357	⏹️	符号	主网格	⏹️	Emoji·符号与旗帜 / 第 93 行	23f9.png	是	U+23F9 U+FE0F	Symbols	av-symbol	fully-qualified	停止按钮	BLACK SQUARE FOR STOP
3358	⏹	符号	呈现别名（不重复显示）	⏹️	Emoji·符号与旗帜 / 第 99 行	23f9.png	是	U+23F9	Symbols	av-symbol	unqualified	停止按钮	BLACK SQUARE FOR STOP
3359	⏺️	符号	主网格	⏺️	Emoji·符号与旗帜 / 第 93 行	23fa.png	是	U+23FA U+FE0F	Symbols	av-symbol	fully-qualified	录制按钮	BLACK CIRCLE FOR RECORD
3360	⏺	符号	呈现别名（不重复显示）	⏺️	Emoji·符号与旗帜 / 第 99 行	23fa.png	是	U+23FA	Symbols	av-symbol	unqualified	录制按钮	BLACK CIRCLE FOR RECORD
3361	⏏️	符号	主网格	⏏️	Emoji·符号与旗帜 / 第 33 行	23cf.png	是	U+23CF U+FE0F	Symbols	av-symbol	fully-qualified	推出按钮	EJECT SYMBOL
3362	⏏	符号	呈现别名（不重复显示）	⏏️	Emoji·符号与旗帜 / 第 80 行	23cf.png	是	U+23CF	Symbols	av-symbol	unqualified	推出按钮	EJECT SYMBOL
3363	🎦	符号	主网格	🎦	Emoji·符号与旗帜 / 第 51 行	1f3a6.png	是	U+1F3A6	Symbols	av-symbol	fully-qualified	电影院	CINEMA
3364	🔅	符号	主网格	🔅	Emoji·符号与旗帜 / 第 60 行	1f505.png	是	U+1F505	Symbols	av-symbol	fully-qualified	低亮度按钮	LOW BRIGHTNESS SYMBOL
3365	🔆	符号	主网格	🔆	Emoji·符号与旗帜 / 第 60 行	1f506.png	是	U+1F506	Symbols	av-symbol	fully-qualified	高亮度按钮	HIGH BRIGHTNESS SYMBOL
3366	📶	符号	主网格	📶	Emoji·动物与自然 / 第 16 行	1f4f6.png	是	U+1F4F6	Symbols	av-symbol	fully-qualified	信号强度条	ANTENNA WITH BARS
3367	🛜	符号	主网格	🛜	Emoji·符号与旗帜 / 第 87 行	1f6dc.png	是	U+1F6DC	Symbols	av-symbol	fully-qualified	无线	WIRELESS
3368	📳	符号	主网格	📳	Emoji·符号与旗帜 / 第 60 行	1f4f3.png	是	U+1F4F3	Symbols	av-symbol	fully-qualified	振动模式	VIBRATION MODE
3369	📴	符号	主网格	📴	Emoji·旅行与物品 / 第 2 行	1f4f4.png	是	U+1F4F4	Symbols	av-symbol	fully-qualified	手机关机	MOBILE PHONE OFF
3370	♀️	符号	主网格	♀️	Emoji·符号与旗帜 / 第 34 行	2640.png	是	U+2640 U+FE0F	Symbols	gender	fully-qualified	女性符号	FEMALE SIGN
3371	♀	符号	呈现别名（不重复显示）	♀️	Emoji·符号与旗帜 / 第 81 行	2640.png	是	U+2640	Symbols	gender	unqualified	女性符号	FEMALE SIGN
3372	♂️	符号	主网格	♂️	Emoji·符号与旗帜 / 第 34 行	2642.png	是	U+2642 U+FE0F	Symbols	gender	fully-qualified	男性符号	MALE SIGN
3373	♂	符号	呈现别名（不重复显示）	♂️	Emoji·符号与旗帜 / 第 81 行	2642.png	是	U+2642	Symbols	gender	unqualified	男性符号	MALE SIGN
3374	⚧️	符号	主网格	⚧️	Emoji·符号与旗帜 / 第 35 行	26a7.png	是	U+26A7 U+FE0F	Symbols	gender	fully-qualified	跨性别符号	MALE WITH STROKE AND MALE AND FEMALE SIGN
3375	⚧	符号	呈现别名（不重复显示）	⚧️	Emoji·符号与旗帜 / 第 82 行	26a7.png	是	U+26A7	Symbols	gender	unqualified	跨性别符号	MALE WITH STROKE AND MALE AND FEMALE SIGN
3376	✖️	符号	主网格	✖️	Emoji·动物与自然 / 动物·哺乳与宠物	2716.png	是	U+2716 U+FE0F	Symbols	math	fully-qualified	乘	HEAVY MULTIPLICATION X
3377	✖	符号	呈现别名（不重复显示）	✖️	Emoji·动物与自然 / 第 14 行	2716.png	是	U+2716	Symbols	math	unqualified	乘	HEAVY MULTIPLICATION X
3378	➕	符号	主网格	➕	Emoji·符号与旗帜 / 第 96 行	2795.png	是	U+2795	Symbols	math	fully-qualified	加	HEAVY PLUS SIGN
3379	➖	符号	主网格	➖	Emoji·符号与旗帜 / 第 96 行	2796.png	是	U+2796	Symbols	math	fully-qualified	减	HEAVY MINUS SIGN
3380	➗	符号	主网格	➗	Emoji·符号与旗帜 / 第 46 行	2797.png	是	U+2797	Symbols	math	fully-qualified	除	HEAVY DIVISION SIGN
3381	🟰	符号	主网格	🟰	Emoji·符号与旗帜 / 第 88 行	1f7f0.png	是	U+1F7F0	Symbols	math	fully-qualified	粗等号	HEAVY EQUALS SIGN
3382	♾️	符号	主网格	♾️	Emoji·表情与人物 / 第 16 行	267e.png	是	U+267E U+FE0F	Symbols	math	fully-qualified	无穷大	PERMANENT PAPER SIGN
3383	♾	符号	呈现别名（不重复显示）	♾️	Emoji·表情与人物 / 第 21 行	267e.png	是	U+267E	Symbols	math	unqualified	无穷大	PERMANENT PAPER SIGN
3384	‼️	符号	主网格	‼️	Emoji·符号与旗帜 / 常用符号	203c.png	是	U+203C U+FE0F	Symbols	punctuation	fully-qualified	双感叹号	DOUBLE EXCLAMATION MARK
3385	‼	符号	呈现别名（不重复显示）	‼️	Emoji·符号与旗帜 / 第 97 行	203c.png	是	U+203C	Symbols	punctuation	unqualified	双感叹号	DOUBLE EXCLAMATION MARK
3386	⁉️	符号	主网格	⁉️	Emoji·符号与旗帜 / 常用符号	2049.png	是	U+2049 U+FE0F	Symbols	punctuation	fully-qualified	感叹疑问号	EXCLAMATION QUESTION MARK
3387	⁉	符号	呈现别名（不重复显示）	⁉️	Emoji·符号与旗帜 / 第 98 行	2049.png	是	U+2049	Symbols	punctuation	unqualified	感叹疑问号	EXCLAMATION QUESTION MARK
3388	❓	符号	主网格	❓	Emoji·符号与旗帜 / 第 96 行	2753.png	是	U+2753	Symbols	punctuation	fully-qualified	红色问号	BLACK QUESTION MARK ORNAMENT
3389	❔	符号	主网格	❔	Emoji·符号与旗帜 / 第 96 行	2754.png	是	U+2754	Symbols	punctuation	fully-qualified	白色问号	WHITE QUESTION MARK ORNAMENT
3390	❕	符号	主网格	❕	Emoji·符号与旗帜 / 第 96 行	2755.png	是	U+2755	Symbols	punctuation	fully-qualified	白色感叹号	WHITE EXCLAMATION MARK ORNAMENT
3391	❗	符号	主网格	❗	Emoji·符号与旗帜 / 第 96 行	2757.png	是	U+2757	Symbols	punctuation	fully-qualified	红色感叹号	HEAVY EXCLAMATION MARK SYMBOL
3392	〰️	符号	主网格	〰️	Emoji·符号与旗帜 / 第 36 行	3030.png	是	U+3030 U+FE0F	Symbols	punctuation	fully-qualified	波浪型破折号	WAVY DASH
3393	〰	符号	呈现别名（不重复显示）	〰️	Emoji·符号与旗帜 / 第 84 行	3030.png	是	U+3030	Symbols	punctuation	unqualified	波浪型破折号	WAVY DASH
3394	💱	符号	主网格	💱	Emoji·符号与旗帜 / 第 57 行	1f4b1.png	是	U+1F4B1	Symbols	currency	fully-qualified	货币兑换	CURRENCY EXCHANGE
3395	💲	符号	主网格	💲	Emoji·符号与旗帜 / 第 57 行	1f4b2.png	是	U+1F4B2	Symbols	currency	fully-qualified	粗美元符号	HEAVY DOLLAR SIGN
3396	⚕️	符号	主网格	⚕️	Emoji·符号与旗帜 / 第 35 行	2695.png	是	U+2695 U+FE0F	Symbols	other-symbol	fully-qualified	医疗标志	STAFF OF AESCULAPIUS
3397	⚕	符号	呈现别名（不重复显示）	⚕️	Emoji·符号与旗帜 / 第 82 行	2695.png	是	U+2695	Symbols	other-symbol	unqualified	医疗标志	STAFF OF AESCULAPIUS
3398	♻️	符号	主网格	♻️	Emoji·符号与旗帜 / 第 94 行	267b.png	是	U+267B U+FE0F	Symbols	other-symbol	fully-qualified	回收标志	BLACK UNIVERSAL RECYCLING SYMBOL
3399	♻	符号	呈现别名（不重复显示）	♻️	Emoji·符号与旗帜 / 第 99 行	267b.png	是	U+267B	Symbols	other-symbol	unqualified	回收标志	BLACK UNIVERSAL RECYCLING SYMBOL
3400	⚜️	符号	主网格	⚜️	Emoji·符号与旗帜 / 第 35 行	269c.png	是	U+269C U+FE0F	Symbols	other-symbol	fully-qualified	百合花饰	FLEUR-DE-LIS
3401	⚜	符号	呈现别名（不重复显示）	⚜️	Emoji·符号与旗帜 / 第 82 行	269c.png	是	U+269C	Symbols	other-symbol	unqualified	百合花饰	FLEUR-DE-LIS
3402	🔱	符号	主网格	🔱	Emoji·符号与旗帜 / 第 62 行	1f531.png	是	U+1F531	Symbols	other-symbol	fully-qualified	三叉戟徽章	TRIDENT EMBLEM
3403	📛	符号	主网格	📛	Emoji·符号与旗帜 / 第 59 行	1f4db.png	是	U+1F4DB	Symbols	other-symbol	fully-qualified	姓名牌	NAME BADGE
3404	🔰	符号	主网格	🔰	Emoji·符号与旗帜 / 第 62 行	1f530.png	是	U+1F530	Symbols	other-symbol	fully-qualified	日本新手驾驶标志	JAPANESE SYMBOL FOR BEGINNER
3405	⭕	符号	主网格	⭕	Emoji·符号与旗帜 / 第 46 行	2b55.png	是	U+2B55	Symbols	other-symbol	fully-qualified	红色空心圆圈	HEAVY LARGE CIRCLE
3406	✅	符号	主网格	✅	Emoji·符号与旗帜 / 第 96 行	2705.png	是	U+2705	Symbols	other-symbol	fully-qualified	勾号按钮	WHITE HEAVY CHECK MARK
3407	☑️	符号	主网格	☑️	Emoji·食物与活动 / 活动与娱乐	2611.png	是	U+2611 U+FE0F	Symbols	other-symbol	fully-qualified	勾选框	BALLOT BOX WITH CHECK
3408	☑	符号	呈现别名（不重复显示）	☑️	Emoji·食物与活动 / 第 13 行	2611.png	是	U+2611	Symbols	other-symbol	unqualified	勾选框	BALLOT BOX WITH CHECK
3409	✔️	符号	主网格	✔️	Emoji·符号与旗帜 / 第 94 行	2714.png	是	U+2714 U+FE0F	Symbols	other-symbol	fully-qualified	勾号	HEAVY CHECK MARK
3410	✔	符号	呈现别名（不重复显示）	✔️	Emoji·符号与旗帜 / 第 100 行	2714.png	是	U+2714	Symbols	other-symbol	unqualified	勾号	HEAVY CHECK MARK
3411	❌	符号	主网格	❌	Emoji·符号与旗帜 / 第 96 行	274c.png	是	U+274C	Symbols	other-symbol	fully-qualified	叉号	CROSS MARK
3412	❎	符号	主网格	❎	Emoji·符号与旗帜 / 第 96 行	274e.png	是	U+274E	Symbols	other-symbol	fully-qualified	叉号按钮	NEGATIVE SQUARED CROSS MARK
3413	➰	符号	主网格	➰	Emoji·符号与旗帜 / 第 46 行	27b0.png	是	U+27B0	Symbols	other-symbol	fully-qualified	卷曲环	CURLY LOOP
3414	➿	符号	主网格	➿	Emoji·符号与旗帜 / 第 46 行	27bf.png	是	U+27BF	Symbols	other-symbol	fully-qualified	双卷曲环	DOUBLE CURLY LOOP
3415	〽️	符号	主网格	〽️	Emoji·食物与活动 / 其他食物与活动	303d.png	是	U+303D U+FE0F	Symbols	other-symbol	fully-qualified	庵点	PART ALTERNATION MARK
3416	〽	符号	呈现别名（不重复显示）	〽️	Emoji·食物与活动 / 第 6 行	303d.png	是	U+303D	Symbols	other-symbol	unqualified	庵点	PART ALTERNATION MARK
3417	✳️	符号	主网格	✳️	Emoji·符号与旗帜 / 第 36 行	2733.png	是	U+2733 U+FE0F	Symbols	other-symbol	fully-qualified	八轮辐星号	EIGHT SPOKED ASTERISK
3418	✳	符号	呈现别名（不重复显示）	✳️	Emoji·符号与旗帜 / 第 83 行	2733.png	是	U+2733	Symbols	other-symbol	unqualified	八轮辐星号	EIGHT SPOKED ASTERISK
3419	✴️	符号	主网格	✴️	Emoji·动物与自然 / 天气与天体	2734.png	是	U+2734 U+FE0F	Symbols	other-symbol	fully-qualified	八角星	EIGHT POINTED BLACK STAR
3420	✴	符号	呈现别名（不重复显示）	✴️	Emoji·动物与自然 / 第 12 行	2734.png	是	U+2734	Symbols	other-symbol	unqualified	八角星	EIGHT POINTED BLACK STAR
3421	❇️	符号	主网格	❇️	Emoji·符号与旗帜 / 第 36 行	2747.png	是	U+2747 U+FE0F	Symbols	other-symbol	fully-qualified	火花	SPARKLE
3422	❇	符号	呈现别名（不重复显示）	❇️	Emoji·符号与旗帜 / 第 84 行	2747.png	是	U+2747	Symbols	other-symbol	unqualified	火花	SPARKLE
3423	©️	符号	主网格	©️	Emoji·符号与旗帜 / 第 33 行	a9.png	是	U+00A9 U+FE0F	Symbols	other-symbol	fully-qualified	版权	COPYRIGHT SIGN
3424	©	符号	呈现别名（不重复显示）	©️	Emoji·符号与旗帜 / 第 80 行	a9.png	是	U+00A9	Symbols	other-symbol	unqualified	版权	COPYRIGHT SIGN
3425	®️	符号	主网格	®️	Emoji·符号与旗帜 / 第 33 行	ae.png	是	U+00AE U+FE0F	Symbols	other-symbol	fully-qualified	注册	REGISTERED SIGN
3426	®	符号	呈现别名（不重复显示）	®️	Emoji·符号与旗帜 / 第 80 行	ae.png	是	U+00AE	Symbols	other-symbol	unqualified	注册	REGISTERED SIGN
3427	™️	符号	主网格	™️	Emoji·符号与旗帜 / 第 33 行	2122.png	是	U+2122 U+FE0F	Symbols	other-symbol	fully-qualified	商标	TRADE MARK SIGN
3428	™	符号	呈现别名（不重复显示）	™️	Emoji·符号与旗帜 / 第 80 行	2122.png	是	U+2122	Symbols	other-symbol	unqualified	商标	TRADE MARK SIGN
3429	🫟	符号	主网格	🫟	Emoji·符号与旗帜 / 第 90 行	1fadf.png	是	U+1FADF	Symbols	other-symbol	fully-qualified	泼溅	U+1FADF
3430	#️⃣	符号	主网格	#️⃣	Emoji·旅行与物品 / 物品与日常	23-20e3.png	是	U+0023 U+FE0F U+20E3	Symbols	keycap	fully-qualified	数字符号、组合EnclosingKeycap	NUMBER SIGN / COMBINING ENCLOSING KEYCAP
3431	*️⃣	符号	主网格	*️⃣	Emoji·旅行与物品 / 物品与日常	2a-20e3.png	是	U+002A U+FE0F U+20E3	Symbols	keycap	fully-qualified	Asterisk、组合EnclosingKeycap	ASTERISK / COMBINING ENCLOSING KEYCAP
3432	0️⃣	符号	主网格	0️⃣	Emoji·旅行与物品 / 物品与日常	30-20e3.png	是	U+0030 U+FE0F U+20E3	Symbols	keycap	fully-qualified	按键: 0	DIGIT ZERO / COMBINING ENCLOSING KEYCAP
3433	1️⃣	符号	主网格	1️⃣	Emoji·旅行与物品 / 物品与日常	31-20e3.png	是	U+0031 U+FE0F U+20E3	Symbols	keycap	fully-qualified	按键: 1	DIGIT ONE / COMBINING ENCLOSING KEYCAP
3434	2️⃣	符号	主网格	2️⃣	Emoji·旅行与物品 / 物品与日常	32-20e3.png	是	U+0032 U+FE0F U+20E3	Symbols	keycap	fully-qualified	按键: 2	DIGIT TWO / COMBINING ENCLOSING KEYCAP
3435	3️⃣	符号	主网格	3️⃣	Emoji·旅行与物品 / 物品与日常	33-20e3.png	是	U+0033 U+FE0F U+20E3	Symbols	keycap	fully-qualified	按键: 3	DIGIT THREE / COMBINING ENCLOSING KEYCAP
3436	4️⃣	符号	主网格	4️⃣	Emoji·旅行与物品 / 物品与日常	34-20e3.png	是	U+0034 U+FE0F U+20E3	Symbols	keycap	fully-qualified	按键: 4	DIGIT FOUR / COMBINING ENCLOSING KEYCAP
3437	5️⃣	符号	主网格	5️⃣	Emoji·旅行与物品 / 物品与日常	35-20e3.png	是	U+0035 U+FE0F U+20E3	Symbols	keycap	fully-qualified	按键: 5	DIGIT FIVE / COMBINING ENCLOSING KEYCAP
3438	6️⃣	符号	主网格	6️⃣	Emoji·旅行与物品 / 物品与日常	36-20e3.png	是	U+0036 U+FE0F U+20E3	Symbols	keycap	fully-qualified	按键: 6	DIGIT SIX / COMBINING ENCLOSING KEYCAP
3439	7️⃣	符号	主网格	7️⃣	Emoji·旅行与物品 / 物品与日常	37-20e3.png	是	U+0037 U+FE0F U+20E3	Symbols	keycap	fully-qualified	按键: 7	DIGIT SEVEN / COMBINING ENCLOSING KEYCAP
3440	8️⃣	符号	主网格	8️⃣	Emoji·旅行与物品 / 第 18 行	38-20e3.png	是	U+0038 U+FE0F U+20E3	Symbols	keycap	fully-qualified	按键: 8	DIGIT EIGHT / COMBINING ENCLOSING KEYCAP
3441	9️⃣	符号	主网格	9️⃣	Emoji·旅行与物品 / 第 18 行	39-20e3.png	是	U+0039 U+FE0F U+20E3	Symbols	keycap	fully-qualified	按键: 9	DIGIT NINE / COMBINING ENCLOSING KEYCAP
3442	🔟	符号	主网格	🔟	Emoji·旅行与物品 / 第 19 行	1f51f.png	是	U+1F51F	Symbols	keycap	fully-qualified	Keycap十	KEYCAP TEN
3443	🔠	符号	主网格	🔠	Emoji·符号与旗帜 / 第 61 行	1f520.png	是	U+1F520	Symbols	alphanum	fully-qualified	输入大写拉丁字母	INPUT SYMBOL FOR LATIN CAPITAL LETTERS
3444	🔡	符号	主网格	🔡	Emoji·符号与旗帜 / 第 61 行	1f521.png	是	U+1F521	Symbols	alphanum	fully-qualified	输入小写拉丁字母	INPUT SYMBOL FOR LATIN SMALL LETTERS
3445	🔢	符号	主网格	🔢	Emoji·符号与旗帜 / 第 61 行	1f522.png	是	U+1F522	Symbols	alphanum	fully-qualified	输入数字	INPUT SYMBOL FOR NUMBERS
3446	🔣	符号	主网格	🔣	Emoji·符号与旗帜 / 第 61 行	1f523.png	是	U+1F523	Symbols	alphanum	fully-qualified	输入符号	INPUT SYMBOL FOR SYMBOLS
3447	🔤	符号	主网格	🔤	Emoji·符号与旗帜 / 第 62 行	1f524.png	是	U+1F524	Symbols	alphanum	fully-qualified	输入拉丁字母	INPUT SYMBOL FOR LATIN LETTERS
3448	🅰️	符号	主网格	🅰️	Emoji·符号与旗帜 / 第 36 行	1f170.png	是	U+1F170 U+FE0F	Symbols	alphanum	fully-qualified	A型血	NEGATIVE SQUARED LATIN CAPITAL LETTER A
3449	🅰	符号	呈现别名（不重复显示）	🅰️	Emoji·符号与旗帜 / 第 84 行	1f170.png	是	U+1F170	Symbols	alphanum	unqualified	A型血	NEGATIVE SQUARED LATIN CAPITAL LETTER A
3450	🆎	符号	主网格	🆎	Emoji·符号与旗帜 / 第 47 行	1f18e.png	是	U+1F18E	Symbols	alphanum	fully-qualified	AB型血	NEGATIVE SQUARED AB
3451	🅱️	符号	主网格	🅱️	Emoji·符号与旗帜 / 第 37 行	1f171.png	是	U+1F171 U+FE0F	Symbols	alphanum	fully-qualified	B型血	NEGATIVE SQUARED LATIN CAPITAL LETTER B
3452	🅱	符号	呈现别名（不重复显示）	🅱️	Emoji·符号与旗帜 / 第 84 行	1f171.png	是	U+1F171	Symbols	alphanum	unqualified	B型血	NEGATIVE SQUARED LATIN CAPITAL LETTER B
3453	🆑	符号	主网格	🆑	Emoji·符号与旗帜 / 第 47 行	1f191.png	是	U+1F191	Symbols	alphanum	fully-qualified	CL按钮	SQUARED CL
3454	🆒	符号	主网格	🆒	Emoji·符号与旗帜 / 第 47 行	1f192.png	是	U+1F192	Symbols	alphanum	fully-qualified	cool按钮	SQUARED COOL
3455	🆓	符号	主网格	🆓	Emoji·符号与旗帜 / 第 47 行	1f193.png	是	U+1F193	Symbols	alphanum	fully-qualified	免费按钮	SQUARED FREE
3456	ℹ️	符号	主网格	ℹ️	Emoji·符号与旗帜 / 第 33 行	2139.png	是	U+2139 U+FE0F	Symbols	alphanum	fully-qualified	信息	INFORMATION SOURCE
3457	ℹ	符号	呈现别名（不重复显示）	ℹ️	Emoji·符号与旗帜 / 第 80 行	2139.png	是	U+2139	Symbols	alphanum	unqualified	信息	INFORMATION SOURCE
3458	🆔	符号	主网格	🆔	Emoji·符号与旗帜 / 第 47 行	1f194.png	是	U+1F194	Symbols	alphanum	fully-qualified	ID按钮	SQUARED ID
3459	Ⓜ️	符号	主网格	Ⓜ️	Emoji·符号与旗帜 / 第 33 行	24c2.png	是	U+24C2 U+FE0F	Symbols	alphanum	fully-qualified	圆圈包围的M	CIRCLED LATIN CAPITAL LETTER M
3460	Ⓜ	符号	呈现别名（不重复显示）	Ⓜ️	Emoji·符号与旗帜 / 第 81 行	24c2.png	是	U+24C2	Symbols	alphanum	unqualified	圆圈包围的M	CIRCLED LATIN CAPITAL LETTER M
3461	🆕	符号	主网格	🆕	Emoji·符号与旗帜 / 第 47 行	1f195.png	是	U+1F195	Symbols	alphanum	fully-qualified	new按钮	SQUARED NEW
3462	🆖	符号	主网格	🆖	Emoji·符号与旗帜 / 第 47 行	1f196.png	是	U+1F196	Symbols	alphanum	fully-qualified	NG按钮	SQUARED NG
3463	🅾️	符号	主网格	🅾️	Emoji·符号与旗帜 / 第 37 行	1f17e.png	是	U+1F17E U+FE0F	Symbols	alphanum	fully-qualified	O 型血	NEGATIVE SQUARED LATIN CAPITAL LETTER O
3464	🅾	符号	呈现别名（不重复显示）	🅾️	Emoji·符号与旗帜 / 第 84 行	1f17e.png	是	U+1F17E	Symbols	alphanum	unqualified	O 型血	NEGATIVE SQUARED LATIN CAPITAL LETTER O
3465	🆗	符号	主网格	🆗	Emoji·符号与旗帜 / 第 47 行	1f197.png	是	U+1F197	Symbols	alphanum	fully-qualified	OK按钮	SQUARED OK
3466	🅿️	符号	主网格	🅿️	Emoji·符号与旗帜 / 第 37 行	1f17f.png	是	U+1F17F U+FE0F	Symbols	alphanum	fully-qualified	停车按钮	NEGATIVE SQUARED LATIN CAPITAL LETTER P
3467	🅿	符号	呈现别名（不重复显示）	🅿️	Emoji·符号与旗帜 / 第 84 行	1f17f.png	是	U+1F17F	Symbols	alphanum	unqualified	停车按钮	NEGATIVE SQUARED LATIN CAPITAL LETTER P
3468	🆘	符号	主网格	🆘	Emoji·符号与旗帜 / 第 47 行	1f198.png	是	U+1F198	Symbols	alphanum	fully-qualified	SOS按钮	SQUARED SOS
3469	🆙	符号	主网格	🆙	Emoji·符号与旗帜 / 第 96 行	1f199.png	是	U+1F199	Symbols	alphanum	fully-qualified	up按钮	SQUARED UP WITH EXCLAMATION MARK
3470	🆚	符号	主网格	🆚	Emoji·符号与旗帜 / 第 47 行	1f19a.png	是	U+1F19A	Symbols	alphanum	fully-qualified	VS按钮	SQUARED VS
3471	🈁	符号	主网格	🈁	Emoji·符号与旗帜 / 第 47 行	1f201.png	是	U+1F201	Symbols	alphanum	fully-qualified	日文的“这里”按钮	SQUARED KATAKANA KOKO
3472	🈂️	符号	主网格	🈂️	Emoji·符号与旗帜 / 第 37 行	1f202.png	是	U+1F202 U+FE0F	Symbols	alphanum	fully-qualified	日文的“服务费”按钮	SQUARED KATAKANA SA
3473	🈂	符号	呈现别名（不重复显示）	🈂️	Emoji·符号与旗帜 / 第 84 行	1f202.png	是	U+1F202	Symbols	alphanum	unqualified	日文的“服务费”按钮	SQUARED KATAKANA SA
3474	🈷️	符号	主网格	🈷️	Emoji·符号与旗帜 / 第 37 行	1f237.png	是	U+1F237 U+FE0F	Symbols	alphanum	fully-qualified	日文的“月总量”按钮	SQUARED CJK UNIFIED IDEOGRAPH-6708
3475	🈷	符号	呈现别名（不重复显示）	🈷️	Emoji·符号与旗帜 / 第 84 行	1f237.png	是	U+1F237	Symbols	alphanum	unqualified	日文的“月总量”按钮	SQUARED CJK UNIFIED IDEOGRAPH-6708
3476	🈶	符号	主网格	🈶	Emoji·符号与旗帜 / 第 48 行	1f236.png	是	U+1F236	Symbols	alphanum	fully-qualified	日文的“收费”按钮	SQUARED CJK UNIFIED IDEOGRAPH-6709
3477	🈯	符号	主网格	🈯	Emoji·符号与旗帜 / 第 48 行	1f22f.png	是	U+1F22F	Symbols	alphanum	fully-qualified	日文的“预留”按钮	SQUARED CJK UNIFIED IDEOGRAPH-6307
3478	🉐	符号	主网格	🉐	Emoji·动物与自然 / 动物·昆虫与爬行	1f250.png	是	U+1F250	Symbols	alphanum	fully-qualified	日文的“议价”按钮	CIRCLED IDEOGRAPH ADVANTAGE
3479	🈹	符号	主网格	🈹	Emoji·符号与旗帜 / 第 48 行	1f239.png	是	U+1F239	Symbols	alphanum	fully-qualified	日文的“打折”按钮	SQUARED CJK UNIFIED IDEOGRAPH-5272
3480	🈚	符号	主网格	🈚	Emoji·符号与旗帜 / 第 47 行	1f21a.png	是	U+1F21A	Symbols	alphanum	fully-qualified	日文的“免费”按钮	SQUARED CJK UNIFIED IDEOGRAPH-7121
3481	🈲	符号	主网格	🈲	Emoji·符号与旗帜 / 第 48 行	1f232.png	是	U+1F232	Symbols	alphanum	fully-qualified	日文的“禁止”按钮	SQUARED CJK UNIFIED IDEOGRAPH-7981
3482	🉑	符号	主网格	🉑	Emoji·符号与旗帜 / 第 48 行	1f251.png	是	U+1F251	Symbols	alphanum	fully-qualified	日文的“可接受”按钮	CIRCLED IDEOGRAPH ACCEPT
3483	🈸	符号	主网格	🈸	Emoji·符号与旗帜 / 第 48 行	1f238.png	是	U+1F238	Symbols	alphanum	fully-qualified	日文的“申请”按钮	SQUARED CJK UNIFIED IDEOGRAPH-7533
3484	🈴	符号	主网格	🈴	Emoji·符号与旗帜 / 第 48 行	1f234.png	是	U+1F234	Symbols	alphanum	fully-qualified	日文的“合格”按钮	SQUARED CJK UNIFIED IDEOGRAPH-5408
3485	🈳	符号	主网格	🈳	Emoji·符号与旗帜 / 第 48 行	1f233.png	是	U+1F233	Symbols	alphanum	fully-qualified	日文的“有空位”按钮	SQUARED CJK UNIFIED IDEOGRAPH-7A7A
3486	㊗️	符号	主网格	㊗️	Emoji·符号与旗帜 / 第 36 行	3297.png	是	U+3297 U+FE0F	Symbols	alphanum	fully-qualified	日文的“祝贺”按钮	CIRCLED IDEOGRAPH CONGRATULATION
3487	㊗	符号	呈现别名（不重复显示）	㊗️	Emoji·符号与旗帜 / 第 84 行	3297.png	是	U+3297	Symbols	alphanum	unqualified	日文的“祝贺”按钮	CIRCLED IDEOGRAPH CONGRATULATION
3488	㊙️	符号	主网格	㊙️	Emoji·符号与旗帜 / 第 36 行	3299.png	是	U+3299 U+FE0F	Symbols	alphanum	fully-qualified	日文的“秘密”按钮	CIRCLED IDEOGRAPH SECRET
3489	㊙	符号	呈现别名（不重复显示）	㊙️	Emoji·符号与旗帜 / 第 84 行	3299.png	是	U+3299	Symbols	alphanum	unqualified	日文的“秘密”按钮	CIRCLED IDEOGRAPH SECRET
3490	🈺	符号	主网格	🈺	Emoji·符号与旗帜 / 第 48 行	1f23a.png	是	U+1F23A	Symbols	alphanum	fully-qualified	日文的“开始营业”按钮	SQUARED CJK UNIFIED IDEOGRAPH-55B6
3491	🈵	符号	主网格	🈵	Emoji·符号与旗帜 / 第 48 行	1f235.png	是	U+1F235	Symbols	alphanum	fully-qualified	日文的“没有空位”按钮	SQUARED CJK UNIFIED IDEOGRAPH-6E80
3492	🔴	符号	主网格	🔴	Emoji·符号与旗帜 / 第 62 行	1f534.png	是	U+1F534	Symbols	geometric	fully-qualified	红色圆	LARGE RED CIRCLE
3493	🟠	符号	主网格	🟠	Emoji·食物与活动 / 第 4 行	1f7e0.png	是	U+1F7E0	Symbols	geometric	fully-qualified	橙色圆	LARGE ORANGE CIRCLE
3494	🟡	符号	主网格	🟡	Emoji·符号与旗帜 / 第 67 行	1f7e1.png	是	U+1F7E1	Symbols	geometric	fully-qualified	黄色圆	LARGE YELLOW CIRCLE
3495	🟢	符号	主网格	🟢	Emoji·符号与旗帜 / 第 67 行	1f7e2.png	是	U+1F7E2	Symbols	geometric	fully-qualified	绿色圆	LARGE GREEN CIRCLE
3496	🔵	符号	主网格	🔵	Emoji·符号与旗帜 / 第 62 行	1f535.png	是	U+1F535	Symbols	geometric	fully-qualified	蓝色圆	LARGE BLUE CIRCLE
3497	🟣	符号	主网格	🟣	Emoji·符号与旗帜 / 第 67 行	1f7e3.png	是	U+1F7E3	Symbols	geometric	fully-qualified	紫色圆	LARGE PURPLE CIRCLE
3498	🟤	符号	主网格	🟤	Emoji·符号与旗帜 / 第 67 行	1f7e4.png	是	U+1F7E4	Symbols	geometric	fully-qualified	棕色圆	LARGE BROWN CIRCLE
3499	⚫	符号	主网格	⚫	Emoji·符号与旗帜 / 第 95 行	26ab.png	是	U+26AB	Symbols	geometric	fully-qualified	黑色圆	MEDIUM BLACK CIRCLE
3500	⚪	符号	主网格	⚪	Emoji·符号与旗帜 / 第 95 行	26aa.png	是	U+26AA	Symbols	geometric	fully-qualified	白色圆	MEDIUM WHITE CIRCLE
3501	🟥	符号	主网格	🟥	Emoji·符号与旗帜 / 第 67 行	1f7e5.png	是	U+1F7E5	Symbols	geometric	fully-qualified	红色方块	LARGE RED SQUARE
3502	🟧	符号	主网格	🟧	Emoji·食物与活动 / 第 4 行	1f7e7.png	是	U+1F7E7	Symbols	geometric	fully-qualified	橙色方块	LARGE ORANGE SQUARE
3503	🟨	符号	主网格	🟨	Emoji·符号与旗帜 / 第 67 行	1f7e8.png	是	U+1F7E8	Symbols	geometric	fully-qualified	黄色方块	LARGE YELLOW SQUARE
3504	🟩	符号	主网格	🟩	Emoji·符号与旗帜 / 第 67 行	1f7e9.png	是	U+1F7E9	Symbols	geometric	fully-qualified	绿色方块	LARGE GREEN SQUARE
3505	🟦	符号	主网格	🟦	Emoji·符号与旗帜 / 第 67 行	1f7e6.png	是	U+1F7E6	Symbols	geometric	fully-qualified	蓝色方块	LARGE BLUE SQUARE
3506	🟪	符号	主网格	🟪	Emoji·符号与旗帜 / 第 67 行	1f7ea.png	是	U+1F7EA	Symbols	geometric	fully-qualified	紫色方块	LARGE PURPLE SQUARE
3507	🟫	符号	主网格	🟫	Emoji·符号与旗帜 / 第 67 行	1f7eb.png	是	U+1F7EB	Symbols	geometric	fully-qualified	棕色方块	LARGE BROWN SQUARE
3508	⬛	符号	主网格	⬛	Emoji·符号与旗帜 / 第 96 行	2b1b.png	是	U+2B1B	Symbols	geometric	fully-qualified	黑线大方框	BLACK LARGE SQUARE
3509	⬜	符号	主网格	⬜	Emoji·符号与旗帜 / 第 96 行	2b1c.png	是	U+2B1C	Symbols	geometric	fully-qualified	白线大方框	WHITE LARGE SQUARE
3510	◼️	符号	主网格	◼️	Emoji·符号与旗帜 / 第 93 行	25fc.png	是	U+25FC U+FE0F	Symbols	geometric	fully-qualified	黑色中方块	BLACK MEDIUM SQUARE
3511	◼	符号	呈现别名（不重复显示）	◼️	Emoji·符号与旗帜 / 第 99 行	25fc.png	是	U+25FC	Symbols	geometric	unqualified	黑色中方块	BLACK MEDIUM SQUARE
3512	◻️	符号	主网格	◻️	Emoji·符号与旗帜 / 第 93 行	25fb.png	是	U+25FB U+FE0F	Symbols	geometric	fully-qualified	白色中方块	WHITE MEDIUM SQUARE
3513	◻	符号	呈现别名（不重复显示）	◻️	Emoji·符号与旗帜 / 第 99 行	25fb.png	是	U+25FB	Symbols	geometric	unqualified	白色中方块	WHITE MEDIUM SQUARE
3514	◾	符号	主网格	◾	Emoji·符号与旗帜 / 第 95 行	25fe.png	是	U+25FE	Symbols	geometric	fully-qualified	黑色中小方块	BLACK MEDIUM SMALL SQUARE
3515	◽	符号	主网格	◽	Emoji·符号与旗帜 / 第 95 行	25fd.png	是	U+25FD	Symbols	geometric	fully-qualified	白色中小方块	WHITE MEDIUM SMALL SQUARE
3516	▪️	符号	主网格	▪️	Emoji·符号与旗帜 / 第 93 行	25aa.png	是	U+25AA U+FE0F	Symbols	geometric	fully-qualified	黑色小方块	BLACK SMALL SQUARE
3517	▪	符号	呈现别名（不重复显示）	▪️	Emoji·符号与旗帜 / 第 99 行	25aa.png	是	U+25AA	Symbols	geometric	unqualified	黑色小方块	BLACK SMALL SQUARE
3518	▫️	符号	主网格	▫️	Emoji·符号与旗帜 / 第 93 行	25ab.png	是	U+25AB U+FE0F	Symbols	geometric	fully-qualified	白色小方块	WHITE SMALL SQUARE
3519	▫	符号	呈现别名（不重复显示）	▫️	Emoji·符号与旗帜 / 第 99 行	25ab.png	是	U+25AB	Symbols	geometric	unqualified	白色小方块	WHITE SMALL SQUARE
3520	🔶	符号	主网格	🔶	Emoji·食物与活动 / 第 4 行	1f536.png	是	U+1F536	Symbols	geometric	fully-qualified	橙色大菱形	LARGE ORANGE DIAMOND
3521	🔷	符号	主网格	🔷	Emoji·符号与旗帜 / 第 62 行	1f537.png	是	U+1F537	Symbols	geometric	fully-qualified	蓝色大菱形	LARGE BLUE DIAMOND
3522	🔸	符号	主网格	🔸	Emoji·食物与活动 / 第 4 行	1f538.png	是	U+1F538	Symbols	geometric	fully-qualified	橙色小菱形	SMALL ORANGE DIAMOND
3523	🔹	符号	主网格	🔹	Emoji·符号与旗帜 / 第 62 行	1f539.png	是	U+1F539	Symbols	geometric	fully-qualified	蓝色小菱形	SMALL BLUE DIAMOND
3524	🔺	符号	主网格	🔺	Emoji·符号与旗帜 / 第 62 行	1f53a.png	是	U+1F53A	Symbols	geometric	fully-qualified	红色正三角	UP-POINTING RED TRIANGLE
3525	🔻	符号	主网格	🔻	Emoji·符号与旗帜 / 第 63 行	1f53b.png	是	U+1F53B	Symbols	geometric	fully-qualified	红色倒三角	DOWN-POINTING RED TRIANGLE
3526	💠	符号	主网格	💠	Emoji·符号与旗帜 / 第 56 行	1f4a0.png	是	U+1F4A0	Symbols	geometric	fully-qualified	带圆点的菱形	DIAMOND SHAPE WITH A DOT INSIDE
3527	🔘	符号	主网格	🔘	Emoji·旅行与物品 / 第 7 行	1f518.png	是	U+1F518	Symbols	geometric	fully-qualified	单选按钮	RADIO BUTTON
3528	🔳	符号	主网格	🔳	Emoji·符号与旗帜 / 第 97 行	1f533.png	是	U+1F533	Symbols	geometric	fully-qualified	白色方形按钮	WHITE SQUARE BUTTON
3529	🔲	符号	主网格	🔲	Emoji·符号与旗帜 / 第 97 行	1f532.png	是	U+1F532	Symbols	geometric	fully-qualified	黑色方形按钮	BLACK SQUARE BUTTON
3530	🏁	旗帜	主网格	🏁	Emoji·符号与旗帜 / 第 25 行	1f3c1.png	是	U+1F3C1	Flags	flag	fully-qualified	黑白方格旗	CHEQUERED FLAG
3531	🚩	旗帜	主网格	🚩	Emoji·符号与旗帜 / 第 25 行	1f6a9.png	是	U+1F6A9	Flags	flag	fully-qualified	三角旗	TRIANGULAR FLAG ON POST
3532	🎌	旗帜	主网格	🎌	Emoji·符号与旗帜 / 第 25 行	1f38c.png	是	U+1F38C	Flags	flag	fully-qualified	交叉旗	CROSSED FLAGS
3533	🏴	旗帜	主网格	🏴	Emoji·符号与旗帜 / 第 25 行	1f3f4.png	是	U+1F3F4	Flags	flag	fully-qualified	黑旗	WAVING BLACK FLAG
3534	🏳️	旗帜	主网格	🏳️	Emoji·符号与旗帜 / 旗帜	1f3f3.png	是	U+1F3F3 U+FE0F	Flags	flag	fully-qualified	白旗	WAVING WHITE FLAG
3535	🏳	旗帜	呈现别名（不重复显示）	🏳️	Emoji·符号与旗帜 / 第 25 行	1f3f3.png	是	U+1F3F3	Flags	flag	unqualified	白旗	WAVING WHITE FLAG
3536	🏳️‍🌈	旗帜	主网格	🏳️‍🌈	Emoji·符号与旗帜 / 旗帜	1f3f3-200d-1f308.png	是	U+1F3F3 U+FE0F U+200D U+1F308	Flags	flag	fully-qualified	彩虹旗	WAVING WHITE FLAG / RAINBOW
3537	🏳️‍⚧️	旗帜	主网格	🏳️‍⚧️	Emoji·符号与旗帜 / 旗帜	1f3f3-200d-26a7.png	是	U+1F3F3 U+FE0F U+200D U+26A7 U+FE0F	Flags	flag	fully-qualified	跨性别旗	WAVING WHITE FLAG / MALE WITH STROKE AND MALE AND FEMALE SIGN
3538	🏴‍☠️	旗帜	主网格	🏴‍☠️	Emoji·符号与旗帜 / 旗帜	1f3f4-200d-2620.png	是	U+1F3F4 U+200D U+2620 U+FE0F	Flags	flag	fully-qualified	海盗旗	WAVING BLACK FLAG / SKULL AND CROSSBONES
3539	🇦🇨	旗帜	主网格	🇦🇨	Emoji·符号与旗帜 / 国家和地区旗帜（Unicode 17.0）	1f1e6-1f1e8.png	是	U+1F1E6 U+1F1E8	Flags	country-flag	fully-qualified	阿森松岛国旗	FLAG: AC
3540	🇦🇩	旗帜	主网格	🇦🇩	Emoji·符号与旗帜 / 国家和地区旗帜（Unicode 17.0）	1f1e6-1f1e9.png	是	U+1F1E6 U+1F1E9	Flags	country-flag	fully-qualified	安道尔国旗	FLAG: AD
3541	🇦🇪	旗帜	主网格	🇦🇪	Emoji·符号与旗帜 / 国家和地区旗帜（Unicode 17.0）	1f1e6-1f1ea.png	是	U+1F1E6 U+1F1EA	Flags	country-flag	fully-qualified	阿拉伯联合酋长国国旗	FLAG: AE
3542	🇦🇫	旗帜	主网格	🇦🇫	Emoji·符号与旗帜 / 国家和地区旗帜（Unicode 17.0）	1f1e6-1f1eb.png	是	U+1F1E6 U+1F1EB	Flags	country-flag	fully-qualified	阿富汗国旗	FLAG: AF
3543	🇦🇬	旗帜	主网格	🇦🇬	Emoji·符号与旗帜 / 国家和地区旗帜（Unicode 17.0）	1f1e6-1f1ec.png	是	U+1F1E6 U+1F1EC	Flags	country-flag	fully-qualified	安提瓜和巴布达国旗	FLAG: AG
3544	🇦🇮	旗帜	主网格	🇦🇮	Emoji·符号与旗帜 / 国家和地区旗帜（Unicode 17.0）	1f1e6-1f1ee.png	是	U+1F1E6 U+1F1EE	Flags	country-flag	fully-qualified	安圭拉国旗	FLAG: AI
3545	🇦🇱	旗帜	主网格	🇦🇱	Emoji·符号与旗帜 / 国家和地区旗帜（Unicode 17.0）	1f1e6-1f1f1.png	是	U+1F1E6 U+1F1F1	Flags	country-flag	fully-qualified	阿尔巴尼亚国旗	FLAG: AL
3546	🇦🇲	旗帜	主网格	🇦🇲	Emoji·符号与旗帜 / 国家和地区旗帜（Unicode 17.0）	1f1e6-1f1f2.png	是	U+1F1E6 U+1F1F2	Flags	country-flag	fully-qualified	亚美尼亚国旗	FLAG: AM
3547	🇦🇴	旗帜	主网格	🇦🇴	Emoji·符号与旗帜 / 国家和地区旗帜（Unicode 17.0）	1f1e6-1f1f4.png	是	U+1F1E6 U+1F1F4	Flags	country-flag	fully-qualified	安哥拉国旗	FLAG: AO
3548	🇦🇶	旗帜	主网格	🇦🇶	Emoji·符号与旗帜 / 国家和地区旗帜（Unicode 17.0）	1f1e6-1f1f6.png	是	U+1F1E6 U+1F1F6	Flags	country-flag	fully-qualified	南极洲国旗	FLAG: AQ
3549	🇦🇷	旗帜	主网格	🇦🇷	Emoji·符号与旗帜 / 国家和地区旗帜（Unicode 17.0）	1f1e6-1f1f7.png	是	U+1F1E6 U+1F1F7	Flags	country-flag	fully-qualified	阿根廷国旗	FLAG: AR
3550	🇦🇸	旗帜	主网格	🇦🇸	Emoji·符号与旗帜 / 国家和地区旗帜（Unicode 17.0）	1f1e6-1f1f8.png	是	U+1F1E6 U+1F1F8	Flags	country-flag	fully-qualified	美属萨摩亚国旗	FLAG: AS
3551	🇦🇹	旗帜	主网格	🇦🇹	Emoji·符号与旗帜 / 第 2 行	1f1e6-1f1f9.png	是	U+1F1E6 U+1F1F9	Flags	country-flag	fully-qualified	奥地利国旗	FLAG: AT
3552	🇦🇺	旗帜	主网格	🇦🇺	Emoji·符号与旗帜 / 第 2 行	1f1e6-1f1fa.png	是	U+1F1E6 U+1F1FA	Flags	country-flag	fully-qualified	澳大利亚国旗	FLAG: AU
3553	🇦🇼	旗帜	主网格	🇦🇼	Emoji·符号与旗帜 / 第 2 行	1f1e6-1f1fc.png	是	U+1F1E6 U+1F1FC	Flags	country-flag	fully-qualified	阿鲁巴国旗	FLAG: AW
3554	🇦🇽	旗帜	主网格	🇦🇽	Emoji·符号与旗帜 / 第 2 行	1f1e6-1f1fd.png	是	U+1F1E6 U+1F1FD	Flags	country-flag	fully-qualified	奥兰群岛国旗	FLAG: AX
3555	🇦🇿	旗帜	主网格	🇦🇿	Emoji·符号与旗帜 / 第 2 行	1f1e6-1f1ff.png	是	U+1F1E6 U+1F1FF	Flags	country-flag	fully-qualified	阿塞拜疆国旗	FLAG: AZ
3556	🇧🇦	旗帜	主网格	🇧🇦	Emoji·符号与旗帜 / 第 2 行	1f1e7-1f1e6.png	是	U+1F1E7 U+1F1E6	Flags	country-flag	fully-qualified	波斯尼亚和黑塞哥维那国旗	FLAG: BA
3557	🇧🇧	旗帜	主网格	🇧🇧	Emoji·符号与旗帜 / 第 2 行	1f1e7-1f1e7.png	是	U+1F1E7 U+1F1E7	Flags	country-flag	fully-qualified	巴巴多斯国旗	FLAG: BB
3558	🇧🇩	旗帜	主网格	🇧🇩	Emoji·符号与旗帜 / 第 2 行	1f1e7-1f1e9.png	是	U+1F1E7 U+1F1E9	Flags	country-flag	fully-qualified	孟加拉国国旗	FLAG: BD
3559	🇧🇪	旗帜	主网格	🇧🇪	Emoji·符号与旗帜 / 第 2 行	1f1e7-1f1ea.png	是	U+1F1E7 U+1F1EA	Flags	country-flag	fully-qualified	比利时国旗	FLAG: BE
3560	🇧🇫	旗帜	主网格	🇧🇫	Emoji·符号与旗帜 / 第 2 行	1f1e7-1f1eb.png	是	U+1F1E7 U+1F1EB	Flags	country-flag	fully-qualified	布基纳法索国旗	FLAG: BF
3561	🇧🇬	旗帜	主网格	🇧🇬	Emoji·符号与旗帜 / 第 2 行	1f1e7-1f1ec.png	是	U+1F1E7 U+1F1EC	Flags	country-flag	fully-qualified	保加利亚国旗	FLAG: BG
3562	🇧🇭	旗帜	主网格	🇧🇭	Emoji·符号与旗帜 / 第 2 行	1f1e7-1f1ed.png	是	U+1F1E7 U+1F1ED	Flags	country-flag	fully-qualified	巴林国旗	FLAG: BH
3563	🇧🇮	旗帜	主网格	🇧🇮	Emoji·符号与旗帜 / 第 3 行	1f1e7-1f1ee.png	是	U+1F1E7 U+1F1EE	Flags	country-flag	fully-qualified	布隆迪国旗	FLAG: BI
3564	🇧🇯	旗帜	主网格	🇧🇯	Emoji·符号与旗帜 / 第 3 行	1f1e7-1f1ef.png	是	U+1F1E7 U+1F1EF	Flags	country-flag	fully-qualified	贝宁国旗	FLAG: BJ
3565	🇧🇱	旗帜	主网格	🇧🇱	Emoji·符号与旗帜 / 第 3 行	1f1e7-1f1f1.png	是	U+1F1E7 U+1F1F1	Flags	country-flag	fully-qualified	圣巴泰勒米国旗	FLAG: BL
3566	🇧🇲	旗帜	主网格	🇧🇲	Emoji·符号与旗帜 / 第 3 行	1f1e7-1f1f2.png	是	U+1F1E7 U+1F1F2	Flags	country-flag	fully-qualified	百慕大国旗	FLAG: BM
3567	🇧🇳	旗帜	主网格	🇧🇳	Emoji·符号与旗帜 / 第 3 行	1f1e7-1f1f3.png	是	U+1F1E7 U+1F1F3	Flags	country-flag	fully-qualified	文莱国旗	FLAG: BN
3568	🇧🇴	旗帜	主网格	🇧🇴	Emoji·符号与旗帜 / 第 3 行	1f1e7-1f1f4.png	是	U+1F1E7 U+1F1F4	Flags	country-flag	fully-qualified	玻利维亚国旗	FLAG: BO
3569	🇧🇶	旗帜	主网格	🇧🇶	Emoji·符号与旗帜 / 第 3 行	1f1e7-1f1f6.png	是	U+1F1E7 U+1F1F6	Flags	country-flag	fully-qualified	荷属加勒比区国旗	FLAG: BQ
3570	🇧🇷	旗帜	主网格	🇧🇷	Emoji·符号与旗帜 / 第 3 行	1f1e7-1f1f7.png	是	U+1F1E7 U+1F1F7	Flags	country-flag	fully-qualified	巴西国旗	FLAG: BR
3571	🇧🇸	旗帜	主网格	🇧🇸	Emoji·符号与旗帜 / 第 3 行	1f1e7-1f1f8.png	是	U+1F1E7 U+1F1F8	Flags	country-flag	fully-qualified	巴哈马国旗	FLAG: BS
3572	🇧🇹	旗帜	主网格	🇧🇹	Emoji·符号与旗帜 / 第 3 行	1f1e7-1f1f9.png	是	U+1F1E7 U+1F1F9	Flags	country-flag	fully-qualified	不丹国旗	FLAG: BT
3573	🇧🇻	旗帜	主网格	🇧🇻	Emoji·符号与旗帜 / 第 3 行	1f1e7-1f1fb.png	是	U+1F1E7 U+1F1FB	Flags	country-flag	fully-qualified	布韦岛国旗	FLAG: BV
3574	🇧🇼	旗帜	主网格	🇧🇼	Emoji·符号与旗帜 / 第 3 行	1f1e7-1f1fc.png	是	U+1F1E7 U+1F1FC	Flags	country-flag	fully-qualified	博茨瓦纳国旗	FLAG: BW
3575	🇧🇾	旗帜	主网格	🇧🇾	Emoji·符号与旗帜 / 第 4 行	1f1e7-1f1fe.png	是	U+1F1E7 U+1F1FE	Flags	country-flag	fully-qualified	白俄罗斯国旗	FLAG: BY
3576	🇧🇿	旗帜	主网格	🇧🇿	Emoji·符号与旗帜 / 第 4 行	1f1e7-1f1ff.png	是	U+1F1E7 U+1F1FF	Flags	country-flag	fully-qualified	伯利兹国旗	FLAG: BZ
3577	🇨🇦	旗帜	主网格	🇨🇦	Emoji·符号与旗帜 / 第 4 行	1f1e8-1f1e6.png	是	U+1F1E8 U+1F1E6	Flags	country-flag	fully-qualified	加拿大国旗	FLAG: CA
3578	🇨🇨	旗帜	主网格	🇨🇨	Emoji·符号与旗帜 / 第 4 行	1f1e8-1f1e8.png	是	U+1F1E8 U+1F1E8	Flags	country-flag	fully-qualified	科科斯（基林）群岛国旗	FLAG: CC
3579	🇨🇩	旗帜	主网格	🇨🇩	Emoji·符号与旗帜 / 第 4 行	1f1e8-1f1e9.png	是	U+1F1E8 U+1F1E9	Flags	country-flag	fully-qualified	刚果（金）国旗	FLAG: CD
3580	🇨🇫	旗帜	主网格	🇨🇫	Emoji·符号与旗帜 / 第 4 行	1f1e8-1f1eb.png	是	U+1F1E8 U+1F1EB	Flags	country-flag	fully-qualified	中非共和国国旗	FLAG: CF
3581	🇨🇬	旗帜	主网格	🇨🇬	Emoji·符号与旗帜 / 第 4 行	1f1e8-1f1ec.png	是	U+1F1E8 U+1F1EC	Flags	country-flag	fully-qualified	刚果（布）国旗	FLAG: CG
3582	🇨🇭	旗帜	主网格	🇨🇭	Emoji·符号与旗帜 / 第 4 行	1f1e8-1f1ed.png	是	U+1F1E8 U+1F1ED	Flags	country-flag	fully-qualified	瑞士国旗	FLAG: CH
3583	🇨🇮	旗帜	主网格	🇨🇮	Emoji·符号与旗帜 / 第 4 行	1f1e8-1f1ee.png	是	U+1F1E8 U+1F1EE	Flags	country-flag	fully-qualified	科特迪瓦国旗	FLAG: CI
3584	🇨🇰	旗帜	主网格	🇨🇰	Emoji·符号与旗帜 / 第 4 行	1f1e8-1f1f0.png	是	U+1F1E8 U+1F1F0	Flags	country-flag	fully-qualified	库克群岛国旗	FLAG: CK
3585	🇨🇱	旗帜	主网格	🇨🇱	Emoji·符号与旗帜 / 第 4 行	1f1e8-1f1f1.png	是	U+1F1E8 U+1F1F1	Flags	country-flag	fully-qualified	智利国旗	FLAG: CL
3586	🇨🇲	旗帜	主网格	🇨🇲	Emoji·符号与旗帜 / 第 4 行	1f1e8-1f1f2.png	是	U+1F1E8 U+1F1F2	Flags	country-flag	fully-qualified	喀麦隆国旗	FLAG: CM
3587	🇨🇳	旗帜	主网格	🇨🇳	Emoji·符号与旗帜 / 第 5 行	1f1e8-1f1f3.png	是	U+1F1E8 U+1F1F3	Flags	country-flag	fully-qualified	中国国旗	FLAG: CN
3588	🇨🇴	旗帜	主网格	🇨🇴	Emoji·符号与旗帜 / 第 5 行	1f1e8-1f1f4.png	是	U+1F1E8 U+1F1F4	Flags	country-flag	fully-qualified	哥伦比亚国旗	FLAG: CO
3589	🇨🇵	旗帜	主网格	🇨🇵	Emoji·符号与旗帜 / 第 5 行	1f1e8-1f1f5.png	是	U+1F1E8 U+1F1F5	Flags	country-flag	fully-qualified	克利珀顿岛国旗	FLAG: CP
3590	🇨🇶	旗帜	主网格	🇨🇶	Emoji·符号与旗帜 / 第 5 行	1f1e8-1f1f6.png	是	U+1F1E8 U+1F1F6	Flags	country-flag	fully-qualified	萨克岛国旗	FLAG: CQ
3591	🇨🇷	旗帜	主网格	🇨🇷	Emoji·符号与旗帜 / 第 5 行	1f1e8-1f1f7.png	是	U+1F1E8 U+1F1F7	Flags	country-flag	fully-qualified	哥斯达黎加国旗	FLAG: CR
3592	🇨🇺	旗帜	主网格	🇨🇺	Emoji·符号与旗帜 / 第 5 行	1f1e8-1f1fa.png	是	U+1F1E8 U+1F1FA	Flags	country-flag	fully-qualified	古巴国旗	FLAG: CU
3593	🇨🇻	旗帜	主网格	🇨🇻	Emoji·符号与旗帜 / 第 5 行	1f1e8-1f1fb.png	是	U+1F1E8 U+1F1FB	Flags	country-flag	fully-qualified	佛得角国旗	FLAG: CV
3594	🇨🇼	旗帜	主网格	🇨🇼	Emoji·符号与旗帜 / 第 5 行	1f1e8-1f1fc.png	是	U+1F1E8 U+1F1FC	Flags	country-flag	fully-qualified	库拉索国旗	FLAG: CW
3595	🇨🇽	旗帜	主网格	🇨🇽	Emoji·符号与旗帜 / 第 5 行	1f1e8-1f1fd.png	是	U+1F1E8 U+1F1FD	Flags	country-flag	fully-qualified	圣诞岛国旗	FLAG: CX
3596	🇨🇾	旗帜	主网格	🇨🇾	Emoji·符号与旗帜 / 第 5 行	1f1e8-1f1fe.png	是	U+1F1E8 U+1F1FE	Flags	country-flag	fully-qualified	塞浦路斯国旗	FLAG: CY
3597	🇨🇿	旗帜	主网格	🇨🇿	Emoji·符号与旗帜 / 第 5 行	1f1e8-1f1ff.png	是	U+1F1E8 U+1F1FF	Flags	country-flag	fully-qualified	捷克国旗	FLAG: CZ
3598	🇩🇪	旗帜	主网格	🇩🇪	Emoji·符号与旗帜 / 第 5 行	1f1e9-1f1ea.png	是	U+1F1E9 U+1F1EA	Flags	country-flag	fully-qualified	德国国旗	FLAG: DE
3599	🇩🇬	旗帜	主网格	🇩🇬	Emoji·符号与旗帜 / 第 6 行	1f1e9-1f1ec.png	是	U+1F1E9 U+1F1EC	Flags	country-flag	fully-qualified	迪戈加西亚岛国旗	FLAG: DG
3600	🇩🇯	旗帜	主网格	🇩🇯	Emoji·符号与旗帜 / 第 6 行	1f1e9-1f1ef.png	是	U+1F1E9 U+1F1EF	Flags	country-flag	fully-qualified	吉布提国旗	FLAG: DJ
3601	🇩🇰	旗帜	主网格	🇩🇰	Emoji·符号与旗帜 / 第 6 行	1f1e9-1f1f0.png	是	U+1F1E9 U+1F1F0	Flags	country-flag	fully-qualified	丹麦国旗	FLAG: DK
3602	🇩🇲	旗帜	主网格	🇩🇲	Emoji·符号与旗帜 / 第 6 行	1f1e9-1f1f2.png	是	U+1F1E9 U+1F1F2	Flags	country-flag	fully-qualified	多米尼克国旗	FLAG: DM
3603	🇩🇴	旗帜	主网格	🇩🇴	Emoji·符号与旗帜 / 第 6 行	1f1e9-1f1f4.png	是	U+1F1E9 U+1F1F4	Flags	country-flag	fully-qualified	多米尼加共和国国旗	FLAG: DO
3604	🇩🇿	旗帜	主网格	🇩🇿	Emoji·符号与旗帜 / 第 6 行	1f1e9-1f1ff.png	是	U+1F1E9 U+1F1FF	Flags	country-flag	fully-qualified	阿尔及利亚国旗	FLAG: DZ
3605	🇪🇦	旗帜	主网格	🇪🇦	Emoji·符号与旗帜 / 第 6 行	1f1ea-1f1e6.png	是	U+1F1EA U+1F1E6	Flags	country-flag	fully-qualified	休达及梅利利亚国旗	FLAG: EA
3606	🇪🇨	旗帜	主网格	🇪🇨	Emoji·符号与旗帜 / 第 6 行	1f1ea-1f1e8.png	是	U+1F1EA U+1F1E8	Flags	country-flag	fully-qualified	厄瓜多尔国旗	FLAG: EC
3607	🇪🇪	旗帜	主网格	🇪🇪	Emoji·符号与旗帜 / 第 6 行	1f1ea-1f1ea.png	是	U+1F1EA U+1F1EA	Flags	country-flag	fully-qualified	爱沙尼亚国旗	FLAG: EE
3608	🇪🇬	旗帜	主网格	🇪🇬	Emoji·符号与旗帜 / 第 6 行	1f1ea-1f1ec.png	是	U+1F1EA U+1F1EC	Flags	country-flag	fully-qualified	埃及国旗	FLAG: EG
3609	🇪🇭	旗帜	主网格	🇪🇭	Emoji·符号与旗帜 / 第 6 行	1f1ea-1f1ed.png	是	U+1F1EA U+1F1ED	Flags	country-flag	fully-qualified	西撒哈拉国旗	FLAG: EH
3610	🇪🇷	旗帜	主网格	🇪🇷	Emoji·符号与旗帜 / 第 6 行	1f1ea-1f1f7.png	是	U+1F1EA U+1F1F7	Flags	country-flag	fully-qualified	厄立特里亚国旗	FLAG: ER
3611	🇪🇸	旗帜	主网格	🇪🇸	Emoji·符号与旗帜 / 第 7 行	1f1ea-1f1f8.png	是	U+1F1EA U+1F1F8	Flags	country-flag	fully-qualified	西班牙国旗	FLAG: ES
3612	🇪🇹	旗帜	主网格	🇪🇹	Emoji·符号与旗帜 / 第 7 行	1f1ea-1f1f9.png	是	U+1F1EA U+1F1F9	Flags	country-flag	fully-qualified	埃塞俄比亚国旗	FLAG: ET
3613	🇪🇺	旗帜	主网格	🇪🇺	Emoji·符号与旗帜 / 第 7 行	1f1ea-1f1fa.png	是	U+1F1EA U+1F1FA	Flags	country-flag	fully-qualified	欧盟国旗	FLAG: EU
3614	🇫🇮	旗帜	主网格	🇫🇮	Emoji·符号与旗帜 / 第 7 行	1f1eb-1f1ee.png	是	U+1F1EB U+1F1EE	Flags	country-flag	fully-qualified	芬兰国旗	FLAG: FI
3615	🇫🇯	旗帜	主网格	🇫🇯	Emoji·符号与旗帜 / 第 7 行	1f1eb-1f1ef.png	是	U+1F1EB U+1F1EF	Flags	country-flag	fully-qualified	斐济国旗	FLAG: FJ
3616	🇫🇰	旗帜	主网格	🇫🇰	Emoji·符号与旗帜 / 第 7 行	1f1eb-1f1f0.png	是	U+1F1EB U+1F1F0	Flags	country-flag	fully-qualified	福克兰群岛国旗	FLAG: FK
3617	🇫🇲	旗帜	主网格	🇫🇲	Emoji·符号与旗帜 / 第 7 行	1f1eb-1f1f2.png	是	U+1F1EB U+1F1F2	Flags	country-flag	fully-qualified	密克罗尼西亚国旗	FLAG: FM
3618	🇫🇴	旗帜	主网格	🇫🇴	Emoji·符号与旗帜 / 第 7 行	1f1eb-1f1f4.png	是	U+1F1EB U+1F1F4	Flags	country-flag	fully-qualified	法罗群岛国旗	FLAG: FO
3619	🇫🇷	旗帜	主网格	🇫🇷	Emoji·符号与旗帜 / 第 7 行	1f1eb-1f1f7.png	是	U+1F1EB U+1F1F7	Flags	country-flag	fully-qualified	法国国旗	FLAG: FR
3620	🇬🇦	旗帜	主网格	🇬🇦	Emoji·符号与旗帜 / 第 7 行	1f1ec-1f1e6.png	是	U+1F1EC U+1F1E6	Flags	country-flag	fully-qualified	加蓬国旗	FLAG: GA
3621	🇬🇧	旗帜	主网格	🇬🇧	Emoji·符号与旗帜 / 第 7 行	1f1ec-1f1e7.png	是	U+1F1EC U+1F1E7	Flags	country-flag	fully-qualified	英国国旗	FLAG: GB
3622	🇬🇩	旗帜	主网格	🇬🇩	Emoji·符号与旗帜 / 第 7 行	1f1ec-1f1e9.png	是	U+1F1EC U+1F1E9	Flags	country-flag	fully-qualified	格林纳达国旗	FLAG: GD
3623	🇬🇪	旗帜	主网格	🇬🇪	Emoji·符号与旗帜 / 第 8 行	1f1ec-1f1ea.png	是	U+1F1EC U+1F1EA	Flags	country-flag	fully-qualified	格鲁吉亚国旗	FLAG: GE
3624	🇬🇫	旗帜	主网格	🇬🇫	Emoji·符号与旗帜 / 第 8 行	1f1ec-1f1eb.png	是	U+1F1EC U+1F1EB	Flags	country-flag	fully-qualified	法属圭亚那国旗	FLAG: GF
3625	🇬🇬	旗帜	主网格	🇬🇬	Emoji·符号与旗帜 / 第 8 行	1f1ec-1f1ec.png	是	U+1F1EC U+1F1EC	Flags	country-flag	fully-qualified	根西岛国旗	FLAG: GG
3626	🇬🇭	旗帜	主网格	🇬🇭	Emoji·符号与旗帜 / 第 8 行	1f1ec-1f1ed.png	是	U+1F1EC U+1F1ED	Flags	country-flag	fully-qualified	加纳国旗	FLAG: GH
3627	🇬🇮	旗帜	主网格	🇬🇮	Emoji·符号与旗帜 / 第 8 行	1f1ec-1f1ee.png	是	U+1F1EC U+1F1EE	Flags	country-flag	fully-qualified	直布罗陀国旗	FLAG: GI
3628	🇬🇱	旗帜	主网格	🇬🇱	Emoji·符号与旗帜 / 第 8 行	1f1ec-1f1f1.png	是	U+1F1EC U+1F1F1	Flags	country-flag	fully-qualified	格陵兰国旗	FLAG: GL
3629	🇬🇲	旗帜	主网格	🇬🇲	Emoji·符号与旗帜 / 第 8 行	1f1ec-1f1f2.png	是	U+1F1EC U+1F1F2	Flags	country-flag	fully-qualified	冈比亚国旗	FLAG: GM
3630	🇬🇳	旗帜	主网格	🇬🇳	Emoji·符号与旗帜 / 第 8 行	1f1ec-1f1f3.png	是	U+1F1EC U+1F1F3	Flags	country-flag	fully-qualified	几内亚国旗	FLAG: GN
3631	🇬🇵	旗帜	主网格	🇬🇵	Emoji·符号与旗帜 / 第 8 行	1f1ec-1f1f5.png	是	U+1F1EC U+1F1F5	Flags	country-flag	fully-qualified	瓜德罗普国旗	FLAG: GP
3632	🇬🇶	旗帜	主网格	🇬🇶	Emoji·符号与旗帜 / 第 8 行	1f1ec-1f1f6.png	是	U+1F1EC U+1F1F6	Flags	country-flag	fully-qualified	赤道几内亚国旗	FLAG: GQ
3633	🇬🇷	旗帜	主网格	🇬🇷	Emoji·符号与旗帜 / 第 8 行	1f1ec-1f1f7.png	是	U+1F1EC U+1F1F7	Flags	country-flag	fully-qualified	希腊国旗	FLAG: GR
3634	🇬🇸	旗帜	主网格	🇬🇸	Emoji·符号与旗帜 / 第 8 行	1f1ec-1f1f8.png	是	U+1F1EC U+1F1F8	Flags	country-flag	fully-qualified	南乔治亚和南桑威奇群岛国旗	FLAG: GS
3635	🇬🇹	旗帜	主网格	🇬🇹	Emoji·符号与旗帜 / 第 9 行	1f1ec-1f1f9.png	是	U+1F1EC U+1F1F9	Flags	country-flag	fully-qualified	危地马拉国旗	FLAG: GT
3636	🇬🇺	旗帜	主网格	🇬🇺	Emoji·符号与旗帜 / 第 9 行	1f1ec-1f1fa.png	是	U+1F1EC U+1F1FA	Flags	country-flag	fully-qualified	关岛国旗	FLAG: GU
3637	🇬🇼	旗帜	主网格	🇬🇼	Emoji·符号与旗帜 / 第 9 行	1f1ec-1f1fc.png	是	U+1F1EC U+1F1FC	Flags	country-flag	fully-qualified	几内亚比绍国旗	FLAG: GW
3638	🇬🇾	旗帜	主网格	🇬🇾	Emoji·符号与旗帜 / 第 9 行	1f1ec-1f1fe.png	是	U+1F1EC U+1F1FE	Flags	country-flag	fully-qualified	圭亚那国旗	FLAG: GY
3639	🇭🇰	旗帜	主网格	🇭🇰	Emoji·符号与旗帜 / 第 9 行	1f1ed-1f1f0.png	是	U+1F1ED U+1F1F0	Flags	country-flag	fully-qualified	中国香港特别行政区国旗	FLAG: HK
3640	🇭🇲	旗帜	主网格	🇭🇲	Emoji·符号与旗帜 / 第 9 行	1f1ed-1f1f2.png	是	U+1F1ED U+1F1F2	Flags	country-flag	fully-qualified	赫德岛和麦克唐纳群岛国旗	FLAG: HM
3641	🇭🇳	旗帜	主网格	🇭🇳	Emoji·符号与旗帜 / 第 9 行	1f1ed-1f1f3.png	是	U+1F1ED U+1F1F3	Flags	country-flag	fully-qualified	洪都拉斯国旗	FLAG: HN
3642	🇭🇷	旗帜	主网格	🇭🇷	Emoji·符号与旗帜 / 第 9 行	1f1ed-1f1f7.png	是	U+1F1ED U+1F1F7	Flags	country-flag	fully-qualified	克罗地亚国旗	FLAG: HR
3643	🇭🇹	旗帜	主网格	🇭🇹	Emoji·符号与旗帜 / 第 9 行	1f1ed-1f1f9.png	是	U+1F1ED U+1F1F9	Flags	country-flag	fully-qualified	海地国旗	FLAG: HT
3644	🇭🇺	旗帜	主网格	🇭🇺	Emoji·符号与旗帜 / 第 9 行	1f1ed-1f1fa.png	是	U+1F1ED U+1F1FA	Flags	country-flag	fully-qualified	匈牙利国旗	FLAG: HU
3645	🇮🇨	旗帜	主网格	🇮🇨	Emoji·符号与旗帜 / 第 9 行	1f1ee-1f1e8.png	是	U+1F1EE U+1F1E8	Flags	country-flag	fully-qualified	加纳利群岛国旗	FLAG: IC
3646	🇮🇩	旗帜	主网格	🇮🇩	Emoji·符号与旗帜 / 第 9 行	1f1ee-1f1e9.png	是	U+1F1EE U+1F1E9	Flags	country-flag	fully-qualified	印度尼西亚国旗	FLAG: ID
3647	🇮🇪	旗帜	主网格	🇮🇪	Emoji·符号与旗帜 / 第 10 行	1f1ee-1f1ea.png	是	U+1F1EE U+1F1EA	Flags	country-flag	fully-qualified	爱尔兰国旗	FLAG: IE
3648	🇮🇱	旗帜	主网格	🇮🇱	Emoji·符号与旗帜 / 第 10 行	1f1ee-1f1f1.png	是	U+1F1EE U+1F1F1	Flags	country-flag	fully-qualified	以色列国旗	FLAG: IL
3649	🇮🇲	旗帜	主网格	🇮🇲	Emoji·符号与旗帜 / 第 10 行	1f1ee-1f1f2.png	是	U+1F1EE U+1F1F2	Flags	country-flag	fully-qualified	马恩岛国旗	FLAG: IM
3650	🇮🇳	旗帜	主网格	🇮🇳	Emoji·符号与旗帜 / 第 10 行	1f1ee-1f1f3.png	是	U+1F1EE U+1F1F3	Flags	country-flag	fully-qualified	印度国旗	FLAG: IN
3651	🇮🇴	旗帜	主网格	🇮🇴	Emoji·符号与旗帜 / 第 10 行	1f1ee-1f1f4.png	是	U+1F1EE U+1F1F4	Flags	country-flag	fully-qualified	英属印度洋领地国旗	FLAG: IO
3652	🇮🇶	旗帜	主网格	🇮🇶	Emoji·符号与旗帜 / 第 10 行	1f1ee-1f1f6.png	是	U+1F1EE U+1F1F6	Flags	country-flag	fully-qualified	伊拉克国旗	FLAG: IQ
3653	🇮🇷	旗帜	主网格	🇮🇷	Emoji·符号与旗帜 / 第 10 行	1f1ee-1f1f7.png	是	U+1F1EE U+1F1F7	Flags	country-flag	fully-qualified	伊朗国旗	FLAG: IR
3654	🇮🇸	旗帜	主网格	🇮🇸	Emoji·符号与旗帜 / 第 10 行	1f1ee-1f1f8.png	是	U+1F1EE U+1F1F8	Flags	country-flag	fully-qualified	冰岛国旗	FLAG: IS
3655	🇮🇹	旗帜	主网格	🇮🇹	Emoji·符号与旗帜 / 第 10 行	1f1ee-1f1f9.png	是	U+1F1EE U+1F1F9	Flags	country-flag	fully-qualified	意大利国旗	FLAG: IT
3656	🇯🇪	旗帜	主网格	🇯🇪	Emoji·符号与旗帜 / 第 10 行	1f1ef-1f1ea.png	是	U+1F1EF U+1F1EA	Flags	country-flag	fully-qualified	泽西岛国旗	FLAG: JE
3657	🇯🇲	旗帜	主网格	🇯🇲	Emoji·符号与旗帜 / 第 10 行	1f1ef-1f1f2.png	是	U+1F1EF U+1F1F2	Flags	country-flag	fully-qualified	牙买加国旗	FLAG: JM
3658	🇯🇴	旗帜	主网格	🇯🇴	Emoji·符号与旗帜 / 第 10 行	1f1ef-1f1f4.png	是	U+1F1EF U+1F1F4	Flags	country-flag	fully-qualified	约旦国旗	FLAG: JO
3659	🇯🇵	旗帜	主网格	🇯🇵	Emoji·符号与旗帜 / 第 11 行	1f1ef-1f1f5.png	是	U+1F1EF U+1F1F5	Flags	country-flag	fully-qualified	日本国旗	FLAG: JP
3660	🇰🇪	旗帜	主网格	🇰🇪	Emoji·符号与旗帜 / 第 11 行	1f1f0-1f1ea.png	是	U+1F1F0 U+1F1EA	Flags	country-flag	fully-qualified	肯尼亚国旗	FLAG: KE
3661	🇰🇬	旗帜	主网格	🇰🇬	Emoji·符号与旗帜 / 第 11 行	1f1f0-1f1ec.png	是	U+1F1F0 U+1F1EC	Flags	country-flag	fully-qualified	吉尔吉斯斯坦国旗	FLAG: KG
3662	🇰🇭	旗帜	主网格	🇰🇭	Emoji·符号与旗帜 / 第 11 行	1f1f0-1f1ed.png	是	U+1F1F0 U+1F1ED	Flags	country-flag	fully-qualified	柬埔寨国旗	FLAG: KH
3663	🇰🇮	旗帜	主网格	🇰🇮	Emoji·符号与旗帜 / 第 11 行	1f1f0-1f1ee.png	是	U+1F1F0 U+1F1EE	Flags	country-flag	fully-qualified	基里巴斯国旗	FLAG: KI
3664	🇰🇲	旗帜	主网格	🇰🇲	Emoji·符号与旗帜 / 第 11 行	1f1f0-1f1f2.png	是	U+1F1F0 U+1F1F2	Flags	country-flag	fully-qualified	科摩罗国旗	FLAG: KM
3665	🇰🇳	旗帜	主网格	🇰🇳	Emoji·符号与旗帜 / 第 11 行	1f1f0-1f1f3.png	是	U+1F1F0 U+1F1F3	Flags	country-flag	fully-qualified	圣基茨和尼维斯国旗	FLAG: KN
3666	🇰🇵	旗帜	主网格	🇰🇵	Emoji·符号与旗帜 / 第 11 行	1f1f0-1f1f5.png	是	U+1F1F0 U+1F1F5	Flags	country-flag	fully-qualified	朝鲜国旗	FLAG: KP
3667	🇰🇷	旗帜	主网格	🇰🇷	Emoji·符号与旗帜 / 第 11 行	1f1f0-1f1f7.png	是	U+1F1F0 U+1F1F7	Flags	country-flag	fully-qualified	韩国国旗	FLAG: KR
3668	🇰🇼	旗帜	主网格	🇰🇼	Emoji·符号与旗帜 / 第 11 行	1f1f0-1f1fc.png	是	U+1F1F0 U+1F1FC	Flags	country-flag	fully-qualified	科威特国旗	FLAG: KW
3669	🇰🇾	旗帜	主网格	🇰🇾	Emoji·符号与旗帜 / 第 11 行	1f1f0-1f1fe.png	是	U+1F1F0 U+1F1FE	Flags	country-flag	fully-qualified	开曼群岛国旗	FLAG: KY
3670	🇰🇿	旗帜	主网格	🇰🇿	Emoji·符号与旗帜 / 第 11 行	1f1f0-1f1ff.png	是	U+1F1F0 U+1F1FF	Flags	country-flag	fully-qualified	哈萨克斯坦国旗	FLAG: KZ
3671	🇱🇦	旗帜	主网格	🇱🇦	Emoji·符号与旗帜 / 第 12 行	1f1f1-1f1e6.png	是	U+1F1F1 U+1F1E6	Flags	country-flag	fully-qualified	老挝国旗	FLAG: LA
3672	🇱🇧	旗帜	主网格	🇱🇧	Emoji·符号与旗帜 / 第 12 行	1f1f1-1f1e7.png	是	U+1F1F1 U+1F1E7	Flags	country-flag	fully-qualified	黎巴嫩国旗	FLAG: LB
3673	🇱🇨	旗帜	主网格	🇱🇨	Emoji·符号与旗帜 / 第 12 行	1f1f1-1f1e8.png	是	U+1F1F1 U+1F1E8	Flags	country-flag	fully-qualified	圣卢西亚国旗	FLAG: LC
3674	🇱🇮	旗帜	主网格	🇱🇮	Emoji·符号与旗帜 / 第 12 行	1f1f1-1f1ee.png	是	U+1F1F1 U+1F1EE	Flags	country-flag	fully-qualified	列支敦士登国旗	FLAG: LI
3675	🇱🇰	旗帜	主网格	🇱🇰	Emoji·符号与旗帜 / 第 12 行	1f1f1-1f1f0.png	是	U+1F1F1 U+1F1F0	Flags	country-flag	fully-qualified	斯里兰卡国旗	FLAG: LK
3676	🇱🇷	旗帜	主网格	🇱🇷	Emoji·符号与旗帜 / 第 12 行	1f1f1-1f1f7.png	是	U+1F1F1 U+1F1F7	Flags	country-flag	fully-qualified	利比里亚国旗	FLAG: LR
3677	🇱🇸	旗帜	主网格	🇱🇸	Emoji·符号与旗帜 / 第 12 行	1f1f1-1f1f8.png	是	U+1F1F1 U+1F1F8	Flags	country-flag	fully-qualified	莱索托国旗	FLAG: LS
3678	🇱🇹	旗帜	主网格	🇱🇹	Emoji·符号与旗帜 / 第 12 行	1f1f1-1f1f9.png	是	U+1F1F1 U+1F1F9	Flags	country-flag	fully-qualified	立陶宛国旗	FLAG: LT
3679	🇱🇺	旗帜	主网格	🇱🇺	Emoji·符号与旗帜 / 第 12 行	1f1f1-1f1fa.png	是	U+1F1F1 U+1F1FA	Flags	country-flag	fully-qualified	卢森堡国旗	FLAG: LU
3680	🇱🇻	旗帜	主网格	🇱🇻	Emoji·符号与旗帜 / 第 12 行	1f1f1-1f1fb.png	是	U+1F1F1 U+1F1FB	Flags	country-flag	fully-qualified	拉脱维亚国旗	FLAG: LV
3681	🇱🇾	旗帜	主网格	🇱🇾	Emoji·符号与旗帜 / 第 12 行	1f1f1-1f1fe.png	是	U+1F1F1 U+1F1FE	Flags	country-flag	fully-qualified	利比亚国旗	FLAG: LY
3682	🇲🇦	旗帜	主网格	🇲🇦	Emoji·符号与旗帜 / 第 12 行	1f1f2-1f1e6.png	是	U+1F1F2 U+1F1E6	Flags	country-flag	fully-qualified	摩洛哥国旗	FLAG: MA
3683	🇲🇨	旗帜	主网格	🇲🇨	Emoji·符号与旗帜 / 第 13 行	1f1f2-1f1e8.png	是	U+1F1F2 U+1F1E8	Flags	country-flag	fully-qualified	摩纳哥国旗	FLAG: MC
3684	🇲🇩	旗帜	主网格	🇲🇩	Emoji·符号与旗帜 / 第 13 行	1f1f2-1f1e9.png	是	U+1F1F2 U+1F1E9	Flags	country-flag	fully-qualified	摩尔多瓦国旗	FLAG: MD
3685	🇲🇪	旗帜	主网格	🇲🇪	Emoji·符号与旗帜 / 第 13 行	1f1f2-1f1ea.png	是	U+1F1F2 U+1F1EA	Flags	country-flag	fully-qualified	黑山国旗	FLAG: ME
3686	🇲🇫	旗帜	主网格	🇲🇫	Emoji·符号与旗帜 / 第 13 行	1f1f2-1f1eb.png	是	U+1F1F2 U+1F1EB	Flags	country-flag	fully-qualified	法属圣马丁国旗	FLAG: MF
3687	🇲🇬	旗帜	主网格	🇲🇬	Emoji·符号与旗帜 / 第 13 行	1f1f2-1f1ec.png	是	U+1F1F2 U+1F1EC	Flags	country-flag	fully-qualified	马达加斯加国旗	FLAG: MG
3688	🇲🇭	旗帜	主网格	🇲🇭	Emoji·符号与旗帜 / 第 13 行	1f1f2-1f1ed.png	是	U+1F1F2 U+1F1ED	Flags	country-flag	fully-qualified	马绍尔群岛国旗	FLAG: MH
3689	🇲🇰	旗帜	主网格	🇲🇰	Emoji·符号与旗帜 / 第 13 行	1f1f2-1f1f0.png	是	U+1F1F2 U+1F1F0	Flags	country-flag	fully-qualified	北马其顿国旗	FLAG: MK
3690	🇲🇱	旗帜	主网格	🇲🇱	Emoji·符号与旗帜 / 第 13 行	1f1f2-1f1f1.png	是	U+1F1F2 U+1F1F1	Flags	country-flag	fully-qualified	马里国旗	FLAG: ML
3691	🇲🇲	旗帜	主网格	🇲🇲	Emoji·符号与旗帜 / 第 13 行	1f1f2-1f1f2.png	是	U+1F1F2 U+1F1F2	Flags	country-flag	fully-qualified	缅甸国旗	FLAG: MM
3692	🇲🇳	旗帜	主网格	🇲🇳	Emoji·符号与旗帜 / 第 13 行	1f1f2-1f1f3.png	是	U+1F1F2 U+1F1F3	Flags	country-flag	fully-qualified	蒙古国旗	FLAG: MN
3693	🇲🇴	旗帜	主网格	🇲🇴	Emoji·符号与旗帜 / 第 13 行	1f1f2-1f1f4.png	是	U+1F1F2 U+1F1F4	Flags	country-flag	fully-qualified	中国澳门特别行政区国旗	FLAG: MO
3694	🇲🇵	旗帜	主网格	🇲🇵	Emoji·符号与旗帜 / 第 13 行	1f1f2-1f1f5.png	是	U+1F1F2 U+1F1F5	Flags	country-flag	fully-qualified	北马里亚纳群岛国旗	FLAG: MP
3695	🇲🇶	旗帜	主网格	🇲🇶	Emoji·符号与旗帜 / 第 14 行	1f1f2-1f1f6.png	是	U+1F1F2 U+1F1F6	Flags	country-flag	fully-qualified	马提尼克国旗	FLAG: MQ
3696	🇲🇷	旗帜	主网格	🇲🇷	Emoji·符号与旗帜 / 第 14 行	1f1f2-1f1f7.png	是	U+1F1F2 U+1F1F7	Flags	country-flag	fully-qualified	毛里塔尼亚国旗	FLAG: MR
3697	🇲🇸	旗帜	主网格	🇲🇸	Emoji·符号与旗帜 / 第 14 行	1f1f2-1f1f8.png	是	U+1F1F2 U+1F1F8	Flags	country-flag	fully-qualified	蒙特塞拉特国旗	FLAG: MS
3698	🇲🇹	旗帜	主网格	🇲🇹	Emoji·符号与旗帜 / 第 14 行	1f1f2-1f1f9.png	是	U+1F1F2 U+1F1F9	Flags	country-flag	fully-qualified	马耳他国旗	FLAG: MT
3699	🇲🇺	旗帜	主网格	🇲🇺	Emoji·符号与旗帜 / 第 14 行	1f1f2-1f1fa.png	是	U+1F1F2 U+1F1FA	Flags	country-flag	fully-qualified	毛里求斯国旗	FLAG: MU
3700	🇲🇻	旗帜	主网格	🇲🇻	Emoji·符号与旗帜 / 第 14 行	1f1f2-1f1fb.png	是	U+1F1F2 U+1F1FB	Flags	country-flag	fully-qualified	马尔代夫国旗	FLAG: MV
3701	🇲🇼	旗帜	主网格	🇲🇼	Emoji·符号与旗帜 / 第 14 行	1f1f2-1f1fc.png	是	U+1F1F2 U+1F1FC	Flags	country-flag	fully-qualified	马拉维国旗	FLAG: MW
3702	🇲🇽	旗帜	主网格	🇲🇽	Emoji·符号与旗帜 / 第 14 行	1f1f2-1f1fd.png	是	U+1F1F2 U+1F1FD	Flags	country-flag	fully-qualified	墨西哥国旗	FLAG: MX
3703	🇲🇾	旗帜	主网格	🇲🇾	Emoji·符号与旗帜 / 第 14 行	1f1f2-1f1fe.png	是	U+1F1F2 U+1F1FE	Flags	country-flag	fully-qualified	马来西亚国旗	FLAG: MY
3704	🇲🇿	旗帜	主网格	🇲🇿	Emoji·符号与旗帜 / 第 14 行	1f1f2-1f1ff.png	是	U+1F1F2 U+1F1FF	Flags	country-flag	fully-qualified	莫桑比克国旗	FLAG: MZ
3705	🇳🇦	旗帜	主网格	🇳🇦	Emoji·符号与旗帜 / 第 14 行	1f1f3-1f1e6.png	是	U+1F1F3 U+1F1E6	Flags	country-flag	fully-qualified	纳米比亚国旗	FLAG: NA
3706	🇳🇨	旗帜	主网格	🇳🇨	Emoji·符号与旗帜 / 第 14 行	1f1f3-1f1e8.png	是	U+1F1F3 U+1F1E8	Flags	country-flag	fully-qualified	新喀里多尼亚国旗	FLAG: NC
3707	🇳🇪	旗帜	主网格	🇳🇪	Emoji·符号与旗帜 / 第 15 行	1f1f3-1f1ea.png	是	U+1F1F3 U+1F1EA	Flags	country-flag	fully-qualified	尼日尔国旗	FLAG: NE
3708	🇳🇫	旗帜	主网格	🇳🇫	Emoji·符号与旗帜 / 第 15 行	1f1f3-1f1eb.png	是	U+1F1F3 U+1F1EB	Flags	country-flag	fully-qualified	诺福克岛国旗	FLAG: NF
3709	🇳🇬	旗帜	主网格	🇳🇬	Emoji·符号与旗帜 / 第 15 行	1f1f3-1f1ec.png	是	U+1F1F3 U+1F1EC	Flags	country-flag	fully-qualified	尼日利亚国旗	FLAG: NG
3710	🇳🇮	旗帜	主网格	🇳🇮	Emoji·符号与旗帜 / 第 15 行	1f1f3-1f1ee.png	是	U+1F1F3 U+1F1EE	Flags	country-flag	fully-qualified	尼加拉瓜国旗	FLAG: NI
3711	🇳🇱	旗帜	主网格	🇳🇱	Emoji·符号与旗帜 / 第 15 行	1f1f3-1f1f1.png	是	U+1F1F3 U+1F1F1	Flags	country-flag	fully-qualified	荷兰国旗	FLAG: NL
3712	🇳🇴	旗帜	主网格	🇳🇴	Emoji·符号与旗帜 / 第 15 行	1f1f3-1f1f4.png	是	U+1F1F3 U+1F1F4	Flags	country-flag	fully-qualified	挪威国旗	FLAG: NO
3713	🇳🇵	旗帜	主网格	🇳🇵	Emoji·符号与旗帜 / 第 15 行	1f1f3-1f1f5.png	是	U+1F1F3 U+1F1F5	Flags	country-flag	fully-qualified	尼泊尔国旗	FLAG: NP
3714	🇳🇷	旗帜	主网格	🇳🇷	Emoji·符号与旗帜 / 第 15 行	1f1f3-1f1f7.png	是	U+1F1F3 U+1F1F7	Flags	country-flag	fully-qualified	瑙鲁国旗	FLAG: NR
3715	🇳🇺	旗帜	主网格	🇳🇺	Emoji·符号与旗帜 / 第 15 行	1f1f3-1f1fa.png	是	U+1F1F3 U+1F1FA	Flags	country-flag	fully-qualified	纽埃国旗	FLAG: NU
3716	🇳🇿	旗帜	主网格	🇳🇿	Emoji·符号与旗帜 / 第 15 行	1f1f3-1f1ff.png	是	U+1F1F3 U+1F1FF	Flags	country-flag	fully-qualified	新西兰国旗	FLAG: NZ
3717	🇴🇲	旗帜	主网格	🇴🇲	Emoji·符号与旗帜 / 第 15 行	1f1f4-1f1f2.png	是	U+1F1F4 U+1F1F2	Flags	country-flag	fully-qualified	阿曼国旗	FLAG: OM
3718	🇵🇦	旗帜	主网格	🇵🇦	Emoji·符号与旗帜 / 第 15 行	1f1f5-1f1e6.png	是	U+1F1F5 U+1F1E6	Flags	country-flag	fully-qualified	巴拿马国旗	FLAG: PA
3719	🇵🇪	旗帜	主网格	🇵🇪	Emoji·符号与旗帜 / 第 16 行	1f1f5-1f1ea.png	是	U+1F1F5 U+1F1EA	Flags	country-flag	fully-qualified	秘鲁国旗	FLAG: PE
3720	🇵🇫	旗帜	主网格	🇵🇫	Emoji·符号与旗帜 / 第 16 行	1f1f5-1f1eb.png	是	U+1F1F5 U+1F1EB	Flags	country-flag	fully-qualified	法属波利尼西亚国旗	FLAG: PF
3721	🇵🇬	旗帜	主网格	🇵🇬	Emoji·符号与旗帜 / 第 16 行	1f1f5-1f1ec.png	是	U+1F1F5 U+1F1EC	Flags	country-flag	fully-qualified	巴布亚新几内亚国旗	FLAG: PG
3722	🇵🇭	旗帜	主网格	🇵🇭	Emoji·符号与旗帜 / 第 16 行	1f1f5-1f1ed.png	是	U+1F1F5 U+1F1ED	Flags	country-flag	fully-qualified	菲律宾国旗	FLAG: PH
3723	🇵🇰	旗帜	主网格	🇵🇰	Emoji·符号与旗帜 / 第 16 行	1f1f5-1f1f0.png	是	U+1F1F5 U+1F1F0	Flags	country-flag	fully-qualified	巴基斯坦国旗	FLAG: PK
3724	🇵🇱	旗帜	主网格	🇵🇱	Emoji·符号与旗帜 / 第 16 行	1f1f5-1f1f1.png	是	U+1F1F5 U+1F1F1	Flags	country-flag	fully-qualified	波兰国旗	FLAG: PL
3725	🇵🇲	旗帜	主网格	🇵🇲	Emoji·符号与旗帜 / 第 16 行	1f1f5-1f1f2.png	是	U+1F1F5 U+1F1F2	Flags	country-flag	fully-qualified	圣皮埃尔和密克隆群岛国旗	FLAG: PM
3726	🇵🇳	旗帜	主网格	🇵🇳	Emoji·符号与旗帜 / 第 16 行	1f1f5-1f1f3.png	是	U+1F1F5 U+1F1F3	Flags	country-flag	fully-qualified	皮特凯恩群岛国旗	FLAG: PN
3727	🇵🇷	旗帜	主网格	🇵🇷	Emoji·符号与旗帜 / 第 16 行	1f1f5-1f1f7.png	是	U+1F1F5 U+1F1F7	Flags	country-flag	fully-qualified	波多黎各国旗	FLAG: PR
3728	🇵🇸	旗帜	主网格	🇵🇸	Emoji·符号与旗帜 / 第 16 行	1f1f5-1f1f8.png	是	U+1F1F5 U+1F1F8	Flags	country-flag	fully-qualified	巴勒斯坦领土国旗	FLAG: PS
3729	🇵🇹	旗帜	主网格	🇵🇹	Emoji·符号与旗帜 / 第 16 行	1f1f5-1f1f9.png	是	U+1F1F5 U+1F1F9	Flags	country-flag	fully-qualified	葡萄牙国旗	FLAG: PT
3730	🇵🇼	旗帜	主网格	🇵🇼	Emoji·符号与旗帜 / 第 16 行	1f1f5-1f1fc.png	是	U+1F1F5 U+1F1FC	Flags	country-flag	fully-qualified	帕劳国旗	FLAG: PW
3731	🇵🇾	旗帜	主网格	🇵🇾	Emoji·符号与旗帜 / 第 17 行	1f1f5-1f1fe.png	是	U+1F1F5 U+1F1FE	Flags	country-flag	fully-qualified	巴拉圭国旗	FLAG: PY
3732	🇶🇦	旗帜	主网格	🇶🇦	Emoji·符号与旗帜 / 第 17 行	1f1f6-1f1e6.png	是	U+1F1F6 U+1F1E6	Flags	country-flag	fully-qualified	卡塔尔国旗	FLAG: QA
3733	🇷🇪	旗帜	主网格	🇷🇪	Emoji·符号与旗帜 / 第 17 行	1f1f7-1f1ea.png	是	U+1F1F7 U+1F1EA	Flags	country-flag	fully-qualified	留尼汪国旗	FLAG: RE
3734	🇷🇴	旗帜	主网格	🇷🇴	Emoji·符号与旗帜 / 第 17 行	1f1f7-1f1f4.png	是	U+1F1F7 U+1F1F4	Flags	country-flag	fully-qualified	罗马尼亚国旗	FLAG: RO
3735	🇷🇸	旗帜	主网格	🇷🇸	Emoji·符号与旗帜 / 第 17 行	1f1f7-1f1f8.png	是	U+1F1F7 U+1F1F8	Flags	country-flag	fully-qualified	塞尔维亚国旗	FLAG: RS
3736	🇷🇺	旗帜	主网格	🇷🇺	Emoji·符号与旗帜 / 第 17 行	1f1f7-1f1fa.png	是	U+1F1F7 U+1F1FA	Flags	country-flag	fully-qualified	俄罗斯国旗	FLAG: RU
3737	🇷🇼	旗帜	主网格	🇷🇼	Emoji·符号与旗帜 / 第 17 行	1f1f7-1f1fc.png	是	U+1F1F7 U+1F1FC	Flags	country-flag	fully-qualified	卢旺达国旗	FLAG: RW
3738	🇸🇦	旗帜	主网格	🇸🇦	Emoji·符号与旗帜 / 第 17 行	1f1f8-1f1e6.png	是	U+1F1F8 U+1F1E6	Flags	country-flag	fully-qualified	沙特阿拉伯国旗	FLAG: SA
3739	🇸🇧	旗帜	主网格	🇸🇧	Emoji·符号与旗帜 / 第 17 行	1f1f8-1f1e7.png	是	U+1F1F8 U+1F1E7	Flags	country-flag	fully-qualified	所罗门群岛国旗	FLAG: SB
3740	🇸🇨	旗帜	主网格	🇸🇨	Emoji·符号与旗帜 / 第 17 行	1f1f8-1f1e8.png	是	U+1F1F8 U+1F1E8	Flags	country-flag	fully-qualified	塞舌尔国旗	FLAG: SC
3741	🇸🇩	旗帜	主网格	🇸🇩	Emoji·符号与旗帜 / 第 17 行	1f1f8-1f1e9.png	是	U+1F1F8 U+1F1E9	Flags	country-flag	fully-qualified	苏丹国旗	FLAG: SD
3742	🇸🇪	旗帜	主网格	🇸🇪	Emoji·符号与旗帜 / 第 17 行	1f1f8-1f1ea.png	是	U+1F1F8 U+1F1EA	Flags	country-flag	fully-qualified	瑞典国旗	FLAG: SE
3743	🇸🇬	旗帜	主网格	🇸🇬	Emoji·符号与旗帜 / 第 18 行	1f1f8-1f1ec.png	是	U+1F1F8 U+1F1EC	Flags	country-flag	fully-qualified	新加坡国旗	FLAG: SG
3744	🇸🇭	旗帜	主网格	🇸🇭	Emoji·符号与旗帜 / 第 18 行	1f1f8-1f1ed.png	是	U+1F1F8 U+1F1ED	Flags	country-flag	fully-qualified	圣赫勒拿国旗	FLAG: SH
3745	🇸🇮	旗帜	主网格	🇸🇮	Emoji·符号与旗帜 / 第 18 行	1f1f8-1f1ee.png	是	U+1F1F8 U+1F1EE	Flags	country-flag	fully-qualified	斯洛文尼亚国旗	FLAG: SI
3746	🇸🇯	旗帜	主网格	🇸🇯	Emoji·符号与旗帜 / 第 18 行	1f1f8-1f1ef.png	是	U+1F1F8 U+1F1EF	Flags	country-flag	fully-qualified	斯瓦尔巴和扬马延国旗	FLAG: SJ
3747	🇸🇰	旗帜	主网格	🇸🇰	Emoji·符号与旗帜 / 第 18 行	1f1f8-1f1f0.png	是	U+1F1F8 U+1F1F0	Flags	country-flag	fully-qualified	斯洛伐克国旗	FLAG: SK
3748	🇸🇱	旗帜	主网格	🇸🇱	Emoji·符号与旗帜 / 第 18 行	1f1f8-1f1f1.png	是	U+1F1F8 U+1F1F1	Flags	country-flag	fully-qualified	塞拉利昂国旗	FLAG: SL
3749	🇸🇲	旗帜	主网格	🇸🇲	Emoji·符号与旗帜 / 第 18 行	1f1f8-1f1f2.png	是	U+1F1F8 U+1F1F2	Flags	country-flag	fully-qualified	圣马力诺国旗	FLAG: SM
3750	🇸🇳	旗帜	主网格	🇸🇳	Emoji·符号与旗帜 / 第 18 行	1f1f8-1f1f3.png	是	U+1F1F8 U+1F1F3	Flags	country-flag	fully-qualified	塞内加尔国旗	FLAG: SN
3751	🇸🇴	旗帜	主网格	🇸🇴	Emoji·符号与旗帜 / 第 18 行	1f1f8-1f1f4.png	是	U+1F1F8 U+1F1F4	Flags	country-flag	fully-qualified	索马里国旗	FLAG: SO
3752	🇸🇷	旗帜	主网格	🇸🇷	Emoji·符号与旗帜 / 第 18 行	1f1f8-1f1f7.png	是	U+1F1F8 U+1F1F7	Flags	country-flag	fully-qualified	苏里南国旗	FLAG: SR
3753	🇸🇸	旗帜	主网格	🇸🇸	Emoji·符号与旗帜 / 第 18 行	1f1f8-1f1f8.png	是	U+1F1F8 U+1F1F8	Flags	country-flag	fully-qualified	南苏丹国旗	FLAG: SS
3754	🇸🇹	旗帜	主网格	🇸🇹	Emoji·符号与旗帜 / 第 18 行	1f1f8-1f1f9.png	是	U+1F1F8 U+1F1F9	Flags	country-flag	fully-qualified	圣多美和普林西比国旗	FLAG: ST
3755	🇸🇻	旗帜	主网格	🇸🇻	Emoji·符号与旗帜 / 第 19 行	1f1f8-1f1fb.png	是	U+1F1F8 U+1F1FB	Flags	country-flag	fully-qualified	萨尔瓦多国旗	FLAG: SV
3756	🇸🇽	旗帜	主网格	🇸🇽	Emoji·符号与旗帜 / 第 19 行	1f1f8-1f1fd.png	是	U+1F1F8 U+1F1FD	Flags	country-flag	fully-qualified	荷属圣马丁国旗	FLAG: SX
3757	🇸🇾	旗帜	主网格	🇸🇾	Emoji·符号与旗帜 / 第 19 行	1f1f8-1f1fe.png	是	U+1F1F8 U+1F1FE	Flags	country-flag	fully-qualified	叙利亚国旗	FLAG: SY
3758	🇸🇿	旗帜	主网格	🇸🇿	Emoji·符号与旗帜 / 第 19 行	1f1f8-1f1ff.png	是	U+1F1F8 U+1F1FF	Flags	country-flag	fully-qualified	斯威士兰国旗	FLAG: SZ
3759	🇹🇦	旗帜	主网格	🇹🇦	Emoji·符号与旗帜 / 第 19 行	1f1f9-1f1e6.png	是	U+1F1F9 U+1F1E6	Flags	country-flag	fully-qualified	特里斯坦-达库尼亚群岛国旗	FLAG: TA
3760	🇹🇨	旗帜	主网格	🇹🇨	Emoji·符号与旗帜 / 第 19 行	1f1f9-1f1e8.png	是	U+1F1F9 U+1F1E8	Flags	country-flag	fully-qualified	特克斯和凯科斯群岛国旗	FLAG: TC
3761	🇹🇩	旗帜	主网格	🇹🇩	Emoji·符号与旗帜 / 第 19 行	1f1f9-1f1e9.png	是	U+1F1F9 U+1F1E9	Flags	country-flag	fully-qualified	乍得国旗	FLAG: TD
3762	🇹🇫	旗帜	主网格	🇹🇫	Emoji·符号与旗帜 / 第 19 行	1f1f9-1f1eb.png	是	U+1F1F9 U+1F1EB	Flags	country-flag	fully-qualified	法属南部领地国旗	FLAG: TF
3763	🇹🇬	旗帜	主网格	🇹🇬	Emoji·符号与旗帜 / 第 19 行	1f1f9-1f1ec.png	是	U+1F1F9 U+1F1EC	Flags	country-flag	fully-qualified	多哥国旗	FLAG: TG
3764	🇹🇭	旗帜	主网格	🇹🇭	Emoji·符号与旗帜 / 第 19 行	1f1f9-1f1ed.png	是	U+1F1F9 U+1F1ED	Flags	country-flag	fully-qualified	泰国国旗	FLAG: TH
3765	🇹🇯	旗帜	主网格	🇹🇯	Emoji·符号与旗帜 / 第 19 行	1f1f9-1f1ef.png	是	U+1F1F9 U+1F1EF	Flags	country-flag	fully-qualified	塔吉克斯坦国旗	FLAG: TJ
3766	🇹🇰	旗帜	主网格	🇹🇰	Emoji·符号与旗帜 / 第 19 行	1f1f9-1f1f0.png	是	U+1F1F9 U+1F1F0	Flags	country-flag	fully-qualified	托克劳国旗	FLAG: TK
3767	🇹🇱	旗帜	主网格	🇹🇱	Emoji·符号与旗帜 / 第 20 行	1f1f9-1f1f1.png	是	U+1F1F9 U+1F1F1	Flags	country-flag	fully-qualified	东帝汶国旗	FLAG: TL
3768	🇹🇲	旗帜	主网格	🇹🇲	Emoji·符号与旗帜 / 第 20 行	1f1f9-1f1f2.png	是	U+1F1F9 U+1F1F2	Flags	country-flag	fully-qualified	土库曼斯坦国旗	FLAG: TM
3769	🇹🇳	旗帜	主网格	🇹🇳	Emoji·符号与旗帜 / 第 20 行	1f1f9-1f1f3.png	是	U+1F1F9 U+1F1F3	Flags	country-flag	fully-qualified	突尼斯国旗	FLAG: TN
3770	🇹🇴	旗帜	主网格	🇹🇴	Emoji·符号与旗帜 / 第 20 行	1f1f9-1f1f4.png	是	U+1F1F9 U+1F1F4	Flags	country-flag	fully-qualified	汤加国旗	FLAG: TO
3771	🇹🇷	旗帜	主网格	🇹🇷	Emoji·符号与旗帜 / 第 20 行	1f1f9-1f1f7.png	是	U+1F1F9 U+1F1F7	Flags	country-flag	fully-qualified	土耳其国旗	FLAG: TR
3772	🇹🇹	旗帜	主网格	🇹🇹	Emoji·符号与旗帜 / 第 20 行	1f1f9-1f1f9.png	是	U+1F1F9 U+1F1F9	Flags	country-flag	fully-qualified	特立尼达和多巴哥国旗	FLAG: TT
3773	🇹🇻	旗帜	主网格	🇹🇻	Emoji·符号与旗帜 / 第 20 行	1f1f9-1f1fb.png	是	U+1F1F9 U+1F1FB	Flags	country-flag	fully-qualified	图瓦卢国旗	FLAG: TV
3774	🇹🇼	旗帜	主网格	🇹🇼	Emoji·符号与旗帜 / 第 20 行	1f1f9-1f1fc.png	是	U+1F1F9 U+1F1FC	Flags	country-flag	fully-qualified	台湾国旗	FLAG: TW
3775	🇹🇿	旗帜	主网格	🇹🇿	Emoji·符号与旗帜 / 第 20 行	1f1f9-1f1ff.png	是	U+1F1F9 U+1F1FF	Flags	country-flag	fully-qualified	坦桑尼亚国旗	FLAG: TZ
3776	🇺🇦	旗帜	主网格	🇺🇦	Emoji·符号与旗帜 / 第 20 行	1f1fa-1f1e6.png	是	U+1F1FA U+1F1E6	Flags	country-flag	fully-qualified	乌克兰国旗	FLAG: UA
3777	🇺🇬	旗帜	主网格	🇺🇬	Emoji·符号与旗帜 / 第 20 行	1f1fa-1f1ec.png	是	U+1F1FA U+1F1EC	Flags	country-flag	fully-qualified	乌干达国旗	FLAG: UG
3778	🇺🇲	旗帜	主网格	🇺🇲	Emoji·符号与旗帜 / 第 20 行	1f1fa-1f1f2.png	是	U+1F1FA U+1F1F2	Flags	country-flag	fully-qualified	美国本土外小岛屿国旗	FLAG: UM
3779	🇺🇳	旗帜	主网格	🇺🇳	Emoji·符号与旗帜 / 第 21 行	1f1fa-1f1f3.png	是	U+1F1FA U+1F1F3	Flags	country-flag	fully-qualified	联合国国旗	FLAG: UN
3780	🇺🇸	旗帜	主网格	🇺🇸	Emoji·符号与旗帜 / 第 21 行	1f1fa-1f1f8.png	是	U+1F1FA U+1F1F8	Flags	country-flag	fully-qualified	美国国旗	FLAG: US
3781	🇺🇾	旗帜	主网格	🇺🇾	Emoji·符号与旗帜 / 第 21 行	1f1fa-1f1fe.png	是	U+1F1FA U+1F1FE	Flags	country-flag	fully-qualified	乌拉圭国旗	FLAG: UY
3782	🇺🇿	旗帜	主网格	🇺🇿	Emoji·符号与旗帜 / 第 21 行	1f1fa-1f1ff.png	是	U+1F1FA U+1F1FF	Flags	country-flag	fully-qualified	乌兹别克斯坦国旗	FLAG: UZ
3783	🇻🇦	旗帜	主网格	🇻🇦	Emoji·符号与旗帜 / 第 21 行	1f1fb-1f1e6.png	是	U+1F1FB U+1F1E6	Flags	country-flag	fully-qualified	梵蒂冈国旗	FLAG: VA
3784	🇻🇨	旗帜	主网格	🇻🇨	Emoji·符号与旗帜 / 第 21 行	1f1fb-1f1e8.png	是	U+1F1FB U+1F1E8	Flags	country-flag	fully-qualified	圣文森特和格林纳丁斯国旗	FLAG: VC
3785	🇻🇪	旗帜	主网格	🇻🇪	Emoji·符号与旗帜 / 第 21 行	1f1fb-1f1ea.png	是	U+1F1FB U+1F1EA	Flags	country-flag	fully-qualified	委内瑞拉国旗	FLAG: VE
3786	🇻🇬	旗帜	主网格	🇻🇬	Emoji·符号与旗帜 / 第 21 行	1f1fb-1f1ec.png	是	U+1F1FB U+1F1EC	Flags	country-flag	fully-qualified	英属维尔京群岛国旗	FLAG: VG
3787	🇻🇮	旗帜	主网格	🇻🇮	Emoji·符号与旗帜 / 第 21 行	1f1fb-1f1ee.png	是	U+1F1FB U+1F1EE	Flags	country-flag	fully-qualified	美属维尔京群岛国旗	FLAG: VI
3788	🇻🇳	旗帜	主网格	🇻🇳	Emoji·符号与旗帜 / 第 21 行	1f1fb-1f1f3.png	是	U+1F1FB U+1F1F3	Flags	country-flag	fully-qualified	越南国旗	FLAG: VN
3789	🇻🇺	旗帜	主网格	🇻🇺	Emoji·符号与旗帜 / 第 21 行	1f1fb-1f1fa.png	是	U+1F1FB U+1F1FA	Flags	country-flag	fully-qualified	瓦努阿图国旗	FLAG: VU
3790	🇼🇫	旗帜	主网格	🇼🇫	Emoji·符号与旗帜 / 第 21 行	1f1fc-1f1eb.png	是	U+1F1FC U+1F1EB	Flags	country-flag	fully-qualified	瓦利斯和富图纳国旗	FLAG: WF
3791	🇼🇸	旗帜	主网格	🇼🇸	Emoji·符号与旗帜 / 第 22 行	1f1fc-1f1f8.png	是	U+1F1FC U+1F1F8	Flags	country-flag	fully-qualified	萨摩亚国旗	FLAG: WS
3792	🇽🇰	旗帜	主网格	🇽🇰	Emoji·符号与旗帜 / 第 22 行	1f1fd-1f1f0.png	是	U+1F1FD U+1F1F0	Flags	country-flag	fully-qualified	科索沃国旗	FLAG: XK
3793	🇾🇪	旗帜	主网格	🇾🇪	Emoji·符号与旗帜 / 第 22 行	1f1fe-1f1ea.png	是	U+1F1FE U+1F1EA	Flags	country-flag	fully-qualified	也门国旗	FLAG: YE
3794	🇾🇹	旗帜	主网格	🇾🇹	Emoji·符号与旗帜 / 第 22 行	1f1fe-1f1f9.png	是	U+1F1FE U+1F1F9	Flags	country-flag	fully-qualified	马约特国旗	FLAG: YT
3795	🇿🇦	旗帜	主网格	🇿🇦	Emoji·符号与旗帜 / 第 22 行	1f1ff-1f1e6.png	是	U+1F1FF U+1F1E6	Flags	country-flag	fully-qualified	南非国旗	FLAG: ZA
3796	🇿🇲	旗帜	主网格	🇿🇲	Emoji·符号与旗帜 / 第 22 行	1f1ff-1f1f2.png	是	U+1F1FF U+1F1F2	Flags	country-flag	fully-qualified	赞比亚国旗	FLAG: ZM
3797	🇿🇼	旗帜	主网格	🇿🇼	Emoji·符号与旗帜 / 第 22 行	1f1ff-1f1fc.png	是	U+1F1FF U+1F1FC	Flags	country-flag	fully-qualified	津巴布韦国旗	FLAG: ZW
3798	🏴󠁧󠁢󠁥󠁮󠁧󠁿	旗帜	主网格	🏴󠁧󠁢󠁥󠁮󠁧󠁿	Emoji·符号与旗帜 / 地区旗帜（英格兰、苏格兰、威尔士）	1f3f4-e0067-e0062-e0065-e006e-e0067-e007f.png	是	U+1F3F4 U+E0067 U+E0062 U+E0065 U+E006E U+E0067 U+E007F	Flags	subdivision-flag	fully-qualified	英格兰旗帜	FLAG: ENGLAND
3799	🏴󠁧󠁢󠁳󠁣󠁴󠁿	旗帜	主网格	🏴󠁧󠁢󠁳󠁣󠁴󠁿	Emoji·符号与旗帜 / 地区旗帜（英格兰、苏格兰、威尔士）	1f3f4-e0067-e0062-e0073-e0063-e0074-e007f.png	是	U+1F3F4 U+E0067 U+E0062 U+E0073 U+E0063 U+E0074 U+E007F	Flags	subdivision-flag	fully-qualified	苏格兰旗帜	FLAG: SCOTLAND
3800	🏴󠁧󠁢󠁷󠁬󠁳󠁿	旗帜	主网格	🏴󠁧󠁢󠁷󠁬󠁳󠁿	Emoji·符号与旗帜 / 地区旗帜（英格兰、苏格兰、威尔士）	1f3f4-e0067-e0062-e0077-e006c-e0073-e007f.png	是	U+1F3F4 U+E0067 U+E0062 U+E0077 U+E006C U+E0073 U+E007F	Flags	subdivision-flag	fully-qualified	威尔士旗帜	FLAG: WALES
3801	🇦	旗帜	主网格	🇦	Emoji·符号与旗帜 / 标志与其他	1f1e6.png	是	U+1F1E6	Flags	regional-indicator-component	catalog-component	RegionalIndicator符号字母A	REGIONAL INDICATOR SYMBOL LETTER A
3802	🇧	旗帜	主网格	🇧	Emoji·符号与旗帜 / 标志与其他	1f1e7.png	是	U+1F1E7	Flags	regional-indicator-component	catalog-component	RegionalIndicator符号字母B	REGIONAL INDICATOR SYMBOL LETTER B
3803	🇨	旗帜	主网格	🇨	Emoji·符号与旗帜 / 标志与其他	1f1e8.png	是	U+1F1E8	Flags	regional-indicator-component	catalog-component	RegionalIndicator符号字母C	REGIONAL INDICATOR SYMBOL LETTER C
3804	🇩	旗帜	主网格	🇩	Emoji·符号与旗帜 / 标志与其他	1f1e9.png	是	U+1F1E9	Flags	regional-indicator-component	catalog-component	RegionalIndicator符号字母D	REGIONAL INDICATOR SYMBOL LETTER D
3805	🇪	旗帜	主网格	🇪	Emoji·符号与旗帜 / 标志与其他	1f1ea.png	是	U+1F1EA	Flags	regional-indicator-component	catalog-component	RegionalIndicator符号字母E	REGIONAL INDICATOR SYMBOL LETTER E
3806	🇫	旗帜	主网格	🇫	Emoji·符号与旗帜 / 标志与其他	1f1eb.png	是	U+1F1EB	Flags	regional-indicator-component	catalog-component	RegionalIndicator符号字母F	REGIONAL INDICATOR SYMBOL LETTER F
3807	🇬	旗帜	主网格	🇬	Emoji·符号与旗帜 / 标志与其他	1f1ec.png	是	U+1F1EC	Flags	regional-indicator-component	catalog-component	RegionalIndicator符号字母G	REGIONAL INDICATOR SYMBOL LETTER G
3808	🇭	旗帜	主网格	🇭	Emoji·符号与旗帜 / 标志与其他	1f1ed.png	是	U+1F1ED	Flags	regional-indicator-component	catalog-component	RegionalIndicator符号字母H	REGIONAL INDICATOR SYMBOL LETTER H
3809	🇮	旗帜	主网格	🇮	Emoji·符号与旗帜 / 标志与其他	1f1ee.png	是	U+1F1EE	Flags	regional-indicator-component	catalog-component	RegionalIndicator符号字母I	REGIONAL INDICATOR SYMBOL LETTER I
3810	🇯	旗帜	主网格	🇯	Emoji·符号与旗帜 / 标志与其他	1f1ef.png	是	U+1F1EF	Flags	regional-indicator-component	catalog-component	RegionalIndicator符号字母J	REGIONAL INDICATOR SYMBOL LETTER J
3811	🇰	旗帜	主网格	🇰	Emoji·符号与旗帜 / 标志与其他	1f1f0.png	是	U+1F1F0	Flags	regional-indicator-component	catalog-component	RegionalIndicator符号字母K	REGIONAL INDICATOR SYMBOL LETTER K
3812	🇱	旗帜	主网格	🇱	Emoji·符号与旗帜 / 标志与其他	1f1f1.png	是	U+1F1F1	Flags	regional-indicator-component	catalog-component	RegionalIndicator符号字母L	REGIONAL INDICATOR SYMBOL LETTER L
3813	🇲	旗帜	主网格	🇲	Emoji·符号与旗帜 / 第 27 行	1f1f2.png	是	U+1F1F2	Flags	regional-indicator-component	catalog-component	RegionalIndicator符号字母M	REGIONAL INDICATOR SYMBOL LETTER M
3814	🇳	旗帜	主网格	🇳	Emoji·符号与旗帜 / 第 27 行	1f1f3.png	是	U+1F1F3	Flags	regional-indicator-component	catalog-component	RegionalIndicator符号字母N	REGIONAL INDICATOR SYMBOL LETTER N
3815	🇴	旗帜	主网格	🇴	Emoji·符号与旗帜 / 第 27 行	1f1f4.png	是	U+1F1F4	Flags	regional-indicator-component	catalog-component	RegionalIndicator符号字母O	REGIONAL INDICATOR SYMBOL LETTER O
3816	🇵	旗帜	主网格	🇵	Emoji·符号与旗帜 / 第 27 行	1f1f5.png	是	U+1F1F5	Flags	regional-indicator-component	catalog-component	RegionalIndicator符号字母P	REGIONAL INDICATOR SYMBOL LETTER P
3817	🇶	旗帜	主网格	🇶	Emoji·符号与旗帜 / 第 27 行	1f1f6.png	是	U+1F1F6	Flags	regional-indicator-component	catalog-component	RegionalIndicator符号字母Q	REGIONAL INDICATOR SYMBOL LETTER Q
3818	🇷	旗帜	主网格	🇷	Emoji·符号与旗帜 / 第 27 行	1f1f7.png	是	U+1F1F7	Flags	regional-indicator-component	catalog-component	RegionalIndicator符号字母R	REGIONAL INDICATOR SYMBOL LETTER R
3819	🇸	旗帜	主网格	🇸	Emoji·符号与旗帜 / 第 27 行	1f1f8.png	是	U+1F1F8	Flags	regional-indicator-component	catalog-component	RegionalIndicator符号字母S	REGIONAL INDICATOR SYMBOL LETTER S
3820	🇹	旗帜	主网格	🇹	Emoji·符号与旗帜 / 第 27 行	1f1f9.png	是	U+1F1F9	Flags	regional-indicator-component	catalog-component	RegionalIndicator符号字母T	REGIONAL INDICATOR SYMBOL LETTER T
3821	🇺	旗帜	主网格	🇺	Emoji·符号与旗帜 / 第 27 行	1f1fa.png	是	U+1F1FA	Flags	regional-indicator-component	catalog-component	RegionalIndicator符号字母U	REGIONAL INDICATOR SYMBOL LETTER U
3822	🇻	旗帜	主网格	🇻	Emoji·符号与旗帜 / 第 27 行	1f1fb.png	是	U+1F1FB	Flags	regional-indicator-component	catalog-component	RegionalIndicator符号字母V	REGIONAL INDICATOR SYMBOL LETTER V
3823	🇼	旗帜	主网格	🇼	Emoji·符号与旗帜 / 第 27 行	1f1fc.png	是	U+1F1FC	Flags	regional-indicator-component	catalog-component	RegionalIndicator符号字母W	REGIONAL INDICATOR SYMBOL LETTER W
3824	🇽	旗帜	主网格	🇽	Emoji·符号与旗帜 / 第 27 行	1f1fd.png	是	U+1F1FD	Flags	regional-indicator-component	catalog-component	RegionalIndicator符号字母X	REGIONAL INDICATOR SYMBOL LETTER X
3825	🇾	旗帜	主网格	🇾	Emoji·符号与旗帜 / 第 28 行	1f1fe.png	是	U+1F1FE	Flags	regional-indicator-component	catalog-component	RegionalIndicator符号字母Y	REGIONAL INDICATOR SYMBOL LETTER Y
3826	🇿	旗帜	主网格	🇿	Emoji·符号与旗帜 / 第 28 行	1f1ff.png	是	U+1F1FF	Flags	regional-indicator-component	catalog-component	RegionalIndicator符号字母Z	REGIONAL INDICATOR SYMBOL LETTER Z
